pmid	title	abstract	accessions_in_title_abstract	mentions_transcriptomic_assay	mentions_public_data
16198337	Downregulation of vascular endothelial growth factor and integrinbeta3 by endostatin in a mouse model of retinal neovascularization.	Retinal neovascularization is among the leading causes of vision impairment throughout the world. Intraocular expression of vascular endothelial growth factor (VEGF), an angiogenic protein, and integrins, a group of cell adhesion molecules, is closely correlated with neovascularization in such neovascular diseases. The purpose of this study is to determine the effect of endostatin, a potent anti-angiogenic factor, on gene expression of vascular endothelial growth factor (VEGF) and integrinbeta3 in a mouse model of oxygen-induced retinopathy. C57BL/6 mice were given intravitreous injections of 1.0 microg endostatin at P12. At P17, retinal VEGF and integrinbeta3 mRNA levels were measured by real-time quantitative PCR in the hyperoxia mice and in the endostatin-treated mice. Analysis of 12 separate experiments revealed a 3.5-fold decrease in VEGF levels between hyperoxia mice and endostatin-treated mice (p<0.01) and a 2.5-fold decrease in integrinbeta3 levels between hyperoxia mice and endostatin-treated mice (p<0.01). These data suggest that intraocular expression of VEGF and integrinbeta3 mRNA is down-regulated by endostatin, which may provide a new therapeutic approach for ocular neovascularization.		True	False
16259558	Adeno-associated virus-mediated expression of vascular endothelial growth factor peptides inhibits retinal neovascularization in a mouse model of oxygen-induced retinopathy.	Vascular endothelial growth factor (VEGF) has been demonstrated to be a key stimulator of retinal neovascularization (NV), the most common cause of severe and progressive vision loss. In this study, we used a mouse model of oxygen-induced retinopathy (OIR) to explore the potential of gene expression and secretion of short VEGF peptides as a treatment. Peptide-encoding fragments of exons 6 and 7 of the VEGF gene were cloned into a recombinant adeno-associated virus (rAAV) vector. Expression of each peptide in vector-injected eyes was confirmed by reverse transcription-polymerase chain reaction and Western blot analysis. Intravitreal injection of each rAAV vector inhibited retinal NV by 71-83% (p < 0.001) compared with contralateral control eyes in the OIR mouse. Injection and expression of these peptides did not seem to affect the normal appearance of the retina. The results demonstrated that exon 6- and 7-derived VEGF peptides effectively inhibited oxygen-induced retinal NV. Therefore, these VEGF peptides have potential in the treatment of angiogenesis-associated retinal diseases in humans.		True	False
17065527	Pathological but not physiological retinal neovascularization is altered in TNF-Rp55-receptor-deficient mice.	Tumor necrosis factor (TNF)-alpha is one of the major cytokines in inflammation and apoptosis. It has been demonstrated that inhibition of TNFalpha can reduce leukocyte adhesion, vascular leakage, and apoptotic endothelial cell death in diabetes. This study was conducted to investigate the effect of TNF-Rp55 and TNF-Rp75 on retinal development in oxygen-induced retinopathy. TNF-Rp55- and TNF-Rp75-deficient mice, as well as their respective wild-type controls, were exposed to 75% oxygen from postnatal day P7 to P12. Retinal vascularization was investigated in flatmount preparations after concanavalin A labeling of endothelial cells on days P6, P14, P17, and P20. Retinal mRNA expression of VEGF, angiopoietin-1 and -2, and PDGF was examined at days P14 and P20. TNF-Rp55- and TNF-Rp75-deficient mice demonstrated similar retinal development and vascularization under normoxic conditions. In comparison to wild-type mice, the vascularized area remained stable during the observation time, although the gene expression of VEGF, angiopoietin (ang)-1 and -2, and PDGFb changed. Compared with that in the wild type mice, the relative expression of VEGF, ang-1, ang-2, and PDGFb changed 5.14-, 1.7-, 0.39-, and 0.36-fold in Rp55(-/-) mice and 4.1-, 9.5 x 10(-5)-, 0.12-, and 2975-fold in Rp75(-/-) mice, respectively. Treatment with oxygen resulted in a significantly reduced vascularization in Rp55(-/-) but not Rp75(-/-) mice on postnatal day (P)20. Inhibition of TNFalpha via TNF-Rp55 can alter retinal development and angiogenesis in a model of oxygen-induced retinopathy. The data underscore the potential effectiveness of TNF-inhibitory treatments as modulators in oxygen-induced retinopathy.		True	False
17685494	Helper-dependent adenovirus for the gene therapy of proliferative retinopathies: stable gene transfer, regulated gene expression and therapeutic efficacy.	Ocular neovascular disorders, such as diabetic retinopathy and age-related macular degeneration, are the principal causes of blindness in developed countries. Current treatments are of limited efficacy, whereas a therapy based on intraocular gene transfer of angiostatic factors represents a promising alternative. For the first time we have explored the potential of helper-dependent adenovirus (HD-Ad), the last generation of Ad vectors, in the therapy of retinal neovascularization. We first analyzed efficiency and stability of intraretinal gene transfer following intravitreous injection in mice. A HD-Ad vector expressing green fluorescent protein (GFP) under the control of the cytomegalovirus (CMV) promoter (HD-Ad/GFP) was compared with a first-generation (E1/E3-deleted) Ad vector carrying an identical GFP expression cassette (FG-Ad/GFP). We also constructed HD-Ad vectors expressing a soluble form of the VEGF receptor (sFlt-1) in a constitutive (HD-Ad/sFlt-1) or doxycycline (dox)-inducible (HD-Ad/S-M2/sFlt-1) manner and tested their therapeutic efficacy upon intravitreous delivery in a rat model of oxygen-induced retinopathy (OIR). HD-Ad/GFP promoted long-lasting (up to 1 year) transgene expression in retinal Müller cells, in marked contrast with the short-term expression observed with FG-Ad/GFP. Intravitreous injection of HD-Ad vectors expressing sFlt-1 resulted in detectable levels of sFlt-1 and inhibited retinal neovascularization by more than 60% in a rat model of OIR. Notably, the therapeutic efficacy of the inducible vector HD-Ad/S-M2/sFlt-1 was strictly dox-dependent. HD-Ad vectors enable stable gene transfer and regulated expression of angiostatic factors following intravitreous injection and thus are attractive vehicles for the gene therapy of neovascular diseases of the retina.		True	False
18838407	Comprehensive gene-expression profile in murine oxygen-induced retinopathy.	To investigate the correlation between the clinical course and gene-expression pattern in murine oxygen-induced retinopathy (OIR), a commonly used model of retinopathy of prematurity (ROP). OIR was induced in C57BL/6N mice by placing postnatal day 7 (P7) pups in 75% oxygen for 5 days. The clinical course of the OIR was evaluated on retinal flat-mounts after fluorescein isothiocyanate-conjugated dextran perfusion from P12 to P21. The expression values of 94 genes, selected by microarray analyses, were determined daily from P12 through P21 by RT-PCR with TaqMan low-density array (TLDA) and analysed by hierarchical clustering. TLDA cluster analyses showed a homology of gene-expression pattern between P12 and P13 and between P16 and P17. Many genes associated with inflammation were upregulated on P12 and P13 when the degree of both central avascular area and central vasoconstriction were maximal, and the upregulation of the genes continued to P21. At P16 and P17 when extraretinal neovascularisation became most noticeable, several genes associated with angiogenesis, for example, vascular endothelial growth factor-A and angiopoietin-2, were most upregulated. The gene-expression pattern was well correlated with the clinical appearance in murine OIR. These findings should contribute to the understanding of the pathological conditions in ROP.		True	False
19718802	N-hydroxy-7-(2-naphthylthio) heptanomide inhibits retinal and choroidal angiogenesis.	Histone deacetylase (HDAC) is a key enzyme regulating gene expression, including angiogenic cytokine expression. We have previously identified a novel synthetic HDAC inhibitor, known as N-hydroxy-7-(2-naphthylthio) heptanomide (HNHA), with antitumor properties. Here, we investigated the antiangiogenic properties of this small synthetic molecule both in vitro and in vivo. HNHA inhibited nuclear HDAC enzyme activity in human umbilical endothelial cells (HUVECs), an effect accompanied by histone hyperacetylation, p21 upregulation, and cell cycle arrest. HNHA also inhibited vascular endothelial growth factor-induced tube formation and migration of HUVECs, in the absence of any detectable cellular toxicity. Intravitreous injection of HNHA into mice inhibited retinal neovascularization associated with oxygen-induced retinopathy (OIR) and laser-induced choroidal neovascularization (CNV), as determined through fluorescence angiography and vessel counting. Retinas from HNHA-treated animals had a normal histological appearance without any detectable increase in terminal deoxynucleotidyl transferase-mediated dUTP nick-end labeling-positive cells, showing that this compound did not induce retinal toxicity. These findings indicate that HNHA has direct antiangiogenic effects and may be an effective strategy for inhibiting the pathological retinal and choroidal neovascularization underlying blinding eye diseases.		True	False
19834031	Identification of genes and pathways involved in retinal neovascularization by microarray analysis of two animal models of retinal angiogenesis.	Comparative retinal gene expression analysis in two rodent models of oxygen-induced retinopathy (OIR) was performed to identify the genes and pathways involved in retinal neovascularization. Three independent experimental runs were conducted for each species, according to standard protocols for induction of OIR. Total retinal RNA was isolated at two time points, corresponding to the early response to relative hypoxia (P13 in mouse, P15 in rat) and to the later phase of maximum retinal neovascularization (P18 in mouse, P20 in rat) and was used to prepare labeled probes for hybridization. Gene expression was compared between normal and experimental conditions for each species at each time point. Probesets with a false-discovery rate of <or=0.05 were considered significantly different and were classified as cellular functions or biological pathways. Changes in expression of selected genes were confirmed by quantitative rtPCR. At the early time point, there were changes in 43 genes in each species, with two in common. Increased expression of members of the VEGF and ephrin receptor signaling pathways were identified in both models. At the later time point, there were changes in 26 genes in the rat and in 1622 in the mouse, with 13 in common. Four pathways were identified in both models. Genes and pathways known to be involved in angiogenesis, as well as other biologically plausible genes and pathways, were identified. This work serves as a comprehensive resource for the study of retinal neovascularization and identification of potential rational targets for antiangiogenic therapy.		True	False
20220049	Gene expression profile of hyperoxic and hypoxic retinas in a mouse model of oxygen-induced retinopathy.	To determine a profile of gene expression in retinas of a murine model of oxygen-induced retinopathy (OIR). OIR was induced in C57BL/6N mice by exposing postnatal day (P)7 pups to 75% oxygen for 5 days and then returning them to room air at P12. Gene microarrays containing more than 47,000 transcripts were used to study the changes in gene expression in retinas isolated immediately (P12) and at 12 hours (P12.5) after exposure to hyperoxia. The retinas of P12 mice raised under normoxic conditions served as control subjects. Quantitative RT-PCR and multiplex ELISA were performed to validate the microarray analyses. The expression of 83 gene transcripts was significantly altered in the hyperoxic P12 retinas. These genes were classified as cellular components or were associated with development, metabolism, transport, stress response, cell adhesion, inflammation, or vision. The genes related to retinal growth, such as Pdgfb and Robo4, which are associated with vascular development, were downregulated. In contrast, the expression levels of 95 genes were significantly altered in the hypoxic P12.5 retinas, which contained several known hypoxia-regulated genes including Vegfa and Hif1a. The differentially expressed genes were broadly clustered into the development, inflammation, metabolism, signaling, antiapoptosis, cellular component, transport, glycolysis, and vision groups. Those associated with organogenesis (e.g., Vegfa, Igfbp3, Tnfrsf12a, and Nestin) and to inflammation (e.g., Ccl3, Ccl4, and MHCs) were upregulated. The results of quantitative RT-PCR and multiplex ELISA were in agreement with the microarray data. These alterations in gene expression may determine the hyperoxic growth retardation, postischemic inflammation, neovascularization, and remodeling in retinas of murine OIR.		True	False
20610844	Genetic inactivation of the adenosine A2A receptor attenuates pathologic but not developmental angiogenesis in the mouse retina.	The adenosine A(2A) receptor (A(2A)R) modulates normal vascularization and pathologic angiogenesis in many tissues and may contribute to the pathogenesis of retinopathy of prematurity (ROP) characterized by abnormal retinal vascularization in surviving premature infants. Here, the authors studied the effects of the genetic inactivation of A(2A)R on normal retinal vascularization and the development of pathologic angiogenesis in oxygen-induced retinopathy (OIR), an animal model of ROP. After exposure to 75% oxygen for 5 days (postnatal day [P] 7-P12) and subsequently to room air for the next 9 days (P13-P21), we evaluated retinal vascular morphology by ADPase staining in retinal whole mounts, retinal neovascularization response by histochemistry in serial retinal sections, and retinal VEGF gene expression by real-time PCR analysis in A(2A)R knockout (KO) mice and their wild-type (WT) littermates. At P17, A(2A)R KO mice displayed attenuated OIR compared with WT littermates, as evidenced by reduced vaso-obliteration and areas of nonperfusion in the center of the retina, reduced pathologic angiogenesis as evident by decreased non-ganglion cells and neovascular nuclei, and inhibited hypoxia-induced retinal VEGF gene expression. Notably, the attenuation of pathologic angiogenesis by A(2A)R inactivation was selective for OIR because it did not affect normal retinal vascularization during postnatal development. These findings provide the first evidence that A(2A)R is critical for the development of OIR and suggest a novel therapeutic approach of A(2A)R inactivation for ROP by selectively targeting pathologic but not developmental angiogenesis in the retina.		True	False
21414312	Inhibition of hypoxia-induced retinal neovascularization in mice with short hairpin RNA targeting Rac1, possibly via blockading redox signaling.	NADPH oxidase-derived reactive oxygen species are involved in angiogenesis in vitro and regulated by ras-related C3 botulinum toxin substrate 1 (Rac1). This study has employed vector-based short hairpin RNA targeting Rac1 (Rac1-shRNA) to investigate the inhibitory effect on hypoxia-induced retinal neovascularization (RN) in vivo and the underlying mechanism. pSUPER-Rac1-shRNA was intravitreally injected into the mouse model of oxygen-induced retinopathy. RN was evaluated by FITC-dextran angiography and quantitated histologically. Expressions of Rac1, nuclear factor kappa B (NF-κB) subunit p65, hypoxia-inducible factor-1 alpha (HIF-1α), and vascular endothelial growth factor (VEGF) were determined by real-time quantitative RT-PCR and western blotting. After intravitreal administration of pSUPER-Rac1-shRNA, retinal Rac1 gene expression was reduced by 72% at postnatal day 17 (P17). Retinal flat mount and quantification of the neovascular nuclei demonstrated that RN was significantly inhibited. Meanwhile, the expression levels of NF-κB and HIF-1α, the redox-dependent transcription factors, were significantly downregulated. HIF-1α and its downstream gene VEGF were found to be significantly decreased at both transcriptional and translational levels. Our findings not only suggest that Rac1 may be involved in the process of RN in mouse oxygen-induced retinopathy via regulating the redox signaling, but may also provide a novel therapeutic target for hypoxia-induced retinal neovascular diseases.		True	False
21731737	Blockade of VEGFR1 and 2 suppresses pathological angiogenesis and vascular leakage in the eye.	VEGFR1 and 2 signaling have both been increasingly shown to mediate complications of ischemic retinopathies, including retinopathy of prematurity (ROP), age-related macular degeneration (AMD), and diabetic retinopathy (DR). This study evaluates the effects of blocking VEGFR1 and 2 on pathological angiogenesis and vascular leakage in ischemic retinopathy in a model of ROP and in choroidal neovascularization (CNV) in a model of AMD. Neutralizing antibodies specific for mouse VEGFR1 (MF1) and VEGFR2 (DC101) were administrated systemically. CNV was induced by laser photocoagulation and assessed 14d after laser treatment. Retinal NV was generated in oxygen-induced ischemic retinopathy (OIR) and assessed at p17. NV quantification was determined by measuring NV tufts and vascular leakage was quantified by measuring [(3)H]-mannitol leakage from blood vessels into the retina. Gene expression was measured by real-time quantitative (Q)PCR. VEGFR1 and VEGFR2 expressions were up-regulated during CNV pathogenesis. Both MF1 and DC101 significantly suppressed CNV at 50 mg/kg: DC101 suppressed CNV by 73±5% (p<0.0001) and MF1 by 64±6% (p = 0.0002) in a dosage-dependent manner. The combination of MF1 and DC101 enhanced the inhibitory efficacy and resulted in an accumulation of retinal microglia at the CNV lesion. Similarly, both MF1 and DC101 significantly suppressed retinal NV in OIR at 50 mg/kg: DC101 suppressed retinal NV by 54±8% (p = 0.013) and MF1 by 50±7% (p<0.0002). MF1 was even more effective at inhibiting ischemia-induced BRB breakdown than DC101: the retina/lung leakage ratio for MF1 was reduced by 73±24%, p = 0.001 and for DC101 by 12±4%, p = 0.003. The retina/renal leakage ratio for MF1 was reduced by 52±28%, p = 0.009 and for DC101 by 13±4%, p = 0.001. Our study provides further evidence that both VEGFR1 and 2 mediate pathological angiogenesis and vascular leakage in these models of ocular disease and suggests that antagonist antibodies to these receptor tyrosine kinases (RTKs) are potential therapeutic agents.		True	False
21912378	Bone marrow-derived monocyte lineage cells recruited by MIP-1β promote physiological revascularization in mouse model of oxygen-induced retinopathy.	Recent clinical observations have indicated that vascular endothelial growth factor (VEGF) is a key factor that stimulates the development of preretinal pathological neovascularization (NV). However, it has not been established how intraretinal physiological revascularization of hypoxic avascular areas is regulated. Our earlier study on the gene expression profile of hypoxic retinas in a mouse model of oxygen-induced retinopathy (OIR) showed that macrophage inflammatory protein-1β (MIP-1β) was the most upregulated protein. The purpose of this study was to investigate the role played by MIP-1β in recruiting bone marrow-derived monocyte lineage cells (BM-MLCs) in a mouse model of OIR. Our results showed that MIP-1β was upregulated, and its receptor, CCR5, was expressed in BM-MLCs in the hypoxic inner retina. Neutralizing Ab against MIP-1β reduced the infiltration of BM-MLCs into the OIR retinas and increased the avascular area and preretinal neovascular tufts. A very strong significant correlation was found between the area of the preretinal neovascular tufts and the avascular area, regardless of the extent of BM-MLC infiltration into the OIR retinas. Additional treatment with VEGF-A-neutralizing Ab showed that the MIP-1β-regulated pathological NV strongly depended on VEGF-A, which was probably secreted by the hypoxic avascular retinas. These results indicate that MIP-1β is involved in the recruitment of BM-MLCs, which have a significant role in the physiological revascularization of hypoxic avascular retinas. Overall, these findings indicate that the MIP-1β induction of BM-MLCs might possibly be used to promote intraretinal revascularization and thus prevent the abnormal NV in ischemic vision-threatening retinal diseases.		True	False
22491401	Propranolol inhibition of β-adrenergic receptor does not suppress pathologic neovascularization in oxygen-induced retinopathy.	Retinopathy of prematurity (ROP) is a leading cause of blindness in children and is, in its most severe form, characterized by uncontrolled growth of vision-threatening pathologic vessels. Propranolol, a nonselective β-adrenergic receptor blocker, was reported to protect against pathologic retinal neovascularization in a mouse model of oxygen-induced retinopathy (OIR). Based on this single animal study using nonstandard evaluation of retinopathy, clinical trials are currently ongoing to evaluate propranolol treatment in stage 2 ROP patients who tend to experience spontaneous disease regression and are at low risk of blindness. Because these ROP patients are vulnerable premature infants who are still in a fragile state of incomplete development, the efficacy of propranolol treatment in retinopathy needs to be evaluated thoroughly in preclinical animal models of retinopathy and potential benefits weighed against potential adverse effects. Retinopathy was induced by exposing neonatal mice to 75% oxygen from postnatal day (P) 7 to P12. Three routes of propranolol treatment were assessed from P12 to P16: oral gavage, intraperitoneal injection, or subcutaneous injection, with doses varying between 2 and 60 mg/kg/day. At P17, retinal flatmounts were stained with isolectin and quantified with a standard protocol to measure vasoobliteration and pathologic neovascularization. Retinal gene expression was analyzed with qRT-PCR using RNA isolated from retinas of control and propranolol-treated pups. None of the treatment approaches at any dose of propranolol (up to 60 mg/kg/day) were effective in preventing the development of retinopathy in a mouse model of OIR, evaluated using standard techniques. Propranolol treatment also did not change retinal expression of angiogenic factors including vascular endothelial growth factor. Propranolol treatment via three routes and up to 30 times the standard human dose failed to suppress retinopathy development in mice. These data bring into question whether propranolol through inhibition of β-adrenergic receptors is an appropriate therapeutic approach for treating ROP.		True	False
22714897	β-LGND2, an ERβ selective agonist, inhibits pathologic retinal neovascularization.	The goal of our study was to evaluate the in vitro and in vivo anti-angiogenic effects of ERβ selective agonist, β-LGND2, using human retinal microvascular endothelial cell (HRMVEC) cultures and a mouse model for oxygen-induced retinopathy (OIR). The selectivity of β-LGND2 was determined using binding and transactivation assays. The effects of β-LGND2 on pathologic neovascularization were evaluated in OIR mice by histology and retinal mounts stained with isolectin B4 to quantify aberrant angiogenesis. Gene expression and protein levels were evaluated using Q-PCR, angiogenesis protein array, and Western blotting. A cell death detection ELISA kit was used to evaluate HRMVECs following hypoxic and hyperoxic conditions. In vitro angiogenesis was evaluated by growth factor-induced proliferation, tube formation, and cell migration assays. β-LGND2-treated OIR mice had a reduced number of neovascular tufts compared to vehicle-treated animals and a significant amount of normal blood vessel maturation similar to normoxia controls. β-LGND2 inhibited in vitro hypoxia- or hyperoxia-induced cell death and the formation of endothelial tubular structures in an ERβ-specific mechanism. However, β-LGND2 did not inhibit significantly growth factor-induced HRMVEC proliferation and migration. Gene and protein studies revealed that OIR mice treated with β-LGND2 had lower levels of pro-angiogenic factors, like VEGF and HIF1α. β-LGND2 inhibited in vitro and in vivo pathologic neovascularization in the retina in an ERβ-specific mechanism. These results show that β-LGND2, a non-steroidal ERβ selective agonist, could be a useful therapeutic for ocular diseases involving aberrant angiogenesis, like ROP, wet-AMD, and diabetic retinopathy.		True	False
23048035	Connective tissue growth factor regulates retinal neovascularization through p53 protein-dependent transactivation of the matrix metalloproteinase (MMP)-2 gene.	The role of connective tissue growth factor (CTGF/CCN2) in pathological angiogenesis in the retina is unknown. CTGF/CCN2 stimulates retinal neovascularization through transactivation of p53 target genes such as matrix metalloproteinase (MMP)-2. CTGF/CCN2 effects on abnormal vessel formation in the retina are mediated by p53 and MMP-2. CTGF/CCN2 and its downstream effectors are potential targets in the development of new antiangiogenic treatments. Pathological angiogenesis in the retina is driven by dysregulation of hypoxia-driven stimuli that coordinate physiological vessel growth. How the various components of the neovascularization signaling network are integrated to yield pathological changes has not been defined. Connective tissue growth factor (CTGF/CCN2) is an inducible matricellular protein that plays a major role in fibroproliferative disorders. Here, we show that CTGF/CCN2 was dynamically expressed in the developing murine retinal vasculature and was abnormally increased and localized within neovascular tufts in the mouse eye with oxygen-induced retinopathy. Consistent with its propitious vascular localization, ectopic expression of the CTGF/CCN2 gene further accelerated neovascularization, whereas lentivirus-mediated loss-of-function or -expression of CTGF/CCN2 harnessed ischemia-induced neovessel outgrowth in oxygen-induced retinopathy mice. The neovascular effects of CTGF/CCN2 were mediated, at least in part, through increased expression and activity of matrix metalloproteinase (MMP)-2, which drives vascular remodeling through degradation of matrix and non matrix proteins, migration and invasion of endothelial cells, and formation of new vascular patterns. In cultured cells, CTGF/CCN2 activated the MMP-2 promoter through increased expression and tethering of the p53 transcription factor to a highly conserved p53-binding sequence within the MMP-2 promoter. Concordantly, the neovascular effects of CTGF/CCN2 were suppressed by p53 inhibition that culminated in reduced enrichment of the MMP-2 promoter with p53 and decreased MMP-2 gene expression. Our data identified new gene targets and downstream effectors of CTGF/CCN2 and provided the rational basis for targeting the p53 pathway to curtail the effects of CTGF/CCN2 on neovessel formation associated with ischemic retinopathy.		True	False
23592914	Profiling of genes associated with the murine model of oxygen-induced retinopathy.	To compare the clinical features and gene expression patterns of the physiologic development of retinal vessels and oxygen-induced retinopathy (OIR) in a mouse model, with the aim of identifying differential regulators of physiologic and pathological angiogenesis in the retina. C57BL/6J mice were used. Seven-day-old pups were subjected to OIR induction following the standard protocols of entering a hyperoxic chamber on day 7 (P7) and returning to a normoxic condition (relative hypoxia) on day 12 (P12). The retinal vasculatures in the OIR model 24 h (P8-O) or 5 days (P12-O) after switching to the hyperoxic environment and 24 h (P13-O) after returning to normoxic conditions were evaluated with retinal flat mounts and compared with those of age-matched controls (i.e., P8-N, P12-N, P13-N). Gene expression profiling was performed using Phalanx Mouse Whole Genome OneArray microarrays. Normal 9-day-old mice were considered representative of physiologic angiogenesis and compared with 30-day-old mice. A bioinformatics analysis was performed on differentially expressed genes using various comparisons, and real-time reverse-transcription PCR was used to confirm the changes in the genes of interest. The sequential orders and patterns of vasculature development in normal mice and the OIR models were significantly different. In brief, in the early days (P1 to P7) for normal mice, retinal vessels grew from the optic disc into the non-vascularized retina in a radial fashion. In the hyperoxic stage of the OIR model, the main central retina became devoid of a vascular network, and when the mice returned to the normoxic room, the vessels grew from peripheral perfused areas toward the center of the retina, but the development of intermediate and deep layers of vasculature was significantly delayed. Gene profiling at three critical time points (P8, P12, and P13) showed that 162 probes were upregulated to ≥1.5-fold or downregulated to ≤0.67-fold at one or more time points in the OIR model compared to the controls. In the 45 upregulated genes for the P8-O/P8-N group, enriched genes were mainly related to cytoskeleton formation, whereas the 62 upregulated genes for P13-O/P13-N participated in various pathological processes. In the physiologic conditions on P9, however, 135 genes were upregulated compared with P30; the gap junction and Fc gamma R-mediated phagocytosis were the two main enriched pathways for these genes. Fifty-three probes, including vascular endothelium growth factor A, annexin A2, and endothelin 2, changed at P13-O but not at P9-N, and these changed genes might reflect the modulation of pathological neovascularization. Angiogenesis in physiologic and pathological conditions is characterized by the differential presentation of vasculature and gene expression patterns. Investigation of those genes unique to the OIR model may help develop new strategies and therapies for intervening in retinal neovascularization.		True	False
23798676	Degradome products of the matricellular protein CCN1 as modulators of pathological angiogenesis in the retina.	CCN1 is a matricellular protein involved in normal vascular development and tissue repair. CCN1 exhibits cell- and context-dependent activities that are reflective of its tetramodular structure phylogenetically linked to four domains found in various matrix proteins. Here, we show that vitreal fluids from patients with proliferative diabetic retinopathy (PDR) were enriched with a two-module form of CCN1 comprising completely or partially the insulin-like growth factor-binding protein (IGFBP) and von Willebrand factor type C (vWC) domains. The two- and three-module forms comprising, in addition to IGFBP and vWC, the thrombospondin type 1 (TSP1) repeats are CCN1 degradome products by matrix metalloproteinase-2 and -14. The functional significance of CCN1 and its truncated variants was determined in the mouse model of oxygen-induced retinopathy, which simulates neovascular growth associated with PDR and assesses treatment outcomes. In this model, lentivirus-mediated expression of either CCN1 or the IGFBP-vWC-TSP1 form reduced ischemia-induced neovascularization, whereas ectopic expression of the IGFBP-vWC variant exacerbated pathological angiogenesis. The IGFBP-vWC form has potent proangiogenic properties promoting retinal endothelial cell growth, migration, and three-dimensional tubular structure formation, whereas the IGFBP-vWC-TSP1 variant suppressed cell growth and angiogenic gene expression. Both IGFBP-vWC and IGFBP-vWC-TSP1 forms exhibited predictable variations of their domain folding that enhanced their functional potential. These data provide new insights into the formation and activities of CCN1-truncated variants and raise the predictive value of the form containing completely or partially the IGFBP and vWC domains as a surrogate marker of CCN1 activity in PDR distinguishing pathological from physiological angiogenesis.		True	False
23942974	Modulation of angiogenesis by genetic manipulation of ATF4 in mouse model of oxygen-induced retinopathy [corrected].	The activation of the unfolded protein response (UPR) and an increase in activating transcription factor 4 (ATF4) has been previously reported in the diabetic retina. Despite this, a direct link between ATF4 and the degree of proliferative retinopathy has not been demonstrated to date. Therefore, the objective of this study was to determine whether ATF4 deficiency could reduce neovascularization in mice with oxygen-induced retinopathy (OIR). We induced OIR in C57BL/6, ATF4(+/-), and endoplasmic reticulum stress-activated indicator (ERAI) mice and used quantitative RT-PCR and Western blot analysis to evaluate relative gene and protein expression. Histology and microscopy were used to calculate the extent of neovascularization in flat-mounted retinas. Experimental data revealed Xbp1 splicing in the retinal ganglia cells, outer plexiform layer, inner nuclear layer, and outer nuclear layer and in pericytes of postdevelopment day 17 ERAI OIR mice, confirming the activation of IRE1 UPR signaling. In naive ATF4-deficient mice, we also observed an elevation in UPR-associated and vascular-associated gene expression (Bip, Atf6, Hif1a, Pik3/Akt, Flt1/Vegfa, and Tgfb1), which may have contributed to the alleviation of hypoxia-driven neovascularization in experimental ATF4(+/-) retinas. The OIR ATF4(+/-) retinas demonstrated reprogramming of the UPR seen at both the mRNA (Atf6 and Bip) and protein (pATF6 and peIf2α) levels, as well as a reduction in vascularization-associated gene expression (Flt1, Vegf1, Hif1, and Tgb1). These changes corresponded to the decline in the rate of neovascularization. Our study validates ATF4 as a prospective therapeutic target to inhibit neovascularization in proliferative retinopathy.		True	False
23959876	Hypoxic retinal Muller cells promote vascular permeability by HIF-1-dependent up-regulation of angiopoietin-like 4.	Vision loss from ischemic retinopathies commonly results from the accumulation of fluid in the inner retina [macular edema (ME)]. Although the precise events that lead to the development of ME remain under debate, growing evidence supports a role for an ischemia-induced hyperpermeability state regulated, in part, by VEGF. Monthly treatment with anti-VEGF therapies is effective for the treatment of ME but results in a major improvement in vision in a minority of patients, underscoring the need to identify additional therapeutic targets. Using the oxygen-induced retinopathy mouse model for ischemic retinopathy, we provide evidence showing that hypoxic Müller cells promote vascular permeability by stabilizing hypoxia-inducible factor-1α (HIF-1α) and secreting angiogenic cytokines. Blocking HIF-1α translation with digoxin inhibits the promotion of endothelial cell permeability in vitro and retinal edema in vivo. Interestingly, Müller cells require HIF--but not VEGF--to promote vascular permeability, suggesting that other HIF-dependent factors may contribute to the development of ME. Using gene expression analysis, we identify angiopoietin-like 4 (ANGPTL4) as a cytokine up-regulated by HIF-1 in hypoxic Müller cells in vitro and the ischemic inner retina in vivo. ANGPTL4 is critical and sufficient to promote vessel permeability by hypoxic Müller cells. Immunohistochemical analysis of retinal tissue from patients with diabetic eye disease shows that HIF-1α and ANGPTL4 localize to ischemic Müller cells. Our results suggest that ANGPTL4 may play an important role in promoting vessel permeability in ischemic retinopathies and could be an important target for the treatment of ME.		True	False
24106122	Involvement of Nox2 NADPH oxidase in retinal neovascularization.	The proliferation of new blood vessels in the retina is a leading cause of vision impairment. Nicotinamide adenine dinucleotide phosphate (NADPH) oxidase (Nox) is involved in cell signaling for ischemia-induced angiogenesis, but its role in retinal neovascularization is unclear. We have analyzed the dependence of retinal neovascularization on the Nox2 isoform in oxygen-induced retinopathy (OIR) in mice. Neonatal C57BL/6 mice aged 7 days (P7) were placed in a hyperoxic chamber (75% O2) for 5 days, followed by 5 days of exposure to room air. Eyes were harvested on P8 and P17 for the quantification of retinal vaso-obliteration and neovascularization, respectively. The retinal expression of Nox2 and VEGF-A were measured by RT-PCR, while superoxide generation was detected by in situ dihydroethidium (DHE) staining of fresh cryopreserved sections. In wild type (WT) mice, OIR was characterized by central retinal vaso-obliteration at P8 and neovascularization at P17, which was associated with increases in Nox2 and VEGF-A gene expression, superoxide generation, and accumulation of Iba-1 positive cells in the inner retina. In contrast, Nox2 knockout mice exhibited markedly less retinal neovascularization and VEGF-A mRNA expression at P17, despite showing comparable vaso-obliteration at P8. These changes were accompanied by reductions in DHE fluorescence and Iba-1-positive cell accumulation in the hypoxic retina. The Nox2-generated reactive oxygen species (ROS) facilitate the retinal expression of VEGF-A and neovascularization in this mouse model of OIR. Therapies targeting Nox2 could be of value to reduce aberrant retinal neovascularization in retinopathy of prematurity, diabetes, and other disease processes driven by VEGF.		True	False
24566275	Anti-angiogenic effect of bare titanium dioxide nanoparticles on pathologic neovascularization without unbearable toxicity.	Local application requires fewer nanoparticles than systemic delivery to achieve effective concentration. In this study, we investigated the potential toxicity and efficacy of bare titanium dioxide (TiO2) nanoparticles by local administration into the eye. Mono-disperse, 20nm-size TiO2 nanoparticles did not affect the viability of retinal constituent cells within certain range of concentrations (~1.30μg/mL). Furthermore, local delivery of TiO2 nanoparticles did not induce any significant toxicity at the level of gene expression and histologic integrity in the retina of C57BL/6 mice. Interestingly, at the low concentration (130ng/mL) without definite toxicity, these nanoparticles suppressed in vitro angiogenesis processes and in vivo retinal neovascularization in oxygen-induced retinopathy mice when they are administered intravitreally. Taken together, our results demonstrate that even TiO2 nanoparticles can be safely utilized for the treatment of retinal diseases at the adequate concentration levels, especially through local administration. In this paper the local application of titanium dioxide is described as a local treatment for retinal diseases associated with neovascularization. While these nanoparticles have known systemic toxicity, this work demonstrates that when applied locally in a mouse model, they can be used without observable toxicity even in their native forms.		True	False
24875598	Hypoxia-mediated retinal neovascularization and vascular leakage in diabetic retina is suppressed by HIF-1α destabilization by SH-1242 and SH-1280, novel hsp90 inhibitors.	In diabetic retinopathy (DR), visual deterioration is related with retinal neovascularization and vascular hyperpermeability. Anti-vascular endothelial growth factor (VEGF) agents are currently utilized to suppress retinal neovascularization and macular edema (ME); however, there are still concerns on the widespread use of them because VEGF is a trophic factor for neuronal and endothelial cells in the retina. As an alternative treatment strategy for DR, it is logical to address hypoxia-related molecules to treat DR because the retina is in relative hypoxia as DR progresses. In this study, we demonstrate that destabilization of hypoxia-inducible factor-1α (HIF-1α) by SH-1242 and SH-1280, novel heat shock protein 90 (hsp90) inhibitors, leads to suppression of hypoxia-mediated retinal neovascularization and vascular leakage in diabetic retina. In vitro experiments showed that these inhibitors inhibited hypoxia-induced upregulation of target genes of HIF-1α and further secretion of VEGF. Furthermore, these inhibitors effectively suppressed expression of target genes of HIF-1α including vegfa in the retina of oxygen-induced retinopathy (OIR) mice. Interestingly, despite hsp90 inhibition, these inhibitors do not induce definite toxicity at the level of gene expression, cellular viability, and histologic integrity. We suggest that SH-1242 and SH-1280 can be utilized in the treatment of DR, as an alternative treatment of direct VEGF inhibition. Key message: SH-1242 and SH-1280 are novel hsp90 inhibitors similar to deguelin. HIF-1α destabilization by hsp90 inhibition leads to anti-angiogenic effects. Despite hsp90 inhibition, both inhibitors do not induce definite toxicity. HIF-1α modulation can be a safer therapeutic option than direct VEGF inhibition.		True	False
24947526	Endothelial deletion of phospholipase D2 reduces hypoxic response and pathological angiogenesis.	Aberrant regulation of the proliferation, survival, and migration of endothelial cells (ECs) is closely related to the abnormal angiogenesis that occurs in hypoxia-induced pathological situations, such as cancer and vascular retinopathy. Hypoxic conditions and the subsequent upregulation of hypoxia-inducible factor-1α and target genes are important for the angiogenic functions of ECs. Phospholipase D2 (PLD2) is a crucial signaling mediator that stimulates the production of the second messenger phosphatidic acid. PLD2 is involved in various cellular functions; however, its specific roles in ECs under hypoxia and in vivo angiogenesis remain unclear. In the present study, we investigated the potential roles of PLD2 in ECs under hypoxia and in hypoxia-induced pathological angiogenesis in vivo. Pld2 knockout ECs exhibited decreased hypoxia-induced cellular responses in survival, migration, and thus vessel sprouting. Analysis of hypoxia-induced gene expression revealed that PLD2 deficiency disrupted the upregulation of hypoxia-inducible factor-1α target genes, including VEGF, PFKFB3, HMOX-1, and NTRK2. Consistent with this, PLD2 contributed to hypoxia-induced hypoxia-inducible factor-1α expression at the translational level. The roles of PLD2 in hypoxia-induced in vivo pathological angiogenesis were assessed using oxygen-induced retinopathy and tumor implantation models in endothelial-specific Pld2 knockout mice. Pld2 endothelial-specific knockout retinae showed decreased neovascular tuft formation, despite a larger avascular region. Tumor growth and tumor blood vessel formation were also reduced in Pld2 endothelial-specific knockout mice. Our findings demonstrate a novel role for endothelial PLD2 in the survival and migration of ECs under hypoxia via the expression of hypoxia-inducible factor-1α and in pathological retinal angiogenesis and tumor angiogenesis in vivo.		True	False
26064225	Temporal and spatial changes in VEGF, αA- and αB-crystallin expression in a mouse model of oxygen-induced retinopathy.	Retinal neovascularization is an iconic change in retinopathies. Vascular Endothelial Growth Factor (VEGF) and α-crystallins have been identified to mediate the pathogenesis of retinopathy. However, the special and temporal changes in their expression associated with retinal neovascularization have not yet been determined. Therefore, we examined the expression and distribution of VEGF, αA- and αB-crystallins in the retina using a mouse model of oxygen-induced retinopathy (OIR). 90 C57/BL mice were randomly divided into the OIR and control groups. The OIR group at postnatal day 7 (P7) were kept at high oxidation state (75 ± 5%) for 5 days before returned to normal environment. Retinal tissue was cut into sections. Oxygen induced retinal neovascularization and vascular structural changes were evaluated using retinal fluorescein angiography. The number of endothelial cell nuclei breaking through the retinal internal limiting membrane was counted after H&E staining. The mRNA expression levels of VEGF, αA- and αB-crystallins in the mouse retina were determined using real-time RT-PCR. The distribution of αA- and αB-crystallins in the retina was detected by fluorescent immunohistochemistry staining. Oxygen induction triggered new blood vessel formation in the retina and impaired the structure of the retinal vascular network. The number of endothelial cell nuclei breaking through the retinal internal limiting membrane was significantly increased in the OIR group compared to the control group at P13, P17 and P21 (P < 0.01), reaching the peak on P17. The expression levels of VEGF, αA- and αB-crystalllins were also significantly different between the OIR and control groups. VEGF expression was highest on P15, αA-crystallin expression was highest on P17, whereas αB-crystallin expression kept increasing during the time frame of our study. Both αA- and αB-crystallins were expressed in the ganglion cell layer and the inner nuclear cell layer. While αA- and αB-crystallins were only located on the cell membrane in the outer ganglion cell layer, they were observed both on the cell membrane and in the cytoplasm in the inner layer of cells. Using our mouse model of oxygen-induced retinopathy, we showed that the expression patterns of VEGF, αA- and αB-crystallins during retinal neovascularization in both spatially and temporally manners, providing significant insights into the molecular mechanisms of retinopathy and the associated neovascularization.		False	False
26242736	Single and Compound Knock-outs of MicroRNA (miRNA)-155 and Its Angiogenic Gene Target CCN1 in Mice Alter Vascular and Neovascular Growth in the Retina via Resident Microglia.	The response of the retina to ischemic insult typically leads to aberrant retinal neovascularization, a major cause of blindness. The epigenetic regulation of angiogenic gene expression by miRNAs provides new prospects for their therapeutic utility in retinal neovascularization. Here, we focus on miR-155, a microRNA functionally important in inflammation, which is of paramount importance in the pathogenesis of retinal neovascularization. Whereas constitutive miR-155-deficiency in mice results in mild vascular defects, forced expression of miR-155 causes endothelial hyperplasia and increases microglia count and activation. The mouse model of oxygen-induced retinopathy, which recapitulates ischemia-induced aberrant neovessel growth, is characterized by increased expression of miR-155 and localized areas of microglia activation. Interestingly, miR-155 deficiency in mice reduces microglial activation, curtails abnormal vessel growth, and allows for rapid normalization of the retinal vasculature following ischemic insult. miR-155 binds to the 3'-UTR and represses the expression of the CCN1 gene, which encodes an extracellular matrix-associated integrin-binding protein that both promotes physiological angiogenesis and harnesses growth factor-induced abnormal angiogenic responses. Single CCN1 deficiency or double CCN1 and miR-155 knock-out in mice causes retinal vascular malformations typical of faulty maturation, mimicking the vascular alterations of miR-155 gain of function. During development, the miR-155/CCN1 regulatory axis balances the proangiogenic and proinflammatory activities of microglia to allow for their function as guideposts for sprout fusion and anastomosis. Under ischemic conditions, dysregulated miR-155 and CCN1 expression increases the inflammatory load and microglial activation, prompting aberrant angiogenic responses. Thus, miR-155 functions in tandem with CCN1 to modulate inflammation-induced vascular homeostasis and repair.		True	False
26264147	Inhibitory effect of Samul-tang on retinal neovascularization in oxygen-induced retinopathy.	Retinal neovascularization is a common cause of vision loss in proliferative diabetic retinopathy, retinopathy of prematurity and age-related macular degeneration. Samul-tang (SMT) is a widely used traditional herbal medicine in East Asia and is also known as Shimotsu-to in Japanese and Si-Wu decoction in Chinese. This study was designed to evaluate the inhibitory effect of SMT on retinal pathogenic angiogenesis in a mouse model of oxygen-induced retinopathy (OIR). The mice were exposed to a 75% concentration of oxygen for five days, starting on postnatal day 7 (P7-P12). The mice were then exposed to room air and were intraperitoneally injected with SMT (10 mg/kg or 50 mg/kg) once per day for five days (P12-P16). On P17, we measured retinal neovascularization and evaluated both the expression of angiogenesis-related proteins and changes in the gene expression level in the mRNA. SMT reduced the area of the central retina and reduced retinal neovascularization in OIR mice. The protein array revealed that SMT reduced the level of SDF-1 protein expression. Quantitative real-time PCR revealed that the HIF-1α, SDF-1, CXCR4 and VEGF mRNA levels in the retinas of OIR mice were elevated compared with those of normal control mice. However, SMT decreased the levels of HIF-1α, SDF-1, CXCR4 and VEGF mRNA in OIR mice. We are the first to elucidate that SMT inhibits the retinal pathogenic angiogenesis induced by ischemic retinopathy in OIR mice. SMT significantly inhibited retinal neovascularization by downregulating HIF-1α, SDF-1, CXCR4 and VEGF. Based on the results of our study, SMT could be a useful herbal medicine for treating ischemic retinopathy.		True	False
27091985	Comparative systems pharmacology of HIF stabilization in the prevention of retinopathy of prematurity.	Retinopathy of prematurity (ROP) causes 100,000 new cases of childhood blindness each year. ROP is initiated by oxygen supplementation necessary to prevent neonatal death. We used organ systems pharmacology to define the transcriptomes of mice that were cured of oxygen-induced retinopathy (OIR, ROP model) by hypoxia-inducible factor (HIF) stabilization via HIF prolyl hydroxylase inhibition using the isoquinolone Roxadustat or the 2-oxoglutarate analog dimethyloxalylglycine (DMOG). Although both molecules conferred a protective phenotype, gene expression analysis by RNA sequencing found that Roxadustat can prevent OIR by two pathways: direct retinal HIF stabilization and induction of aerobic glycolysis or indirect hepatic HIF-1 stabilization and increased serum angiokines. As predicted by pathway analysis, Roxadustat rescued the hepatic HIF-1 knockout mouse from retinal oxygen toxicity, whereas DMOG could not. The simplicity of systemic treatment that targets both the liver and the eye provides a rationale for protecting the severely premature infant from oxygen toxicity.		True	False
27653551	Retinal expression of small non-coding RNAs in a murine model of proliferative retinopathy.	Ocular neovascularization is a leading cause of blindness in proliferative retinopathy. Small non-coding RNAs (sncRNAs) play critical roles in both vascular and neuronal development of the retina through post-transcriptional regulation of target gene expression. To identify the function and therapeutic potential of sncRNAs in retinopathy, we assessed the expression profile of retinal sncRNAs in a mouse model of oxygen-induced retinopathy (OIR) with pathologic proliferation of neovessels. Approximately 2% of all analyzed sncRNAs were significantly altered in OIR retinas compared with normoxic controls. Twenty three microRNAs with substantial up- or down-regulation were identified, including miR-351, -762, -210, 145, -155, -129-5p, -150, -203, and -375, which were further analyzed for their potential target genes in angiogenic, hypoxic, and immune response-related pathways. In addition, nineteen small nucleolar RNAs also revealed differential expression in OIR retinas compared with control retinas. A decrease of overall microRNA expression in OIR retinas was consistent with reduced microRNA processing enzyme Dicer, and increased expression of Alu element in OIR. Together, our findings elucidated a group of differentially expressed sncRNAs in a murine model of proliferative retinopathy. These sncRNAs may exert critical post-transcriptional regulatory roles in regulating pathological neovascularization in eye diseases.		True	False
27658786	An Eye on Age-Related Macular Degeneration: The Role of MicroRNAs in Disease Pathology.	Age-related macular degeneration (AMD) is the primary cause of blindness in developed countries, and is the third leading cause worldwide. Emerging evidence suggests that beside environmental and genetic factors, epigenetic mechanisms, such as microRNA (miRNA) regulation of gene expression, are relevant to AMD providing an exciting new avenue for research and therapy. MiRNAs are short, non-coding RNAs thought to be imperative for coping with cellular stress. Numerous studies have analyzed miRNA dysregulation in AMD patients, although with varying outcomes. Four studies which profiled dysregulated circulating miRNAs in AMD yielded unique sets, and there is only minimal overlap in ocular miRNA profiling of AMD. Mouse models of AMD, including oxygen-induced retinopathy and laser-induced choroidal neovascularization, showed similarities to some extent with miRNA patterns in AMD. For example, miR-146a is an extensively researched miRNA thought to modulate inflammation, and was found to be upregulated in AMD mice and cellular systems, but also in human AMD retinae and vitreous humor. Similarly, mir-17, miR-125b and miR-155 were dysregulated in multiple AMD mouse models as well as in human AMD plasma or retinae. These miRNAs are thought to regulate angiogenesis, apoptosis, phagocytosis, and inflammation. A promising avenue of research is the modulation of such miRNAs, as the phenotype of AMD mice could be ameliorated with antagomirs or miRNA-mimic treatment. However, before meaningful strides can be made to develop miRNAs as a diagnostic or therapeutic tool, reproducible miRNA profiles need to be established for the various clinical outcomes of AMD.		True	False
27922698	Differentially expressed miRNAs in oxygen‑induced retinopathy newborn mouse models.	The present study aimed to identify microRNAs (miRNAs) involved in regulating retinal neovascularization and retinopathy of prematurity (ROP). A total of 80 healthy C57BL/6 neonatal mice were randomly divided into the oxygen‑induced retinopathy (OIR) group (n=40), in which 7‑day‑old mice were maintained in 75% oxygen conditions for 5 days, or the control group (n=40). Following collection of retinal tissue, retinal angiography and hematoxylin and eosin (H&E) staining were performed. Total RNA was also extracted from retinal tissue, and miRNA microarrays and reverse transcription‑quantitative polymerase chain reaction (RT‑qPCR) were performed to identify differentially expressed miRNAs in the two groups. Retinal angiography and H&E staining revealed damage to retinas in the OIR group. Compared with the control group, 67 miRNAs were differentially expressed in the OIR group, of which 34 were upregulated and 33 were downregulated. Of these differentially expressed miRNAs, 32 exhibited a fold change ≥2, of which 21 were upregulated and 11 were downregulated. The results of RT‑qPCR for miR‑130a‑3p and miR‑5107‑5p were in accordance with those of the miRNA microarray. The newly identified miRNAs may be important in the development of ROP, and may provide a basis for future research into the mechanisms of ROP.		True	False
28400392	Identification of RUNX1 as a Mediator of Aberrant Retinal Angiogenesis.	Proliferative diabetic retinopathy (PDR) is a common cause of blindness in the developed world's working adult population and affects those with type 1 and type 2 diabetes. We identified Runt-related transcription factor 1 (RUNX1) as a gene upregulated in CD31+ vascular endothelial cells obtained from human PDR fibrovascular membranes (FVMs) via transcriptomic analysis. In vitro studies using human retinal microvascular endothelial cells (HRMECs) showed increased RUNX1 RNA and protein expression in response to high glucose, whereas RUNX1 inhibition reduced HRMEC migration, proliferation, and tube formation. Immunohistochemical staining for RUNX1 showed reactivity in vessels of patient-derived FVMs and angiogenic tufts in the retina of mice with oxygen-induced retinopathy, suggesting that RUNX1 upregulation is a hallmark of aberrant retinal angiogenesis. Inhibition of RUNX1 activity with the Ro5-3335 small molecule resulted in a significant reduction of neovascular tufts in oxygen-induced retinopathy, supporting the feasibility of targeting RUNX1 in aberrant retinal angiogenesis.		True	False
28469167	Interplay between CCN1 and Wnt5a in endothelial cells and pericytes determines the angiogenic outcome in a model of ischemic retinopathy.	CYR61-CTGF-NOV (CCN)1 is a dynamically expressed extracellular matrix (ECM) protein with critical functions in cardiovascular development and tissue repair. Angiogenic endothelial cells (ECs) are a major cellular source of CCN1 which, once secreted, associates with the ECM and the cell surface and tightly controls the bidirectional flow of information between cells and the surrounding matrix. Endothelium-specific CCN1 deletion in mice using a cre/lox strategy induces EC hyperplasia and causes blood vessels to coalesce into large flat hyperplastic sinuses with no distinctive hierarchical organization. This is consistent with the role of CCN1 as a negative feedback regulator of vascular endothelial growth factor (VEGF) receptor activation. In the mouse model of oxygen-induced retinopathy (OIR), pericytes become the predominant CCN1 producing cells. Pericyte-specific deletion of CCN1 significantly decreases pathological retinal neovascularization following OIR. CCN1 induces the expression of the non-canonical Wnt5a in pericyte but not in EC cultures. In turn, exogenous Wnt5a inhibits CCN1 gene expression, induces EC proliferation and increases hypersprouting. Concordantly, treatment of mice with TNP470, a non-canonical Wnt5a inhibitor, reestablishes endothelial expression of CCN1 and significantly decreases pathological neovascular growth in OIR. Our data highlight the significance of CCN1-EC and CCN1-pericyte communication signals in driving physiological and pathological angiogenesis.		True	False
30097694	Anti-angiogenic effects of the DPP-4 inhibitor linagliptin via inhibition of VEGFR signalling in the mouse model of oxygen-induced retinopathy.	Linagliptin has protective effects on the retinal neurovascular unit but, in proliferative retinopathy, dipeptidyl peptidase 4 (DPP-4) inhibition could be detrimental. The aim of this study was to assess the effect of linagliptin on ischaemia-induced neovascularisation of the retina. C57BL/6J and glucagon-like peptide 1 (GLP-1) receptor (Glp1r)-/- mice were subjected to a model of oxygen-induced retinopathy (OIR). Both strains were subcutaneously treated with linagliptin from postnatal days 12 to 16. Non-injected OIR and non-exposed mice served as controls. Capillary proliferations and systemic levels of active GLP-1 were quantified. The effects of linagliptin on vascular endothelial growth factor (VEGF)-induced downstream signalling were assessed in human umbilical vein endothelial cells (HUVECs) using western blot for retinal phosphorylated extracellular signal-regulated kinase (ERK)1/2 and retinal gene expression analyses. Linagliptin treatment led to an increase in active GLP-1 and a decreased number of neovascular nuclei in OIR mice vs controls (-30%, p < 0.05). As the reduction in neovascularisation was similar in both C57BL/6J and Glp1r-/- mice, the anti-angiogenic effects of linagliptin were independent of GLP-1R status. The expression of Vegf (also known as Vegfa) and Hif1a was increased in C57BL/6J OIR mice upon linagliptin treatment (three- vs 1.5-fold, p < 0.05, p < 0.01, respectively). In HUVECs, linagliptin inhibited VEGF-induced increases in mitogen-activated protein kinase (MAPK)/ERK (-67%, p < 0.001) and MAPK/c-Jun N-terminal kinase (JNK) (-13%, p < 0.05) pathway activities. In the retinas of C57BL/6J mice, p-ERK1/2 levels were significantly reduced upon linagliptin treatment (-47%, p < 0.05). Systemic treatment with linagliptin demonstrated GLP-1R-independent anti-angiogenic effects mediated by an inhibition of VEGF receptor downstream signalling. The specific effects of linagliptin on diabetic retinopathy are of potential benefit for individuals with diabetes, independent of metabolic effects.		True	False
30250985	Contribution of the clock gene DEC2 to VEGF mRNA upregulation by modulation of HIF1α protein levels in hypoxic MIO-M1 cells, a human cell line of retinal glial (Müller) cells.	Clock genes are components of the molecular clock. Their malfunction is thought to increase the risk of numerous diseases, including cancer. Vascular endothelial growth factor (VEGF) has a pivotal role in angiogenesis, and its expression levels are controlled by clock genes in tumor cells. Ophthalmic diseases such as age-related macular degeneration, proliferative diabetic retinopathy, and neovascular glaucoma are also associated with abnormal angiogenesis followed by upregulation of VEGF in the eye. In the present study, we aimed to uncover the relationship between clock genes and VEGF in the eye. Laboratory investigation METHODS: Oxygen-induced retinopathy (OIR) mice were prepared to mimic hypoxic conditions in the eye. Deferoxamine (DFO) was used to mimic hypoxic conditions in human Müller cell line MIO-M1 cells. Expression levels of mRNA and protein were quantified by quantitative reverse transcription polymerase chain reaction and Western blot analysis, respectively. In the retinas of OIR mice, the expression levels of Vegf and the clock gene Dec2 increased transiently, and their temporal profiles were correlated. Knockdown of DEC2 resulted in a significant (26.7%) reduction of VEGF expression in MIO-M1 cells under hypoxia-mimicking conditions induced by DFO (P < .05). Levels of HIF1α protein were also reduced significantly, by 60.2%, in MIO-M1 cells treated with siRNA against the DEC2 gene (P < .05). Moreover, HIF1α levels showed a significant (2.5-fold) increase in MIO-M1 cells overexpressing DEC2 (P < .05). DEC2 could upregulate retinal VEGF gene expression through modulation of HIF1α levels under hypoxic conditions.		True	False
31131231	Identification of altered microRNAs in retinas of mice with oxygen-induced retinopathy.	To identify disease-related miRNAs in retinas of mice with oxygen-induced retinopathy (OIR), and to explore their potential roles in retinal pathological neovascularization. The retinal miRNA expression profile in mice with OIR and room air controls at postnatal day 17 (P17) were determined through miRNA microarray analysis. Several miRNAs were significantly up- and down-regulated in retinas of mice with OIR compared to controls by quantitative real-time reverse transcription-polymerase chain reaction (qRT-PCR). Two databases including Targetscan7.1 and MirdbV5 were used to predict target genes that associated with those significantly altered miRNAs in retinas of mice with OIR. Gene Ontology (GO) and Kyoto Encyclopedia of Genes and Genomes (KEGG) pathway analyses were also conducted to identify possible biological functions of the target genes. In comparison with room air controls, 3 and 8 miRNAs were significantly up- and down-regulated, respectively, in retinas of mice with OIR. The qRT-PCR data confirmed that mmu-miR-350-3p and mmu-miR-202-3p were significantly up-regulated, while mmu-miR-711 and mmu-miR-30c-1-3p were significantly down-regulated in mice with OIR compared to controls. GO analysis demonstrated that the identified target genes were related to functions such as cellular macromolecule metabolic process. KEGG pathway analysis showed a group of pathways, such as Wnt signaling pathway, transcriptional misregulation in cancer, Mucin type O-glycan biosynthesis, and mitogen-activated protein kinase (MAPK) signaling pathway might be involved in pathological process of retinal neovascularization. Our findings suggest that the differentially expressed miRNAs in retinas of mice with OIR might provide potential therapeutic targets for treating retinal neovascularization.		True	False
31171905	Microarray Analysis of Long Non-Coding RNAs and Messenger RNAs in a Mouse Model of Oxygen-Induced Retinopathy.	Objective: Retinal neovascularization is a severe complication of many ocular diseases. To clarify the possible functions and therapeutic potential of long non-coding RNAs (lncRNAs) and messenger RNAs (mRNAs) in retinal neovascularization, we assessed their expression profile in a mouse model of oxygen-induced retinopathy (OIR). Methods: Microarray analysis was performed to identify altered lncRNA and mRNA expressions between OIR and control mice. The microarray results were validated by qRT-PCR. Gene Ontology (GO) and Kyoto Encyclopedia of Genes and Genomes (KEGG) pathway analyses were conducted to determine biological functions and signaling pathways of the altered or interacted mRNAs. A coding-non-coding gene co-expression (CNC) network was constructed to identify the interaction of lncRNAs and mRNAs. Results: We identified 198 up-regulated and 175 down-regulated lncRNAs (fold change≥2.0, P<0.05), respectively in OIR mice compared to control mice. We also identified 412 up-regulated and 127 down-regulated mRNAs (fold change≥2.0, P<0.05), respectively in OIR mice compared to control mice. GO and KEGG analyses suggested that altered mRNAs were enriched in immune system process, exopeptidase activity, ECM-receptor interaction and protein digestion and absorption. Four validated lncRNAs (ENSMUST00000165968, ENSMUST00000153785, ENSMUST00000134409, and ENSMUST00000154285) and the nearby coding gene pairs were analyzed. A CNC network profile based on those validated altered lncRNAs as well as 410 interacted mRNAs was composed of 509 connections. Moreover, the GO and KEGG analyses demonstrated that these interacted mRNAs mainly enriched in blood vessel development, angiogenesis, cell adhesion molecules and leukocyte transendothelial migration pathways. Conclusion: Our data highlight the utility of altered lncRNA and mRNA profiling in understanding the pathogenesis of ischemia-induced retinal neovascularization and further suggest that therapeutic potential of altered lncRNA for retinal neovascularization.		True	False
31199961	The long dystrophin gene product Dp427 modulates retinal function and vascular morphology in response to age and retinal ischemia.	Mutations in dystrophin are the major cause of muscular dystrophies. Continuous muscular degeneration and late stage complications, including cardiomyopathy and respiratory insufficiency, dominate the clinical phenotype. Gene expression and regulation of the dystrophin gene outside of muscular tissue is far more complex. Multiple tissue-specific dystrophin gene products are widely expressed throughout the body, including the central nervous system and eye, predisposing affected patients to secondary complications in non-muscular tissues. In this study, we evaluated the impact of the full-length dystrophin gene product, Dp427, on retinal homeostasis and angiogenesis. Based on the clinical case of a Duchenne muscular dystrophy (DMD) patient who developed severe fibrovascular changes in the retina in response to hypoxic stress, we hypothesized that defects in Dp427 make the retina more susceptible to stresses such as ageing and ischemia. To further study this, a mouse strain lacking Dp427 expression (Mdx) was studied during retinal development, ageing and in the oxygen-induced retinopathy (OIR) model. While retinal vascular morphology was normal during development and ageing, retinal function measured by electroretinography (ERG) was slightly reduced in young adult Mdx mice and deteriorated with age. Mdx mice also had increased retinal neovascularization in response to OIR and more pronounced long-term deterioration in retinal function following OIR. Based on these results, we suggest that DMD patients with a mutation in Dp427 may experience disturbed retinal homeostasis with increasing age and therefore be prone to develop excessive retinal neovascular changes in response to hypoxic stress. DMD patients in late disease stages should, thus, be regularly examined to detect asymptomatic retinal abnormalities and prevent visual impairment.		True	False
31314602	Stanniocalcin-1 is a Modifier of Oxygen-Induced Retinopathy Severity.	Purpose/Aim: Abnormal activation of signaling pathways related to angiogenesis, inflammation, and oxidative stress has been implicated in the pathophysiology of retinopathy of prematurity (ROP), a leading cause of blindness in pre-term infants. Therapies for ROP include laser and anti-vascular endothelial growth factor agents. However, these therapies have side effects, and even with adequate treatment, visual acuity can be impaired. Novel therapeutic options are needed. Stanniocalcin-1 (STC-1) is a neuroprotective protein with anti-inflammatory and anti-oxidative stress properties. Rodent models of oxygen-induced retinopathy (OIR) were selected to determine whether STC-1 plays a role in the development of OIR.Materials and methods: STC-1 gene and protein expression was first evaluated in the Sprague Dawley rat OIR model that is most similar to human ROP. OIR was then induced in wild-type and Stc-1-/- mice. Retinas were isolated and evaluated for avascular and neovascular area on retinal flat mounts. Quantification of gene expression by quantitative real-time PCR was performed. VEGF was assayed by ELISA in media obtained from induced pluripotent stem-cell-derived retinal pigment epithelial (iPS-RPE) cells following treatment with recombinant STC-1.Results: STC-1 was significantly upregulated in a rat model of OIR compared to room air controls at the gene (P < .05) and protein (P < .001) level. Stc-1-/- OIR mice showed significantly worse ROP compared to wild-type mice as assessed by avascular (20.2 ± 2.4% vs 15.2 ± 2.5%; P = .02) and neovascular area (14.3 ± 2.7% vs 8.8 ± 3.7%; P < .05). Transcript levels of vascular endothelial growth factor-A were significantly higher in Stc-1-/- OIR mice compared to wild-type controls (P = .03). STC-1 reduced VEGF production in iPS-RPE cells (P = .01).Conclusions: STC-1 plays a role in the OIR stress response and development of pathologic vascular features in rodent OIR models by regulating VEGF levels.		True	False
31452702	Oxygen-induced circRNA profiles and coregulatory networks in a retinopathy of prematurity mouse model.	Retinopathy of prematurity (ROP) is a leading cause of childhood blindness. At present, the molecular mechanisms underlying ROP are still far from being clearly understood. Circular RNAs (circRNAs), a novel class of noncoding RNAs, have been reported to serve vital regulatory roles in several human diseases. However, it is still unclear how circRNAs are involved in ROP. In the present study, oxygen-induced retinopathy (OIR) murine retinal samples and paired normal tissues were chosen for high-throughput transcriptome RNA sequencing and bioinformatic analyses. As a result, a total of 236 differentially expressed circRNAs, 14 differentially expressed miRNAs, and 9,756 differentially expressed mRNAs were identified in the OIR samples. Gene ontology analysis showed that angiogenesis ranked in the top five upregulated biological processes associated with differential mRNA expression. Then, 66 co-expression pairs of circRNA-mRNA were predicted according to the mRNAs that were enriched in angiogenesis. Furthermore, coregulation prediction was separately performed to identify the differentially expressed miRNAs that targeted angiogenesis-associated circRNAs or mRNAs. Finally, nine differentially expressed circRNAs were predicted to be competing endogenous RNAs by constructing a circRNA-miRNA-mRNA network followed by reverse transcription-quantitative PCR validation. The results of the present study suggest that the identified set of circRNA transcripts and the potential regulatory mechanisms for the development of ROP are worthy of functional studies.		True	False
31578039	Short- and long-term impact of hyperoxia on the blood and retinal cells' transcriptome in a mouse model of oxygen-induced retinopathy.	We aimed to identify global blood and retinal gene expression patterns in murine oxygen-induced retinopathy (OIR), a common model of retinopathy of prematurity, which may allow better understanding of the pathogenesis of this severe ocular prematurity complication and identification of potential blood biomarkers. A total of 120 C57BL/6J mice were randomly divided into an OIR group, in which 7-day-old pups were maintained in 75% oxygen for 5 days, or a control group. RNA was extracted from the whole-blood mononuclear cells and retinal cells on days 12, 17, and 28. Gene expression in the RNA samples was evaluated with mouse gene expression microarrays. There were 38, 1370 and 111 genes, the expression of which differed between the OIR and control retinas on days 12, 17, and 28, respectively. Gene expression in the blood mononuclear cells was significantly altered only on day 17. Deptor and Nol4 genes showed reduced expression both in the blood and retinal cells on day 17. There are sustained marked changes in the global pattern of gene expression in the OIR mice retinas. An altered expression of Deptor and Nol4 genes in the blood mononuclear cells requires further investigation as they may indicate retinal neovascularization.		True	False
31672944	Progenitor cell combination normalizes retinal vascular development in the oxygen-induced retinopathy (OIR) model.	Retinopathy of prematurity (ROP) is a disorder of the developing retina of preterm infants. ROP can lead to blindness because of abnormal angiogenesis that is the result of suspended vascular development and vaso-obliteration leading to severe retinal stress and hypoxia. We tested the hypothesis that the use of the human progenitor cell combination, bone marrow-derived CD34+ cells and vascular wall-derived endothelial colony-forming cells (ECFCs), would synergistically protect the developing retinal vasculature in a mouse model of ROP, called oxygen-induced retinopathy (OIR). CD34+ cells alone, ECFCs alone, or the combination thereof were injected intravitreally at either P5 or P12 and pups were euthanized at P17. Retinas from OIR mice injected with ECFCs or the combined treatment revealed formation of the deep vascular plexus (DVP) while still in hyperoxia, with normal-appearing connections between the superficial vascular plexus (SVP) and the DVP. In addition, the combination of cells completely prevented aberrant retinal neovascularization and was more effective anatomically and functionally at rescuing the ischemia phenotype than either cell type alone. We show that the beneficial effects of the cell combination are the result of their ability to orchestrate an acceleration of vascular development and more rapid ensheathment of pericytes on the developing vessels. Lastly, our proteomic and transcriptomic data sets reveal pathways altered by the dual cell therapy, including many involved in neuroretinal maintenance, and principal component analysis (PCA) showed that cell therapy restored OIR retinas to a state that was closely associated with age-matched normal retinas. Together, these data herein support the use of dual cell therapy as a promising preventive treatment for the development of ROP in premature infants.		True	False
31692917	Identifying circRNA-associated-ceRNA networks in retinal neovascularization in mice.	Retinal neovascularization is a complication which caused human vision loss severely. It has been shown that circular RNAs (circRNAs) play essential roles in gene regulation. However, circRNA expression profile and the underlying mechanisms in retinal neovascular diseases remain unclear. In the present study, we identified altered circRNAs in the retinas of oxygen-induced retinopathy (OIR) mouse model by microarray profiling. Microarray analysis revealed that 539 circRNAs were significantly altered in OIR retinas compared with controls. Among them, 185 up-regulated and 354 down-regulated circRNAs were identified. The expression levels of 4 altered circRNAs including mmu_circRNA_002573, mmu_circRNA_011180, mmu_circRNA_016108 and mmu_circRNA_22546 were validated by quantitative real-time reverse transcription-polymerase chain reaction (qRT-PCR). Bioinformatic analysis with validated circRNAs such as competing endogenous RNA (ceRNA) regulatory networks with Gene Ontology (GO) enrichment analysis demonstrated that qRT-PCR validated circRNAs were associated with cellular process, cell part and phosphoric ester hydrolase activity. Kyoto Encyclopedia of Genes and Genomes (KEGG) pathway analysis demonstrated that MAPK signaling pathway and renin-angiotensin system were related to validated circRNAs, suggesting these pathways may participate in pathological angiogenesis. The results together suggested that circRNAs were aberrantly expressed in OIR retinas and may play potential roles in retinal neovascular diseases.		True	False
31846472	A transcriptome-based signature of pathological angiogenesis predicts breast cancer patient survival.	The specific genes and molecules that drive physiological angiogenesis differ from those involved in pathological angiogenesis, suggesting distinct mechanisms for these seemingly related processes. Unveiling genes and pathways preferentially associated with pathologic angiogenesis is key to understanding its mechanisms, thereby facilitating development of novel approaches to managing angiogenesis-dependent diseases. To better understand these different processes, we elucidated the transcriptome of the mouse retina in the well-accepted oxygen-induced retinopathy (OIR) model of pathological angiogenesis. We identified 153 genes changed between normal and OIR retinas, which represent a molecular signature relevant to other angiogenesis-dependent processes such as cancer. These genes robustly predict the survival of breast cancer patients, which was validated in an independent 1,000-patient test cohort (40% difference in 15-year survival; p = 2.56 x 10-21). These results suggest that the OIR model reveals key genes involved in pathological angiogenesis, and these may find important applications in stratifying tumors for treatment intensification or for angiogenesis-targeted therapies.		True	False
32031575	Epithelial Membrane Protein 2 (EMP2) Promotes VEGF-Induced Pathological Neovascularization in Murine Oxygen-Induced Retinopathy.	Retinopathy of prematurity (ROP) is a leading cause of childhood blindness. ROP occurs as a consequence of postnatal hyperoxia exposure in premature infants, resulting in vasoproliferation in the retina. The tetraspan protein epithelial membrane protein-2 (EMP2) is highly expressed in the retinal pigment epithelium (RPE) in adults, and it controls vascular endothelial growth factor (VEGF) production in the ARPE-19 cell line. We, therefore, hypothesized that Emp2 knockout (Emp2 KO) protects against neovascularization in murine oxygen-induced retinopathy (OIR). Eyes were obtained from wildtype (WT) and Emp2 KO mouse pups at P7, P12, P17, and P21 after normoxia or hyperoxia (P7-P12) exposure. Following hyperoxia exposure, RNA sequencing was performed using the retina/choroid layers obtained from WT and Emp2 KO at P17. Retinal sections from P7, P12, P17, and P21 were evaluated for Emp2, hypoxia-inducible factor 1α (Hif1α), and VEGF expression. Whole mount images were generated to assess vaso-obliteration at P12 and neovascularization at P17. Emp2 KO OIR mice demonstrated a decrease in pathologic neovascularization at P17 compared with WT OIR mice through evaluation of retinal vascular whole mount images. This protection was accompanied by a decrease in Hif1α at P12 and VEGFA expression at P17 in Emp2 KO animals compared with the WT animals in OIR conditions. Collectively, our results suggest that EMP2 enhances the effects of neovascularization through modulation of angiogenic signaling. The protection of Emp2 KO mice against pathologic neovascularization through attenuation of HIF and VEGF upregulation in OIR suggests that hypoxia-induced upregulation of EMP2 expression in the neuroretina modulates HIF-mediated neuroretinal VEGF expression.		True	False
32053824	Transcriptome analysis reveals dysregulation of genes involved in oxidative phosphorylation in a murine model of retinopathy of prematurity.	Retinal gene expression pattern is severely altered after exposition to hyperoxia in mice with oxygen-induced retinopathy (OIR), a common model of retinopathy of prematurity. Gene ontology and signaling pathway analyses may add new insights into a better understanding of the pathogenesis of this disease. Seven-day-old C57BL/6J mice (n = 60) were exposed to 75% oxygen for 5 days and then recovered in room air. The controls (n = 60) were kept in the normoxic conditions. Retinas were harvested immediately following hyperoxia, during the phase of maximal neovascularization, and at the time of neovascularization regression. The retinal RNA samples were evaluated for gene expression using mouse gene expression microarrays. DAVID annotation tools were used for gene ontology and pathway analyses. The most significantly enriched signaling pathways during the neovascularization phase of OIR were: focal adhesion; ECM-receptor interaction; PI3K-Akt; oxidative phosphorylation; and Alzheimer's, Parkinson's and Huntington's disease signaling pathways. Genes involved in apoptosis, cell proliferation, cell differentiation, and immune responses were associated with neovascularization regression. Performed analyses revealed the possible involvement of various signaling pathways in OIR pathomechanism, mostly specific to the OIR phase. Dysregulation of genes involved in oxidative phosphorylation may have an impact on neovascularization development.		True	False
32150307	Temporospatial distribution and transcriptional profile of retinal microglia in the oxygen-induced retinopathy mouse model.	Myeloid cells such as resident retinal microglia (MG) or infiltrating blood-derived macrophages (Mϕ) accumulate in areas of retinal ischemia and neovascularization (RNV) and modulate neovascular eye disease. Their temporospatial distribution and biological function in this process, however, remain unclarified. Using state-of-the-art methods, including cell-specific reporter mice and high-throughput RNA sequencing (RNA Seq), this study determined the extent of MG proliferation and Mϕ infiltration in areas with retinal ischemia and RNV in Cx3cr1CreERT2 :Rosa26-tdTomato mice and examined the transcriptional profile of MG in the mouse model of oxygen-induced retinopathy (OIR). For RNA Seq, tdTomato-positive retinal MG were sorted by flow cytometry followed by Gene ontology (GO) cluster analysis. Furthermore, intraperitoneal injections of the cell proliferation marker 5-ethynyl-2'-deoxyuridine (EdU) were performed from postnatal day (p) 12 to p16. We found that MG is the predominant myeloid cell population while Mϕ rarely appears in areas of RNV. Thirty percent of retinal MG in areas of RNV were EdU-positive indicating a considerable local MG cell expansion. GO cluster analysis revealed an enrichment of clusters related to cell division, tubulin binding, ATPase activity, protein kinase regulatory activity, and chemokine receptor binding in MG in the OIR model compared to untreated controls. In conclusion, activated retinal MG alter their transcriptional profile, exhibit considerable proliferative ability and are by far the most frequent myeloid cell population in areas of ischemia and RNV in the OIR model thus presenting a potential target for future therapeutic approaches.		True	False
32346884	Overexpression of miR-181a-5p inhibits retinal neovascularization through endocan and the ERK1/2 signaling pathway.	Retinal neovascularization (RNV) is a common pathological feature of angiogenesis-related retinopathy. Endocan inhibition has previously been reported to suppress RNV in oxygen-induced retinopathy (OIR); however, its molecular mechanisms remain to be elucidated. Here, we investigated the role and mechanism of endocan in OIR. We established an OIR mouse model and detected aberrant endocan overexpression in OIR mouse retinas. Endocan inhibition through small interfering RNA or a neutralizing antibody inhibited vascular endothelial growth factor-induced cell survival, cell proliferation, and tube formation in human retinal endothelial cells in vitro and reduced the RNV area in vivo. Using RNA sequencing, a luciferase reporter assay, and bioinformatics analyses, we identified endocan as a microRNA-181a-5p target gene. The antiangiogenic effect of miR-181a-5p on RNV was verified by intravitreal injection, and we showed that this involved the extracellular signal-regulated protein kinases 1 and 2 (ERK1/2) signaling pathway. Collectively, our data demonstrate that miR-181a-5p/endocan regulates retinal angiogenesis through the ERK1/2 signaling pathway and might represent an attractive therapeutic strategy for RNV.		True	False
32444495	Disruption of profilin1 function suppresses developmental and pathological retinal neovascularization.	Angiogenesis-mediated neovascularization in the eye is usually associated with visual complications. Pathological angiogenesis is particularly prominent in the retina in the settings of proliferative diabetic retinopathy, in which it can lead to permanent loss of vision. In this study, by bioinformatics analyses, we provide evidence for elevated expression of actin-binding protein PFN1 (profilin1) in the retinal vascular endothelial cells (VECs) of individuals with proliferative diabetic retinopathy, findings further supported by gene expression analyses for PFN1 in experimentally induced abnormal retinal neovascularization in an oxygen-induced retinopathy murine model. We observed that in a conditional knockout mouse model, postnatal deletion of the Pfn1 gene in VECs leads to defects in tip cell activity (marked by impaired filopodial protrusions) and reduced vascular sprouting, resulting in hypovascularization during developmental angiogenesis in the retina. Consistent with these findings, an investigative small molecule compound targeting the PFN1-actin interaction reduced random motility, proliferation, and cord morphogenesis of retinal VECs in vitro and experimentally induced abnormal retinal neovascularization in vivo In summary, these findings provide the first direct in vivo evidence that PFN1 is required for formation of actin-based protrusive structures and developmental angiogenesis in the retina. The proof of concept of susceptibility of abnormal angiogenesis to small molecule intervention of PFN1-actin interaction reported here lays a conceptual foundation for targeting PFN1 as a possible strategy in angiogenesis-dependent retinal diseases.		True	False
32714074	Small RNA Sequencing Reveals Transfer RNA-derived Small RNA Expression Profiles in Retinal Neovascularization.	Retinal neovascularization (RNV) is characterized in retinopathy of prematurity (ROP), diabetic retinopathy (DR), and retinal vein occlusion (RVO), which leads to severe vision loss and even blindness. To reveal the altered transfer RNA-derived small RNA (tsRNA)s in RNV, and to investigate the underlying mechanisms of the altered tsRNAs involved in RNV, we carried out a small RNA sequencing to profile tsRNA expressions in the retinas of mice with oxygen-induced retinopathy (OIR) and control mice. A total of 45 tsRNAs were significantly changed (fold change ≥ 1.5 and P < 0.05) in the retinas of OIR mice compared with controls. Validation by quantitative real-time reverse transcription polymerase chain reaction (qRT-PCR) in four selected tsRNAs was consistent with the results of small RNA sequencing. Bioinformatics analyses identified 153 altered target genes of the four validated tsRNAs. These altered target genes were largely enriched in developmental process, cell periphery and protein binding, as well as Th1 and Th2 cell differentiation pathway. Our study suggests tsRNAs play key roles in the pathogenesis of RNV, indicating their therapeutic potential to treat patients with RNV. Moreover, small RNA sequencing is a useful tool to identify changes in tsRNA expression, an important indicator of the progress of retinal diseases.		True	False
33975909	Tribbles Homolog 3 Mediates the Development and Progression of Diabetic Retinopathy.	The current understanding of the molecular pathogenesis of diabetic retinopathy does not provide a mechanistic link between early molecular changes and the subsequent progression of the disease. In this study, we found that human diabetic retinas overexpressed TRIB3 and investigated the role of TRIB3 in diabetic retinal pathobiology in mice. We discovered that TRIB3 controlled major molecular events in early diabetic retinas via HIF1α-mediated regulation of retinal glucose flux, reprogramming cellular metabolism, and governing of inflammatory gene expression. These early molecular events further defined the development of neurovascular deficit observed in mice with diabetic retinopathy. TRIB3 ablation in the streptozotocin-induced mouse model led to significant retinal ganglion cell survival and functional restoration accompanied by a dramatic reduction in pericyte loss and acellular capillary formation. Under hypoxic conditions, TRIB3 contributed to advanced proliferative stages by significant upregulation of GFAP and VEGF expression, thus controlling gliosis and aberrant vascularization in oxygen-induced retinopathy mouse retinas. Overall, our data reveal that TRIB3 is a master regulator of diabetic retinal pathophysiology that may accelerate the onset and progression of diabetic retinopathy to proliferative stages in humans and present TRIB3 as a potentially novel therapeutic target for diabetic retinopathy.		True	False
34273276	Specialized endothelial tip cells guide neuroretina vascularization and blood-retina-barrier formation.	Endothelial tip cells guiding tissue vascularization are primary targets for angiogenic therapies. Whether tip cells require differential signals to develop their complex branching patterns remained unknown. Here, we show that diving tip cells invading the mouse neuroretina (D-tip cells) are distinct from tip cells guiding the superficial retinal vascular plexus (S-tip cells). D-tip cells have a unique transcriptional signature, including high TGF-β signaling, and they begin to acquire blood-retina barrier properties. Endothelial deletion of TGF-β receptor I (Alk5) inhibits D-tip cell identity acquisition and deep vascular plexus formation. Loss of endothelial ALK5, but not of the canonical SMAD effectors, leads to aberrant contractile pericyte differentiation and hemorrhagic vascular malformations. Oxygen-induced retinopathy vasculature exhibits S-like tip cells, and Alk5 deletion impedes retina revascularization. Our data reveal stage-specific tip cell heterogeneity as a requirement for retinal vascular development and suggest that non-canonical-TGF-β signaling could improve retinal revascularization and neural function in ischemic retinopathy.		False	False
34321516	Gene expression profile of the murine ischemic retina and its response to Aflibercept (VEGF-Trap).	Ischemic retinal dystrophies are leading causes of acquired vision loss. Although the dysregulated expression of the hypoxia-responsive VEGF-A is a major driver of ischemic retinopathies, implication of additional VEGF-family members in their pathogenesis has led to the development of multivalent anti-angiogenic tools. Designed as a decoy receptor for all ligands of VEGFR1 and VEGFR2, Aflibercept is a potent anti-angiogenic agent. Notwithstanding, the molecular mechanisms mediating Aflibercept's efficacy remain only partially understood. Here, we used the oxygen-induced retinopathy (OIR) mouse as a model system of pathological retinal vascularization to investigate the transcriptional response of the murine retina to hypoxia and of the OIR retina to Aflibercept. While OIR severely impaired transcriptional changes normally ensuing during retinal development, analysis of gene expression patterns hinted at alterations in leukocyte recruitment during the recovery phase of the OIR protocol. Moreover, the levels of Angiopoietin-2, a major player in the progression of diabetic retinopathy, were elevated in OIR tissues and consistently downregulated by Aflibercept. Notably, GO term, KEGG pathway enrichment, and expression dynamics analyses revealed that, beyond regulating angiogenic processes, Aflibercept also modulated inflammation and supported synaptic transmission. Altogether, our findings delineate novel mechanisms potentially underlying Aflibercept's efficacy against ischemic retinopathies.		True	False
34469714	Competing endogenous RNA network associated with oxygen-induced retinopathy: Expression of the network and identification of the MALAT1/miR-124-3p/EGR1 regulatory axis.	Retinopathy of prematurity (ROP) is a severe retinal dysfunction in prematurely born babies. The relationship between non-coding RNAs and retinopathy of prematurity (ROP) remain unclear. Microarray analysis of lncRNAs, miRNAs, and mRNAs was conducted in a mouse model of ROP. A competing endogenous RNA (ceRNA) network was constructed. The relationship among MALAT1, miR-124-3p, and Early growth response protein 1 (EGR1) was assessed in hypoxia-induced primary human umbilical vein endothelial cells (HUVECs) and ROP mouse model. In the study, we found 2252 lncRNAs, 1239 mRNAs, and 36 miRNAs were differentially regulated. ceRNA network consisting of 21 lncRNAs, 10 miRNAs, and 19 mRNAs was established. Of the most down-regulated miRNAs, miR-124-3p was selected for additional study. miR-124-3p ceased the migration and proliferation of primary HUVECs in hypoxic conditions, and directly suppressed EGR1. Additionally, MALAT1 directly sponged miR-124-3p. Knockdown of MALAT1 decreased EGR1 expression and inhibited the migration and proliferation of primary HUVECs in hypoxia. Furthermore, these changes were rescued by depletion of miR-124-3p. In vivo, intravitreal injection of miR-124-3p, shMALAT1 decreased EGR1 expression and markedly suppressed retinal neovascularization in OIR models. Intravitreal injection of shMALAT1 and miR-124-3p antagomir at the same time can promote retinal neovascularization, which reversed the suppression of retinal neovascularization functioned by shMALAT1. In conclusion, the expression profiles of lncRNAs and miRNAs and the ceRNA network in a mouse model of ROP may be indicative of the underlying mechanisms of retinal angiogenesis and neural activity. The MALAT1/miR-124-3p/EGR1 regulatory axis is partly responsible for retinal neovascularization, which may provide a novel theoretical basis for the pathogenesis of ROP.		True	False
34690760	Effect of Probenecid on Endothelial Cell Growth Rate and Retinal Angiogenesis in an Oxygen-Induced Retinopathy Model.	Objectives: Probenecid is an anion transport inhibitor, which, according to the connectivity map (CMap; a biological application database), interferes with hypoxia-induced gene expression changes in retinal vascular endothelial cells (ECs). Here, we investigated the influence of probenecid on retinal EC cytotoxicity and retinal neovascularization in a murine oxygen-induced retinopathy (OIR) model. Methods: The retinal EC growth rate in the presence of hypoxia-mimicking concentrations of cobalt chloride (CoCl2) was determined using the thiazolyl blue tetrazolium bromide (MTT) assay and proliferating cell nuclear antigen (PCNA) expression. In OIR rats, probenecid was administered by intraperitoneal injection (i.p.) from postnatal day (P) 1 to P7. The concentrations of vitreous humor vascular endothelial growth factor (VEGF), hypoxia-inducible factor (HIF)-1α, and placental growth factor (PlGF) were determined by using the ELISA kit at P21. The amount of newly formed vascular lumen was evaluated by histopathological examination. Retinopathy and neovascularization were assessed by scoring isolectin B4 fluorescein-stained retinal flat mounts. Western blots for liver tissue HIF-1α and hepcidin (HAMP) were performed. Results: In vitro, probenecid led to the recession of the hypoxia-induced EC growth rate. In vivo, compared to the OIR retina, the upregulation of VEGF, HIF-1α, and PlGF in phase II retinopathy of prematurity (ROP) was inhibited by probenecid administration. Moreover, probenecid ameliorated neovascularization and resulted in significantly reduced relative leakage fluorescence signal intensity in fluorescein-stained retinal flat mounts (p < 0.05). Probenecid alleviated the liver overactivation of HAMP and downregulation of HIF-1α in OIR rats. Conclusions: This is the first demonstration that implies that probenecid might be a protective compound against retinal angiogenesis in OIR. These changes are accompanied with decreased hyperoxia-mediated hepcidin overproduction. Although the relevance of the results to ROP needs further research, these findings may help establish potential pharmacological targets based on the CMap database.		True	False
34971428	eNOS controls angiogenic sprouting and retinal neovascularization through the regulation of endothelial cell polarity.	The roles of nitric oxide (NO) and endothelial NO synthase (eNOS) in the regulation of angiogenesis are well documented. However, the involvement of eNOS in the sprouting of endothelial tip-cells at the vascular front during sprouting angiogenesis remains poorly defined. In this study, we show that downregulation of eNOS markedly inhibits VEGF-stimulated migration of endothelial cells but increases their polarization, as evidenced by the reorientation of the Golgi in migrating monolayers and by the fewer filopodia on tip cells at ends of sprouts in endothelial cell spheroids. The effect of eNOS inhibition on EC polarization was prevented in Par3-depleted cells. Importantly, downregulation of eNOS increased the expression of polarity genes, such as PARD3B, PARD6A, PARD6B, PKCΖ, TJP3, and CRB1 in endothelial cells. In retinas of eNOS knockout mice, vascular development is retarded with decreased vessel density and vascular branching. Furthermore, tip cells at the extremities of the vascular front have a marked reduction in the number of filopodia per cell and are more oriented. In a model of oxygen-induced retinopathy (OIR), eNOS deficient mice are protected during the initial vaso-obliterative phase, have reduced pathological neovascularization, and retinal endothelial tip cells have fewer filopodia. Single-cell RNA sequencing of endothelial cells from OIR retinas revealed enrichment of genes related to cell polarity in the endothelial tip-cell subtype of eNOS deficient mice. These results indicate that inhibition of eNOS alters the polarity program of endothelial cells, which increases cell polarization, regulates sprouting angiogenesis and normalizes pathological neovascularization during retinopathy.		True	False
34999209	Targeting circular RNA-MET for anti-angiogenesis treatment via inhibiting endothelial tip cell specialization.	Endothelial tip cell specialization plays an essential role in angiogenesis, which is tightly regulated by the complicated gene regulatory network. Circular RNA (circRNA) is a type of covalently closed non-coding RNA that regulates gene expression in eukaryotes. Here, we report that the levels of circMET expression are significantly upregulated in the retinas of mice with oxygen-induced retinopathy, choroidal neovascularization, and diabetic retinopathy. circMET silencing significantly reduces pathological angiogenesis and inhibits tip cell specialization in vivo. circMET silencing also decreases endothelial migration and sprouting in vitro. Mechanistically, circMET regulates endothelial sprouting and pathological angiogenesis by acting as a scaffold to enhance the interaction between IGF2BP2 and NRARP/ESM1. Clinically, circMET is significantly upregulated in the clinical samples of the patients of diabetic retinopathy. circMET silencing could reduce diabetic vitreous-induced endothelial sprouting and retinal angiogenesis in vivo. Collectively, these data identify a circRNA-mediated mechanism that coordinates tip cell specialization and pathological angiogenesis. circMET silencing is an exploitable therapeutic approach for the treatment of neovascular diseases.		True	False
35282140	MicroRNA Expression Analysis of Mice Retinas with Oxygen-Induced Retinopathy by RNA Sequencing.	To characterize the microRNA (miRNA) expression profiles in the retinas of mice with oxygen-induced retinopathy by RNA sequencing and to ascertain miRNAs associated with retinal neovascularization. Retina samples were obtained from 3 groups (6 retinas/group) of OIR mice and normal mice at P17. RNA was isolated from 24 retina samples and then detected on an Illumina HiSeq. Twelve retina samples were used for quantitative polymerase chain reaction to validate the RNA sequencing. Bioinformatics analyses were performed. The RNA sequence showed that 565 miRNAs were detected in the retina of OIR mice and 583 miRNAs in the retina of normal control mice. A total of 553 miRNAs were expressed in both groups. Thirty-eight miRNAs showed altered expression in both groups (p ≤ 0.05). Compared with the control group, 2 miRNAs were significantly upregulated in the OIR group, while 36 miRNAs were significantly downregulated. Meanwhile, 2 candidate miRNAs (miR-181a-5p and miR-21a-5p) with significant differences in miRNA expression (p < 0.01) were selected for validation. Quantitative real-time polymerase chain reaction (qRT-PCR) was used to confirm the relative expression of the two miRNAs. Bioinformatics analyses showed that pathways involved in ischemic retinopathy (such as TGF-β, Ras, Hippo, PI3K-Akt, VEGF, and HIF-1 signaling pathways) were enriched. Our study provided an overall view of miRNA profiling in the OIR retina. These miRNA profiles provide a valuable framework for the potential therapy of retinal angiogenesis.		True	False
35366885	Graphene quantum dots rescue angiogenic retinopathy via blocking STAT3/Periostin/ERK signaling.	Pathological retinal angiogenesis resulting from a variety of ocular diseases including oxygen induced retinopathy, diabetic retinopathy and ocular vein occlusion, is one of the major reasons for vision loss, yet the therapeutic option is limited. Multiple nanoparticles have been reported to alleviate angiogenic retinopathy. However, the adverse effect cannot be ignored due to the relatively large scale. Graphene quantum dots (GQDs) have shown potential in drug delivery and have been proved biocompatible. In this study, Graphene quantum dots are extensively investigated for their application in angiogenic retinopathy therapy. We showed that GQDs were biocompatible nanomaterials in vitro and in vivo. The nanoparticles have a dose-dependent inhibitory effect on proliferation, migration, tube formation and sprouting of human umbilical vein endothelial cells (HUVECs). Further data show that GQDs could inhibit pathological retinal neovascularization in an oxygen-induced retinopathy (OIR) model. The data of RNA sequencing suggested that periostin is involved in this process. GQDs inhibit the expression of periostin via STAT3, and further regulated cell cycle-related protein levels through ERK pathway. The signaling pathway was conformed in vivo using OIR mouse model. The present study indicated that GQDs could be a biocompatible anti-angiogenic nanomedicine in the treatment of pathological retinal neovascularization via disrupting periostin/ERK pathway and subsequent cell cycle.		True	False
35455951	HIF-1-Dependent Induction of β3 Adrenoceptor: Evidence from the Mouse Retina.	A major player in the homeostatic response to hypoxia is the hypoxia-inducible factor (HIF)-1 that transactivates a number of genes involved in neovessel proliferation in response to low oxygen tension. In the retina, hypoxia overstimulates β-adrenoceptors (β-ARs) which play a key role in the formation of pathogenic blood vessels. Among β-ARs, β3-AR expression is increased in proliferating vessels in concomitance with increased levels of HIF-1α and vascular endothelial growth factor (VEGF). Whether, similarly to VEGF, hypoxia-induced β3-AR upregulation is driven by HIF-1 is still unknown. We used the mouse model of oxygen-induced retinopathy (OIR), an acknowledged model of retinal angiogenesis, to verify the hypothesis of β3-AR transcriptional regulation by HIF-1. Investigation of β3-AR regulation over OIR progression revealed that the expression profile of β3-AR depends on oxygen tension, similar to VEGF. The additional evidence that HIF-1α stabilization decouples β3-AR expression from oxygen levels further indicates that HIF-1 regulates the expression of the β3-AR gene in the retina. Bioinformatics predicted the presence of six HIF-1 binding sites (HBS #1-6) upstream and inside the mouse β3-AR gene. Among these, HBS #1 has been identified as the most suitable HBS for HIF-1 binding. Chromatin immunoprecipitation-qPCR demonstrated an effective binding of HIF-1 to HBS #1 indicating the existence of a physical interaction between HIF-1 and the β3-AR gene. The additional finding that β3-AR gene expression is concomitantly activated indicates the possibility that HIF-1 transactivates the β3-AR gene. Our results are indicative of β3-AR involvement in HIF-1-mediated response to hypoxia.		True	False
35584758	N6-methyladenosine modifications of mRNAs and long noncoding RNAs in oxygen-induced retinopathy in mice.	Retinal neovascular diseases are major causes of blindness worldwide. As a common epitranscriptomic modification of eukaryotic RNAs, N6-methyladenosine (m6A) is associated with the pathogenesis of many diseases, including angiogenesis, through the regulation of RNA metabolism and functions. The aim of this study was to identify m6A modifications of mRNAs and long noncoding RNAs (lncRNAs) and determine their potential roles in retinal neovascularization. The transcriptome-wide m6A profiles of mRNAs and lncRNAs in the retinal tissues of mice with oxygen-induced retinopathy (OIR) and controls were identified by microarray analysis of immunoprecipitated methylated RNAs. The m6A methylation levels of mRNAs and lncRNAs identified in the microarray data were validated by MeRIP-qPCR. A total of 1321 mRNAs (151 hypermethylated and 1170 hypomethylated) and 192 lncRNAs (15 hypermethylated and 177 hypomethylated) were differentially methylated with the m6A modification in OIR and control mice. Gene ontology analysis showed that hypermethylated mRNAs were enriched in the regulation of multicellular organismal process, intracellular organelle, and protein binding, while hypomethylated mRNAs were enriched in cellular metabolic process, intracellular process, and binding. Kyoto Encyclopedia of Genes and Genomes pathway analysis indicated that hypermethylated mRNAs were involved in dopaminergic synapses, glutamatergic synapse, and PI3K-Akt signaling pathway, while hypomethylated mRNAs were involved in autophagy, ubiquitin-mediated proteolysis, and spliceosome. Moreover, the altered levels of m6A methylation of ANGPT2, GNG12, ROBO4, and ENSMUST00000153785 were validated by MeRIP-qPCR. The results revealed an altered m6A epitranscriptome in OIR retinas. These methylated RNAs may act as novel modulators and targets in retinal neovascularization.		True	False
35814887	Ultrasound-targeted cationic microbubble-mediated gene transfection and inhibition of retinal neovascularization.	To investigate whether ultrasound-targeted cationic microbubbles (CMBs) destruction could deliver endostatin-green fluorescent protein (GFP) plasmids efficiently to the human retinal endothelial cells (HRECs) and inhibit retinal neovascularization in mice. CMBs were prepared and the presentation of GFP reporter was confirmed by flow cytometry and laser confocal microscopy. Experiments assessing HRECs migration and vascular formation were performed to evaluate gene therapy's efficiency in vitro. A mouse model of oxygen-induced retinopathy was employed and the expression of Bcl-xl, Bcl-2, vascular endothelial growth factor (VEGF) and endostatin in the retina of mice were determined by Western blotting and quantitative polymerase chain reaction (qPCR). The expression of endostatin-GFP in the retina was examined by laser confocal microscopy at 5, 14, and 28d after treatment. The gene expression of endostatin was the highest in the group of the CMBs. Besides, the inhibition and antiangiogenesis effect of the migration and development of HRECs were improved following treatment with CMBs compared with the other groups in vitro. In vivo, retinal neovascularization was significantly inhibited and the fluorescence intensity of endostatin-GFP in the mouse retina was importantly higher in the group of CMBs than that in other groups. The research illustrates ultrasound-targeted CMBs destruction possessed distinct effect on the inhibition of the vascular formation and the development of retinal neovascularization both in vitro and in vivo.		True	False
35980290	MiR-375 mitigates retinal angiogenesis by depressing the JAK2/STAT3 pathway.	Aberrant neovascularization in the retina is an important threat to vision and closely related to several retinal diseases, such as wet form of age-related macular degeneration, diabetic retinopathy, and retinopathy of prematurity. However, the pathogenesis remains largely unknown. MicroRNAs (miRNAs) have been demonstrated to play critical regulatory roles in angiogenesis. Therefore, we aimed to identify the key miRNAs that regulate retinal neovascularization and elucidate the potential underlying mechanisms. In the present study, we performed RNA sequencing of microRNAs in the retina and found that miR-375 was significantly downregulated in the retina of oxygen-induced retinopathy mice. In retinal microvascular endothelial cells (RMECs), overexpression of miR-375 inhibited cell proliferation and angiogenesis. Conversely, inhibition of miR-375 had the opposite effects. Moreover, our results showed that miR-375 negatively regulated the protein expression of JAK2 by inhibiting its translation. The promoting effects of anti-miR-375 on cell proliferation and angiogenesis were attenuated by an inhibitor of STAT3. These results indicate that miR-375 mitigates cell proliferation and angiogenesis, at least in part, through the JAK2/STAT3 pathway in RMECs, which implies an important underlying mechanism of retinal angiogenesis and provides potential therapeutic targets for retinal microangiopathy.		True	False
36264636	Single-cell transcriptome analyses reveal microglia types associated with proliferative retinopathy.	Pathological angiogenesis is a major cause of irreversible blindness in individuals of all age groups with proliferative retinopathy (PR). Mononuclear phagocytes (MPs) within neovascular areas contribute to aberrant retinal angiogenesis. Due to their cellular heterogeneity, defining the roles of MP subsets in PR onset and progression has been challenging. Here, we aimed to investigate the heterogeneity of microglia associated with neovascularization and to characterize the transcriptional profiles and metabolic pathways of proangiogenic microglia in a mouse model of oxygen-induced PR (OIR). Using transcriptional single-cell sorting, we comprehensively mapped all microglia populations in retinas of room air (RA) and OIR mice. We have unveiled several unique types of PR-associated microglia (PRAM) and identified markers, signaling pathways, and regulons associated with these cells. Among these microglia subpopulations, we found a highly proliferative microglia subset with high self-renewal capacity and a hypermetabolic microglia subset that expresses high levels of activating microglia markers, glycolytic enzymes, and proangiogenic Igf1. IHC staining shows that these PRAM were spatially located within or around neovascular tufts. These unique types of microglia have the potential to promote retinal angiogenesis, which may have important implications for future treatment of PR and other pathological ocular angiogenesis-related diseases.		True	False
36322719	Anti-angiogenic properties of microRNA-29a in preclinical ocular models.	Abnormal neovascularization is an important cause of blindness in many ocular diseases, for which the etiology and pathogenic mechanisms remain incompletely understood. Recent studies have revealed the diverse roles of noncoding RNAs in various biological processes and facilitated the research and development of the clinical application of numerous RNA drugs, including microRNAs. Here, we report the antiangiogenic activity of microRNA-29a (miR-29a) in three animal models of ocular neovascularization. The miR-29a knockout (KO) mice displayed enhanced vessel pruning, resulting in a decreased vascularized area during retinal development. In contrast, miR-29a deletion in adult mice accelerated angiogenesis in preclinical disease models, including corneal neovascularization, oxygen-induced retinopathy, and choroidal neovascularization, while the administration of agomir-29a ameliorated pathological neovascularization. Furthermore, miR-29a exerted inhibitory effects on endothelial cell proliferation, migration, and tube formation capacities. RNA sequencing analysis of retinas from miR-29a KO mice and RNA interference experiments identified platelet-derived growth factor C and several extracellular matrix genes as downstream targets of miR-29a involved in regulating ocular angiogenesis. Our data suggest that miR-29a may be a promising clinical candidate for the treatment of neovascular diseases.		True	False
36675807	Microglia-Derived Spp1 Promotes Pathological Retinal Neovascularization via Activating Endothelial Kit/Akt/mTOR Signaling.	Pathological retinal neovascularization (RNV) is the main character of ischemic ocular diseases, which causes severe visual impairments. Though retinal microglia are well acknowledged to play important roles in both physiological and pathological angiogenesis, the molecular mechanisms by which microglia communicates with endothelial cells (EC) remain unknown. In this study, using single-cell RNA sequencing, we revealed that the pro-inflammatory secreted protein Spp1 was the most upregulated gene in microglia in the mouse model of oxygen-induced retinopathy (OIR). Bioinformatic analysis showed that the expression of Spp1 in microglia was respectively regulated via nuclear factor-kappa B (NF-κB) and hypoxia-inducible factor 1α (HIF-1α) pathways, which was further confirmed through in vitro assays using BV2 microglia cell line. To mimic microglia-EC communication, the bEnd.3 endothelial cell line was cultured with conditional medium (CM) from BV2. We found that adding recombinant Spp1 to bEnd.3 as well as treating with hypoxic BV2 CM significantly enhanced EC proliferation and migration, while Spp1 neutralizing blocked those CM-induced effects. Moreover, RNA sequencing of BV2 CM-treated bEnd.3 revealed a significant downregulation of Kit, one of the type III tyrosine kinase receptors that plays a critical role in cell growth and activation. We further revealed that Spp1 increased phosphorylation and expression level of Akt/mTOR signaling cascade, which might account for its pro-angiogenic effects. Finally, we showed that intravitreal injection of Spp1 neutralizing antibody attenuated pathological RNV and improved visual function. Taken together, our work suggests that Spp1 mediates microglia-EC communication in RNV via activating endothelial Kit/Akt/mTOR signaling and is a potential target to treat ischemic ocular diseases.		True	False
36794165	m6A modifications of circular RNAs in ischemia-induced retinal neovascularization.	Ischemia-induced pathological neovascularization in the retina is a leading cause of blindness in various age groups. The purpose of the current study was to identify the involvement of circular RNAs (circRNAs) methylated by N6-methyladenosine (m6A), and predict their potential roles in oxygen-induced retinopathy (OIR) in mice. Methylation assessment via microarray analysis indicated that 88 circRNAs were differentially modified by m6A methylation, including 56 hyper-methylated circRNAs and 32 hypo-methylated circRNAs. Gene ontology enrichment analysis predicted that the enriched host genes of the hyper-methylated circRNAs were involved in cellular process, cellular anatomical entity, and protein binding. Host genes of the hypo-methylated circRNAs were enriched in the regulation of cellular biosynthetic process, the nucleus, and binding. According to the Kyoto Encyclopedia of Genes and Genomes analysis, those host genes were involved in the pathways of selenocompound metabolism, salivary secretion, and lysine degradation. MeRIP-qPCR verified significant alterations in m6A methylation levels of mmu_circRNA_33363, mmu_circRNA_002816, and mmu_circRNA_009692. In conclusion, the study revealed the m6A modification alterations in OIR retinas, and the findings above shed light on the potential roles of m6A methylation in circRNA regulatory functions in the pathogenesis of ischemia-induced pathological retinal neovascularization.		True	False
36870288	Role of Adrenomedullin 2/Intermedin in the Pathogenesis of Neovascular Age-Related Macular Degeneration.	Adrenomedullin 2 (AM2; also known as intermedin) is a member of the adrenomedullin (AM) peptide family. Similarly to AM, AM2 partakes in a variety of physiological activities. AM2 has been reported to exert protective effects on various organ disorders; however, its significance in the eye is unknown. We investigated the role of AM2 in ocular diseases. The receptor system of AM2 was expressed more abundantly in the choroid than in the retina. In an oxygen-induced retinopathy model, physiological and pathologic retinal angiogenesis did not differ between AM2-knockout (AM2-/-) and wild-type mice. In contrast, in laser-induced choroidal neovascularization, a model of neovascular age-related macular degeneration, AM2-/- mice had enlarged and leakier choroidal neovascularization lesions, with exacerbated subretinal fibrosis and macrophage infiltration. Contrary to this, exogenous administration of AM2 ameliorated the laser-induced choroidal neovascularization-associated pathology and suppressed gene expression associated with inflammation, fibrosis, and oxidative stress, including that of VEGF-A, VEGFR-2, CD68, CTGF, and p22-phox. The stimulation of human adult retinal pigment epithelial (ARPE) cell line 19 cells with TGF-β2 and TNF-α induced epithelial-to-mesenchymal transition (EMT), whereas AM2 expression was also elevated. The induction of EMT was suppressed when the ARPE-19 cells were pretreated with AM2. A transcriptome analysis identified 15 genes, including mesenchyme homeobox 2 (Meox2), whose expression was significantly altered in the AM2-treated group compared with that in the control group. The expression of Meox2, a transcription factor that inhibits inflammation and fibrosis, was enhanced by AM2 treatment and attenuated by endogenous AM2 knockout in the early phase after laser irradiation. The AM2 treatment of endothelial cells inhibited endothelial to mesenchymal transition and NF-κB activation; however, this effect tended to be canceled following Meox2 gene knockdown. These results indicate that AM2 suppresses the neovascular age-related macular degeneration-related pathologies partially via the upregulation of Meox2. Thus, AM2 may be a promising therapeutic target for ocular vascular diseases.		True	False
36942311	Exosomes incorporated with black phosphorus quantum dots attenuate retinal angiogenesis via disrupting glucose metabolism.	Black phosphorus quantum dots (BPQDs) have shown potential in tumor therapy, however, their anti-angiogenic functions have not been studied. Although BPQDs are easily degraded to non-toxic phosphrous, the reported toxicity, poor stability, and non-selectivity largely limit their further application in medicine. In this study, a vascular targeting, biocompatible, and cell metabolism-disrupting nanoplatform is engineered by incorporating BPQDs into exosomes modified with the Arg-Gly-Asp (RGD) peptide (BPQDs@RGD-EXO nanospheres, BREs). BREs inhibit endothelial cells (ECs) proliferation, migration, tube formation, and sprouting in vitro. The anti-angiogenic role of BREs in vivo is evaluated using mouse retinal vascular development model and oxygen-induced retinopathy model. Combined RNA-seq and metabolomic analysis reveal that BREs disrupt glucose metabolism, which is further confirmed by evaluating metabolites, ATP production and the c-MYC/Hexokinase 2 pathway. These BREs are promising anti-angiogenic platforms for the treatment of pathological retinal angiogenesis with minimal side effects.		True	False
37017325	Hypoxia-inducible factor stabilisation-related lncRNAs in retinopathy of prematurity.	Long non-coding RNAs (lncRNAs) play an important role in the response to many diseases. The previous study reported the transcriptomes of mice that were cured of oxygen-induced retinopathy (OIR, retinopathy of prematurity (ROP) model) by hypoxia-inducible factor (HIF) stabilisation via HIF prolyl hydroxylase inhibition using the isoquinolone Roxadustat or the 2-oxoglutarateanalog dimethyloxalylglycine (DMOG). However, there is little understanding of how those genes are regulated. In the present study, 6918 known lncRNAs and 3654 novel lncRNAs were obtained, and a series of differentially expressed lncRNAs (DELncRNAs) were also identified. By cis- and trans-regulation analyses, the target genes of DELncRNAs were predicted. Functional analysis demonstrated that multiple genes were involved in the MAPK signalling pathway, adipocytokine signalling pathway was regulated by the DELncRNAs. By HIF-pathway analysis, two lncRNAs Gm12758 and Gm15283 were found that can regulate the HIF-pathway by targeting the Vegfa, Pgk1, Pfkl, Eno1, Eno1b and Aldoa genes. In conclusion, the present study provided a series of lncRNAs for further understanding and protecting the extremely premature infant from oxygen toxicity.		True	False
37179352	Vascular cell-adhesion molecule 1 (VCAM-1) regulates JunB-mediated IL-8/CXCL1 expression and pathological neovascularization.	Vascular adhesion molecules play an important role in various immunological disorders, particularly in cancers. However, little is known regarding the role of these adhesion molecules in proliferative retinopathies. We observed that IL-33 regulates VCAM-1 expression in human retinal endothelial cells and that genetic deletion of IL-33 reduces hypoxia-induced VCAM-1 expression and retinal neovascularization in C57BL/6 mice. We found that VCAM-1 via JunB regulates IL-8 promoter activity and expression in human retinal endothelial cells. In addition, our study outlines the regulatory role of VCAM-1-JunB-IL-8 signaling on retinal endothelial cell sprouting and angiogenesis. Our RNA sequencing results show an induced expression of CXCL1 (a murine functional homolog of IL-8) in the hypoxic retina, and intravitreal injection of VCAM-1 siRNA not only decreases hypoxia-induced VCAM-1-JunB-CXCL1 signaling but also reduces OIR-induced sprouting and retinal neovascularization. These findings suggest that VCAM-1-JunB-IL-8 signaling plays a crucial role in retinal neovascularization, and its antagonism might provide an advanced treatment option for proliferative retinopathies.		True	False
37213234	Oxygen-induced pathological angiogenesis promotes intense lipid synthesis and remodeling in the retina.	The retina is a notable tissue with high metabolic needs which relies on specialized vascular networks to protect the neural retina while maintaining constant supplies of oxygen, nutrients, and dietary essential fatty acids. Here we analyzed the lipidome of the mouse retina under healthy and pathological angiogenesis using the oxygen-induced retinopathy model. By matching lipid profiles to changes in mRNA transcriptome, we identified a lipid signature showing that pathological angiogenesis leads to intense lipid remodeling favoring pathways for neutral lipid synthesis, cholesterol import/export, and lipid droplet formation. Noteworthy, it also shows profound changes in pathways for long-chain fatty acid production, vital for retina homeostasis. The net result is accumulation of large quantities of mead acid, a marker of essential fatty acid deficiency, and a potential marker for retinopathy severity. Thus, our lipid signature might contribute to better understand diseases of the retina that lead to vision impairment or blindness.		True	False
37215579	Single-cell RNA sequencing reveals a unique pericyte type associated with capillary dysfunction.	Background: Capillary dysfunction has been implicated in a series of life- threatening vascular diseases characterized by pericyte and endothelial cell (EC) degeneration. However, the molecular profiles that govern the heterogeneity of pericytes have not been fully elucidated. Methods: Single-cell RNA sequencing was conducted on oxygen-induced proliferative retinopathy (OIR) model. Bioinformatics analysis was conducted to identify specific pericytes involved in capillary dysfunction. qRT-PCRs and western blots were conducted to detect Col1a1 expression pattern during capillary dysfunction. Matrigel co-culture assays, PI staining, and JC-1 staining was conducted to determine the role of Col1a1 in pericyte biology. IB4 and NG2 staining was conducted to determine the role of Col1a1 in capillary dysfunction. Results: We constructed an atlas of > 76,000 single-cell transcriptomes from 4 mouse retinas, which could be annotated to 10 distinct retinal cell types. Using the sub-clustering analysis, we further characterized retinal pericytes into 3 different subpopulations. Notably, GO and KEGG pathway analysis demonstrated that pericyte sub-population 2 was identified to be vulnerable to retinal capillary dysfunction. Based on the single-cell sequencing results, Col1a1 was identified as a marker gene of pericyte sub-population 2 and a promising therapeutic target for capillary dysfunction. Col1a1 was abundantly expressed in pericytes and its expression was obviously upregulated in OIR retinas. Col1a1 silencing could retard the recruitment of pericytes toward endothelial cells and aggravated hypoxia-induced pericyte apoptosis in vitro. Col1a1 silencing could reduce the size of neovascular area and avascular area in OIR retinas and suppressed pericyte-myofibroblast transition and endothelial-mesenchymal transition. Moreover, Col1a1 expression was up-regulated in the aqueous humor of the patients with proliferative diabetic retinopathy (PDR) or retinopathy of prematurity (ROP) and up-regulated in the proliferative membranes of PDR patients. Conclusions: These findings enhance the understanding of the complexity and heterogeneity of retinal cells and have important implications for future treatment of capillary dysfunction.		True	False
37322431	Galectin-1-dependent ceRNA network in HRMECs revealed its association with retinal neovascularization.	Retinal neovascularization (RNV) is a leading cause of blindness worldwide. Long non-coding RNA (lncRNA) and competing endogenous RNA (ceRNA) regulatory networks play vital roles in angiogenesis. The RNA-binding protein galectin-1 (Gal-1) participates in pathological RNV in oxygen-induced retinopathy mouse models. However, the molecular associations between Gal-1 and lncRNAs remain unclear. Herein, we aimed to explore the potential mechanism of action of Gal-1 as an RNA-binding protein. A comprehensive network of Gal-1, ceRNAs, and neovascularization-related genes was constructed based on transcriptome chip data and bioinformatics analysis of human retinal microvascular endothelial cells (HRMECs). We also conducted functional enrichment and pathway enrichment analyses. Fourteen lncRNAs, twenty-nine miRNAs, and eleven differentially expressed angiogenic genes were included in the Gal-1/ceRNA network. Additionally, the expression of six lncRNAs and eleven differentially expressed angiogenic genes were validated by qPCR in HRMECs with or without siLGALS1. Several hub genes, such as NRIR, ZFPM2-AS1, LINC0121, apelin, claudin-5, and C-X-C motif chemokine ligand 10, were found to potentially interact with Gal-1 via the ceRNA axis. Furthermore, Gal-1 may be involved in regulating biological processes related to chemotaxis, chemokine-mediated signaling, the immune response, and the inflammatory response. The Gal-1/ceRNA axis identified in this study may play a vital role in RNV. This study provides a foundation for the continued exploration of therapeutic targets and biomarkers associated with RNV.		True	False
37441592	Tsp-1+ microglia attenuate retinal neovascularization by maintaining the expression of Smad3 in endothelial cells through exosomes with decreased miR-27a-5p.	Rationale: Microglia with a repertoire of functions are critical in pathological regulation of angiogenesis in the retina. However, retinal microglia with beneficial contributions and corresponding mechanisms during pathological neovascularization are poorly understood. Methods: We conducted a bioinformatic comparison of public single-cell RNA transcriptome data between retinal microglia from mice with oxygen-induced retinopathy (OIR) and an antiangiogenic microglial population named MG3 from the spine. The essential beneficial factor thrombospondin-1 (Tsp-1) from microglia was discovered and then validated in the retina of mice with OIR at P17. Exosomes were isolated from Tsp-1-knockout microglia (KO-Exos) and Tsp-1+ microglia (NT-Exos). Human umbilical vein endothelial cells (HUVEC) morphology studies, exosomes' miRNA sequencing, luciferase reporter assay, miRNA loss of function studies, and intravitreal injection were used to explore the mechanism of Tsp-1 and microglia-associated retinal angiogenesis. Results: The bioinformatic analyses of single-cell RNA-seq data indicated that a subtype of retinal microglia named RMG1 shares features with MG3 in regulating wound healing, cell adhesion, and angiogenesis. Remarkably, Tsp-1, an extracellular matrix protein with robust inhibition of angiogenesis, was especially expressed in both MG3 and RMG1. However, the scarcity of Tsp-1+ cells was observed in RMG1, which could be an obstacle to attenuating retinal neovascularization. Subsequently, we found that exosomes derived from Tsp-1+ microglia inhibit the migration and tube formation of HUVEC. Moreover, the knockout of Tsp-1 led to the enrichment of miR-27a-5p in exosomes from microglia and promoted angiogenesis compared to that of NT-Exos in vitro. Furthermore, in the luciferase reporter assay on the transcriptional activity of the promoter, we demonstrated that Tsp-1 negatively regulates miR-27a-5p expression. In addition, SMAD family member 3 (Smad3), a receptor-activated Smad protein that is conducive to vascular homeostasis, was defined as a functional target gene of miR-27a-5p. These data were consistently confirmed in vivo in the retina of mice with OIR. Conclusion: Collectively, the Tsp-1/miR-27a-5p/Smad3 axis is involved in microglia-related and exosome-mediated antiangiogenic regulation of the retina. Therefore, this study reveals a novel mechanism by which retinal microglia maintain vascular homeostasis, thereby providing a new therapeutic target for pathological neovascularization.		True	False
37942611	FAM222A, Part of the BET-Regulated Basal Endothelial Transcriptome, Is a Novel Determinant of Endothelial Biology and Angiogenesis-Brief Report.	BETs (bromodomain and extraterminal domain-containing epigenetic reader proteins), including BRD4 (bromodomain-containing protein 4), orchestrate transcriptional programs induced by pathogenic stimuli, as intensively studied in cardiovascular disease and elsewhere. In endothelial cells (ECs), BRD4 directs induced proinflammatory, proatherosclerotic transcriptional responses; BET inhibitors, like JQ1, repress these effects and decrease atherosclerosis. While BET effects in pathogenic conditions have prompted therapeutic BET inhibitor development, BET action under basal conditions, including ECs, has remained understudied. To understand BET action in basal endothelial transcriptional programs, we first analyzed EC RNA-Seq data in the absence versus presence of JQ1 before using BET regulation to identify novel determinants of EC biology and function. RNA-Seq datasets of human umbilical vein ECs without and with JQ1 treatment were analyzed. After identifying C12orf34, also known as FAM222A (family with sequence similarity 222 member A), as a previously unreported, basally expressed, potently JQ1-induced EC gene, FAM222A was studied in endothelial and angiogenic responses in vitro using small-interference RNA silencing and lentiviral overexpression, in vitro, ex vivo and in vivo, including aortic sprouting, matrigel plug assays, and murine neonatal oxygen-induced retinopathy. Resting EC RNA-Seq data indicate BETs direct transcriptional programs underlying core endothelial properties including migration, proliferation, and angiogenesis. BET inhibition in resting ECs also significantly induced a subset of mRNAs, including FAM222A-a unique BRD4-regulated gene with no reported EC role. Silencing endothelial FAM222A significantly decreased cellular proliferation, migration, network formation, aorta sprouting, and Matrigel plug vascularization through coordinated modulation of VEGF (vascular endothelial growth factor) and NOTCH mediator expression in vitro, ex vivo, in vivo; lentiviral FAM222A overexpression had opposite effects. In vivo, siFAM222A significantly repressed retinal revascularization in neonatal murine oxygen-induced retinopathy through similar angiogenic signaling modulation. BET control over the basal endothelial transcriptome includes FAM222A, a novel, BRD4-regulated, key determinant of endothelial biology and angiogenesis.		True	False
38027065	AAV2-antiVEGFscFv gene therapy for retinal neovascularization.	Retinal neovascularization (NV) may lead to irreversible vision impairment, the main treatment for which is the inhibition of vascular endothelial growth factor (VEGF). Existing drugs show limited clinical benefits because of their high prices and short half-lives, which increase the financial burden and medical risks to patients. Gene therapy on the basis of adeno-associated viruses is a promising approach to overcome these limitations because of the nonintegrative nature, low immunogenicity, and potential long-term gene expression of adeno-associated viruses. In this study, we constructed a novel recombinant adeno-associated virus with the single-chain fragment variable (scFv) fragment of the anti-VEGF antibody, AAV2-antiVEGFscFv, consisting of the VH and VL structural domains of IgG. AAV2-antiVEGFscFv effectively inhibited NV, retinal leakage, and retinal detachment in oxygen-induced retinopathy (OIR) mice, Tet/opsin/VEGF double-transgenic mice, and VEGF-induced rabbit NV models. AAV2-antiVEGFscFv also significantly suppressed VEGF-induced inflammation. Furthermore, we showed that AAV2-antiVEGFscFv could be sustainably expressed for a prolonged period and exhibited low immunotoxicity in vivo. This study indicates that AAV2-antiVEGFscFv could be a potential approach for NV treatment and provides strong support for preclinical research.		True	False
38153746	Transcriptional Comparison of Human and Murine Retinal Neovascularization.	Retinal neovascularization (RNV) is the leading cause of vision loss in diseases like proliferative diabetic retinopathy (PDR). A significant failure rate of current treatments indicates the need for novel treatment targets. Animal models are crucial in this process, but current diabetic retinopathy models do not develop RNV. Although the nondiabetic oxygen-induced retinopathy (OIR) mouse model is used to study RNV development, it is largely unknown how closely it resembles human PDR. We therefore performed RNA sequencing on murine (C57BL/6J) OIR retinas (n = 14) and human PDR RNV membranes (n = 7) extracted during vitrectomy, each with reference to control tissue (n=13/10). Differentially expressed genes (DEG) and associated biological processes were analyzed and compared between human and murine RNV to assess molecular overlap and identify phylogenetically conserved factors. In total, 213 murine- and 1223 human-specific factors were upregulated with a small overlap of 94 DEG (7% of human DEG), although similar biological processes such as angiogenesis, regulation of immune response, and extracellular matrix organization were activated in both species. Phylogenetically conserved mediators included ANGPT2, S100A8, MCAM, EDNRA, and CCR7. Even though few individual genes were upregulated simultaneously in both species, similar biological processes appeared to be activated. These findings demonstrate the potential and limitations of the OIR model to study human PDR and identify phylogenetically conserved potential treatment targets for PDR.		True	False
38190125	Oncostatin M Reduces Pathological Neovascularization in the Retina Through Müller Cell Activation.	Continuous vision loss due to vasoproliferative eye disease still represents an unsolved issue despite anti-vascular endothelial growth factor (VEGF) therapy. The impact of signal transducer and activator of transcription 3 (STAT3) signaling on retinal angiogenesis and its potential use as a therapeutic target remain controversial. In vitro, oncostatin M (OSM), as a strong STAT3 activator, possesses robust proangiogenic activity. This study investigated to what extent the proangiogenic effects of OSM translate to the in vivo setting of vasoproliferative eye disease. The in vitro effect of OSM on endothelial cells was investigated in the spheroid sprouting assay and through RNA sequencing. The mouse model for oxygen-induced retinopathy (OIR) was used to evaluate the impact of OSM in vivo. Signaling patterns were measured by western blot and retinal cryosections. Primary Müller cell cultures were used to evaluate the effect of OSM on the Müller cell secretome. Murine retinal vascular endothelial cells were isolated from OIR retinas using fluorescence-activated cell sorting (FACS) and were used for RNA sequencing. Although OSM induced pro-angiogenic responses in vitro, in the OIR model intravitreal injection of OSM reduced retinal neovascularization by 65.2% and vaso-obliteration by 45.5% in Müller cells. Injecting OSM into the vitreous activated the STAT3 signaling pathway in multiple retinal cell types, including Müller cells. In vitro, OSM treatment increased CXCL10 secretion. RNA sequencing of sorted vascular endothelial cells at OIR P17 following OSM treatment indicated downregulation of angiogenesis- and mitosis-associated genes. In vivo, OSM reveals a beneficial angiomodulatory effect by activating Müller cells and changing their secretome. The data highlight contradictions between cytokine-induced effects in vitro and in vivo depending on the cell types mediating the effect.		True	False
38434621	Amelioration of oxygen-induced retinopathy in neonatal mice with fetal growth restriction.	Introduction: With the aim of optimizing the balance of maintaining a safe oxygen saturation and reducing the risk of retinopathy of prematurity in human neonates with fetal growth restriction (FGR), the present study investigated the distinct effects of oxygen supplementation on the retinal neovasculature using a murine premature neonatal oxygen-induced retinopathy (OIR) model with or without fetal growth restriction. Methods: For comparison with normal birth-weight neonates, maternal low-protein diet-induced FGR neonates were subjected to fluctuating oxygen levels to generate oxygen-induced retinopathy. The retinal neovasculature was histologically evaluated, and comprehensive transcriptome analysis was conducted. Results: Compared to OIR neonates with normal birth weight, significant amelioration of the neovasculature, as indicated by decreases in the number of branch junctions, vascular distribution, maximal vascular radius and microaneurysm-like tufts, was observed in OIR mice with FGR. The results of retinal RNA-sequencing revealed downregulation of angiogenic factors that trigger pathological retinal neovascularization, such as the mitogen-activated protein kinase pathway and corresponding upstream signaling pathways in OIR mice with FGR. Conclusion: Our findings demonstrated that FGR neonates have a higher capacity for retinal oxygen stress, and the risk of OIR development is attenuated compared to that in mature neonates with normal birth weight.		True	False
38505600	G protein subunit alpha i2's pivotal role in angiogenesis.	Here we explored the potential role of Gαi2 (G protein subunit alpha i2) in endothelial cell function and angiogenesis. Methods: Genetic methodologies such as shRNA, CRISPR/Cas9, dominant negative mutation, and overexpression were utilized to modify Gαi2 expression or regulate its function. Their effects on endothelial cell functions were assessed in vitro. In vivo, the endothelial-specific Gαi2 shRNA adeno-associated virus (AAV) was utilized to silence Gαi2 expression. The impact of this suppression on retinal angiogenesis in control mice and streptozotocin (STZ)-induced diabetic retinopathy (DR) mice was analyzed. Results: Analysis of single-cell RNA sequencing data revealed Gαi2 (GNAI2) was predominantly expressed in retinal endothelial cells and expression was increased in retinal endothelial cells following oxygen-induced retinopathy (OIR) in mice. Moreover, transcriptome analysis linking Gαi2 to angiogenesis-related processes/pathways, supported by increased Gαi2 expression in experimental OIR mouse retinas, highlighted its possible role in angiogenesis. In various endothelial cell types, shRNA-induced silencing and CRISPR/Cas9-mediated knockout (KO) of Gαi2 resulted in substantial reductions in cell proliferation, migration, invasion, and capillary tube formation. Conversely, Gαi2 over-expression in endothelial cells induced pro-angiogenic activities, enhancing cell proliferation, migration, invasion, and capillary tube formation. Furthermore, our investigation revealed a crucial role of Gαi2 in NFAT (nuclear factor of activated T cells) activation, as evidenced by the down-regulation of NFAT-luciferase reporter activity and pro-angiogenesis NFAT-targeted genes (Egr3, CXCR7, and RND1) in Gαi2-silenced or -KO HUVECs, which were up-regulated in Gαi2-overexpressing endothelial cells. Expression of a dominant negative Gαi2 mutation (S48C) also down-regulated NFAT-targeted genes, slowing proliferation, migration, invasion, and capillary tube formation in HUVECs. Importantly, in vivo experiments revealed that endothelial Gαi2 knockdown inhibited retinal angiogenesis in mice, with a concomitant down-regulation of NFAT-targeted genes in mouse retinal tissue. In contrast, Gαi2 over-expression in endothelial cells enhanced retinal angiogenesis in mice. Single-cell RNA sequencing data confirmed increased levels of Gαi2 specifically in retinal endothelial cells of mice with streptozotocin (STZ)-induced diabetic retinopathy (DR). Importantly, endothelial Gαi2 silencing ameliorated retinal pathological angiogenesis in DR mice. Conclusion: Our study highlights a critical role for Gαi2 in NFAT activation, endothelial cell activation and angiogenesis, offering valuable insights into potential therapeutic strategies for modulating these processes.		True	False
38509306	RNA-binding proteins potentially regulate the alternative splicing of cell cycle-associated genes in proliferative diabetic retinopathy.	RNA-binding proteins (RBPs) contribute to the pathogenesis of proliferative diabetic retinopathy (PDR) by regulating gene expression through alternative splicing events (ASEs). However, the RBPs differentially expressed in PDR and the underlying mechanisms remain unclear. Thus, this study aimed to identify the differentially expressed genes in the neovascular membranes (NVM) and retinas of patients with PDR. The public transcriptome dataset GSE102485 was downloaded from the Gene Expression Omnibus database, and samples of PDR and normal retinas were analyzed. A mouse model of oxygen-induced retinopathy was used to confirm the results. The top 20 RBPs were screened for co-expression with alternative splicing genes (ASGs). A total of 403 RBPs were abnormally expressed in the NVM and retina samples. Functional analysis demonstrated that the ASGs were enriched in cell cycle pathways. Cell cycle-associated ASEs and an RBP-AS regulatory network, including 15 RBPs and their regulated ASGs, were extracted. Splicing factor proline/glutamine rich (SFPQ), microtubule-associated protein 1 B (MAP1B), heat-shock protein 90-alpha (HSP90AA1), microtubule-actin crosslinking factor 1 (MACF1), and CyclinH (CCNH) expression remarkably differed in the mouse model. This study provides novel insights into the RBP-AS interaction network in PDR and for developing screening and treatment options to prevent diabetic retinopathy-related blindness.	GSE102485	True	True
38709389	IC100, a humanized therapeutic monoclonal anti-ASC antibody alleviates oxygen-induced retinopathy in mice.	Retinopathy of prematurity (ROP), which often presents with bronchopulmonary dysplasia (BPD), is among the most common morbidities affecting extremely premature infants and is a leading cause of severe vision impairment in children worldwide. Activations of the inflammasome cascade and microglia have been implicated in playing a role in the development of both ROP and BPD. Apoptosis-associated speck-like protein containing a caspase recruitment domain (ASC) is pivotal in inflammasome assembly. Utilizing mouse models of both oxygen-induced retinopathy (OIR) and BPD, this study was designed to test the hypothesis that hyperoxia induces ASC speck formation, which leads to microglial activation and retinopathy, and that inhibition of ASC speck formation by a humanized monoclonal antibody, IC100, directed against ASC, will ameliorate microglial activation and abnormal retinal vascular formation. We first tested ASC speck formation in the retina of ASC-citrine reporter mice expressing ASC fusion protein with a C-terminal citrine (fluorescent GFP isoform) using a BPD model that causes both lung and eye injury by exposing newborn mice to room air (RA) or 85% O2 from postnatal day (P) 1 to P14. The retinas were dissected on P14 and retinal flat mounts were used to detect vascular endothelium with AF-594-conjugated isolectin B4 (IB4) and citrine-tagged ASC specks. To assess the effects of IC100 on an OIR model, newborn ASC citrine reporter mice and wildtype mice (C57BL/6 J) were exposed to RA from P1 to P6, then 75% O2 from P7 to P11, and then to RA from P12 to P18. At P12 mice were randomized to the following groups: RA with placebo PBS (RA-PBS), O2 with PBS (O2-PBS), O2 + IC100 intravitreal injection (O2-IC100-IVT), and O2 + IC100 intraperitoneal injection (O2-IC100-IP). Retinal vascularization was evaluated by flat mount staining with IB4. Microglial activation was detected by immunofluorescence staining for allograft inflammatory factor 1 (AIF-1) and CD206. Retinal structure was analyzed on H&E-stained sections, and function was analyzed by pattern electroretinography (PERG). RNA-sequencing (RNA-seq) of the retinas was performed to determine the transcriptional effects of IC100 treatment in OIR. ASC specks were significantly increased in the retinas by hyperoxia exposure and colocalized with the abnormal vasculature in both BPD and OIR models, and this was associated with increased microglial activation. Treatment with IC100-IVT or IC100-IP significantly reduced vaso-obliteration and intravitreal neovascularization. IC100-IVT treatment also reduced retinal microglial activation, restored retinal structure, and improved retinal function. RNA-seq showed that IC100 treatment corrected the induction of genes associated with angiogenesis, leukocyte migration, and VEGF signaling caused by O2. IC100 also corrected the suppression of genes associated with cell junction assembly, neuron projection, and neuron recognition caused by O2. These data demonstrate the crucial role of ASC in the pathogenesis of OIR and the efficacy of a humanized therapeutic anti-ASC antibody in treating OIR mice. Thus, this anti-ASC antibody may potentially be considered in diseases associated with oxygen stresses and retinopathy, such as ROP.		True	False
38739977	Upregulation of HMOX1 associated with M2 macrophage infiltration and ferroptosis in proliferative diabetic retinopathy.	The roles of immune cell infiltration and ferroptosis in the progression of proliferative diabetic retinopathy (PDR) remain unclear. To identify upregulated molecules associated with immune infiltration and ferroptosis in PDR, GSE60436 and GSE102485 datasets were downloaded from the Gene Expression Omnibus (GEO). Genes associated with immune cell infiltration were examined through Weighted Gene Co-expression Network Analysis (WGCNA) and CIBERSORT algorithm. Common differentially expressed genes (DEGs) were intersected with ferroptosis-associated and immune cell infiltration-related genes. Localization of cellular expression was confirmed by single-cell analysis of GSE165784 dataset. Findings were validated by qRT-PCR, ELISA, Western blotting, and immunofluorescence staining. As a result, the infiltration of M2 macrophages was significantly elevated in fibrovascular membrane samples from PDR patients than the retinas of control subjects. Analysis of DEGs, M2 macrophage-related genes and ferroptosis-related genes identified three hub intersecting genes, TP53, HMOX1 and PPARA. qRT-PCR showed that HMOX1 was significantly higher in the oxygen-induced retinopathy (OIR) mouse model retinas than in controls. Single-cell analysis confirmed that HMOX1 was located in M2 macrophages. ELISA and western blotting revealed elevated levels of HMOX1 in the vitreous humor of PDR patients and OIR retinas, and immunofluorescence staining showed that HMOX1 co-localized with M2 macrophages in the retinas of OIR mice. This study offers novel insights into the mechanisms associated with immune cell infiltration and ferroptosis in PDR. HMOX1 expression correlated with M2 macrophage infiltration and ferroptosis, which may play a crucial role in PDR pathogenesis.	GSE102485;GSE165784;GSE60436	True	True
38958972	Epithelial Membrane Protein 2 (EMP2) Blockade Attenuates Pathological Neovascularization in Murine Oxygen-Induced Retinopathy.	Retinopathy of prematurity (ROP) results from postnatal hyperoxia exposure in premature infants and is characterized by aberrant neovascularization of retinal blood vessels. Epithelial membrane protein-2 (EMP2) regulates hypoxia-inducible factor (HIF)-induced vascular endothelial growth factor (VEGF) production in the ARPE-19 cell line and genetic knock-out of Emp2 in a murine oxygen-induced retinopathy (OIR) model attenuates neovascularization. We hypothesize that EMP2 blockade via intravitreal injection protects against neovascularization. Ex vivo choroid sprouting assay was performed, comparing media and human IgG controls versus anti-EMP2 antibody (Ab) treatment. In vivo, eyes from wild-type (WT) mice exposed to hyperoxia from postnatal (P) days 7 to 12 were treated with P12 intravitreal injections of control IgG or anti-EMP2 Abs. Neovascularization was assessed at P17 by flat mount imaging. Local and systemic effects of anti-EMP2 Ab treatment were assessed. Choroid sprouts treated with 30 µg/mL of anti-EMP2 Ab demonstrated a 48% reduction in vessel growth compared to control IgG-treated sprouts. Compared to IgG-treated controls, WT OIR mice treated with 4 µg/g of intravitreal anti-EMP2 Ab demonstrated a 42% reduction in neovascularization. They demonstrated down-regulation of retinal gene expression in pathways related to vasculature development and up-regulation in genes related to fatty acid oxidation and tricarboxylic acid cycle respiratory electron transport, compared to controls. Anti-EMP2 Ab-treated OIR mice did not exhibit gross retinal histologic abnormalities, vision transduction abnormalities, or weight loss. Our results suggest that EMP2 blockade could be a local and specific treatment modality for retinal neovascularization in oxygen-induced retinopathies, without systemic adverse effects.		True	False
38978601	Timed topical dexamethasone eye drops improve mitochondrial function to prevent severe retinopathy of prematurity.	Pathological neovascularization in retinopathy of prematurity (ROP) can cause visual impairment in preterm infants. Current ROP treatments which are not preventative and only address late neovascular ROP, are costly and can lead to severe complications. We showed that topical 0.1% dexamethasone eye drops administered prior to peak neovessel formation prevented neovascularization in five extremely preterm infants at high risk for ROP and suppressed neovascularization by 30% in mouse oxygen-induced retinopathy (OIR) modeling ROP. In contrast, in OIR, topical dexamethasone treatment before any neovessel formation had limited efficacy in preventing later neovascularization, while treatment after peak neovessel formation had a non-statistically significant trend to exacerbating disease. Optimally timed topical dexamethasone suppression of neovascularization in OIR was associated with increased retinal mitochondrial gene expression and decreased inflammatory marker expression, predominantly found in immune cells. Blocking mitochondrial ATP synthetase reversed the inhibitory effect of dexamethasone on neovascularization in OIR. This study provides new insights into topical steroid effects in retinal neovascularization and into mitochondrial function in phase II ROP, and suggests a simple clinical approach to prevent severe ROP.		True	False
39005408	Endothelial Zmiz1 modulates physiological and pathophysiological angiogenesis during retinal development.	Angiogenesis is a highly coordinated process involving the control of various endothelial cell behaviors. Mechanisms for transcription factor involvement in the regulation of endothelial cell dynamics and angiogenesis have become better understood, however much remains unknown, especially the role of non-DNA binding transcriptional cofactors. Here, we show that Zmiz1, a transcription cofactor, is enriched in the endothelium and critical for embryonic vascular development, postnatal retinal angiogenesis, and pathological angiogenesis in oxygen induced retinopathy (OIR). In mice, endothelial cell-specific deletion of Zmiz1 during embryogenesis led to lethality due to abnormal angiogenesis and vascular defects. Inducible endothelial cell-specific ablation of Zmiz1 postnatally resulted in impaired retinal vascular outgrowth, decreased vascular density, and increased vessel regression. In addition, angiogenic sprouting in the superficial and deep layers of the retina was markedly reduced. Correspondingly, vascular sprouting in fibrin bead assays was significantly reduced in the absence of Zmiz1, while further in vitro and in vivo evidence also suggested deficits in EC migration. In agreement with the defective sprouting angiogenesis phenotype, gene expression analysis of isolated retinal endothelial cells revealed downregulation of tip-cell enriched genes upon inactivation of Zmiz1. Lastly, our study suggested that endothelial Zmiz1 is critical for intraretinal revascularization following hypoxia exposure in the OIR model. Taken together, these findings begin to define the previously unspecified role of endothelial Zmiz1 in physiological and pathological angiogenesis.		True	False
39153705	The STAT1-SLC31A1 axis: Potential regulation of cuproptosis in diabetic retinopathy.	By identifying molecular biological markers linked to cuproptosis in diabetic retinopathy (DR), new pathobiological pathways and more accessible diagnostic markers can be developed. The datasets related to DR were acquired from the Gene Expression Omnibus database, while genes associated with cuproptosis were sourced from previously published compilations. Consensus clustering was conducted to delineate distinct DR subclasses. Feature genes were identified utilizing weighted correlation network analysis (WGCNA). Additionally, two machine-learning algorithms were employed to refine the selection of feature genes. Finally, we conducted preliminary validation experiments to ascertain the involvement of cuproptosis in DR development and the transcriptional regulation of critical genes using both the streptozotocin-induced diabetic mouse model and the high glucose-induced BV2 model. In the STZ-induced diabetic mouse retinas, a decrease in the expression of cuproptosis signature proteins (FDX1, DLAT, and NDUFS8) suggested the occurrence of cuproptosis in DR. Subsequently, the expression of eight cuproptosis differential genes was validated through the STZ-induced diabetes and oxygen-induced retinopathy (OIR) models, with the key gene SLC31A1 showing upregulation in both models and dataset species. Further analyses, including weighted gene co-expression network analysis, GSVA, and immune infiltration analysis, indicated a close correlation between cuproptosis and microglia function. Additionally, validation in an in vitro model of microglia indicated the occurrence of cuproptosis in microglia under high glucose conditions, alongside abnormal expression of STAT1 with SLC31A1. Our findings suggest that STAT1/SLC31A1 may pave the way for a deeper comprehension of the mechanistic basis of DR and offer potential therapeutic avenues.		True	True
39287727	Timed topical dexamethasone eye drops improve mitochondrial function to prevent severe retinopathy of prematurity.	Pathological neovascularization in retinopathy of prematurity (ROP) can cause visual impairment in preterm infants. Current ROP treatments which are not preventative and only address late neovascular ROP, are costly and can lead to severe complications. We showed that topical 0.1% dexamethasone eye drops administered prior to peak neovessel formation prevented neovascularization in five extremely preterm infants at high risk for ROP and suppressed neovascularization by 30% in mouse oxygen-induced retinopathy (OIR) modeling ROP. In contrast, in OIR, topical dexamethasone treatment before any neovessel formation had limited efficacy in preventing later neovascularization, while treatment after peak neovessel formation had a non-statistically significant trend to exacerbating disease. Optimally timed topical dexamethasone suppression of neovascularization in OIR was associated with increased retinal mitochondrial gene expression and decreased inflammatory marker expression, predominantly found in immune cells. Blocking mitochondrial ATP synthetase reversed the inhibitory effect of dexamethasone on neovascularization in OIR. This study provides new insights into topical steroid effects in retinal neovascularization and into mitochondrial function in phase II ROP, and suggests a simple clinical approach to prevent severe ROP.		True	False
39491782	Role of angiopoietin-like 4 in neovascularization associated with retinopathy of prematurity.	To elucidate the mechanisms of angiopoietin-like 4 (ANGTPL4) in neovascularization (NV) in retinopathy of prematurity (ROP). We compared ANGPTL4 expression levels of aqueous humour and vitreous fluid samples in infants with acute-phase ROP and control group. ANGPTL4-/- mice and WT mice were used to constructed oxygen-induced retinopathy (OIR) mouse models, with retinal tissues collected on postnatal days 12 (P12), 15 (P15) and 17 (P17). Analysis of retinal vessels and transcriptomics were performed to explore the role of ANGTPL4 in NV. The results showed ANGPTL4 level was significantly higher in the aqueous humour and vitreous fluid of children with ROP than that of control group. At P15 and P17, the vascular indices in the ANGPTL4-/--CON group were lower than those in the WT-CON group. The central non-perfused area of the retina and number of neovascular nuclei were also smaller in the ANGPTL4-/--OIR group than in the WT-OIR group. Immunofluorescence results showed the overexpression of ANGPTL4 protein in the WT-OIR group than in the WT-CON group, especially at P17. Furthermore, extracellular matrix (ECM) organisation was one of the key involved pathways based on gene ontology (GO) enrichment analyses. ANGPTL4 was one of the core genes involved in ECM organization, and neuralized E3 ubiquitin protein ligase 1B (NEURL1B), cd36 Molecule (CD36), matrix metallopeptidase 3 (MMP3) and collagen type III alpha 1 chain (COL3A1) were the first nodes interacting with ANGPTL4.In conclusion, ANGPTL4 is involved in the pathological NV by regulating NEURL1B, CD36, MMP3, and COL3A1. Thus, ANGPTL4 is a potential therapeutic target for ROP.		True	False
39506758	m6A-methylase METTL3 promotes retinal angiogenesis through modulation of metabolic reprogramming in RPE cells.	Retinal neovascularization (RNV) disease is one of the leading causes of blindness, yet the molecular underpinnings of this condition are not well understood. To delve into the critical aspects of cell-mediated angiogenesis, we analyzed our previously published single-cell data. Our analysis revealed that retinal pigment epithelium (RPE) cells serve a crucial promotional function in angiogenesis. RPE cells were regulated by N6-methyladenosine (m6A). Next, we detected several critical m6A methylase in hypoxic ARPE-19 cells and in oxygen-induced retinopathy (OIR) mice, our results revealed a significant decrease in the level of methyltransferase like 3 (METTL3). METTL3 specific inhibitor STM2457 intravitreal injection or METTL3 conditional knockout mice both showed a significantly reduced neovascularization area of retina. Additionally, the angiogenesis-related abilities of human retinal endothelial cells (HRECs) were diminished after co-cultured with ARPE-19 treated with STM2457 or sh-METTL3 in vitro. Furthermore, through the integration of Methylated RNA immunoprecipitation (MeRIP) sequencing and RNA sequencing, we discovered that the metabolic enzyme quinolinate phosphoribosyltransferase (QPRT) was directly modified by METTL3 and recognized by the YTH N6-methyladenosine RNA binding protein C1 (YTHDC1). Moreover, after over-expressing QPRT, the angiogenic abilities of HRECs were improved through the phosphorylated phosphatidylinositol-3-kinase (p-PI3K)/ phosphorylated threonine kinase (p-AKT) pathway. Collectively, our study provided a novel therapeutic target for retinal angiogenesis.		True	False
39565875	Monoclonal antibodies that block Roundabout 1 and 2 signaling target pathological ocular neovascularization through myeloid cells.	Roundabout (ROBO) 1 and 2 are transmembrane receptors that bind secreted SLIT ligands through their extracellular domains (ECDs) and signal through their cytoplasmic domains to modulate the cytoskeleton and regulate cell migration, adhesion, and proliferation. SLIT-ROBO signaling regulates pathological ocular neovascularization, which is a major cause of vision loss worldwide, but pharmacological tools to prevent SLIT-ROBO signaling are lacking. Here, we developed human monoclonal antibodies (mAbs) against the ROBO1 and ROBO2 ECDs. One antibody that inhibited in vitro SLIT2 signaling through ROBO1 and ROBO2 (anti-ROBO1/2) also reduced ocular neovascularization in oxygen-induced retinopathy (OIR) and laser-induced corneal neovascularization (CNV) mouse models in vivo. Single-cell RNA sequencing of OIR retinas revealed that antibody treatment affected several cell types relevant to physiological and pathological angiogenesis, including endothelial cells, pericytes, and a heterogeneous population of myeloid cells. mAb treatment improved blood-retina barrier integrity and prevented pathological pericyte activation in OIR. SLIT-ROBO signaling inhibition prevented pathological activation of myeloid cells and increased neuroprotective myeloid populations normally seen in the developing retina. Microglia/infiltrating macrophage-specific ablation of Robo1 and Robo2 or knockout of the downstream effector phosphatidylinositol 3-kinase (Pik3cg) encoding PI3Kγ in both OIR and CNV models phenocopied anti-ROBO1/2 treatment, further demonstrating the key role of myeloid cells as drivers of ocular neovascular diseases. ROBO1/2 blocking antibodies may thus provide a promising strategy to combat inflammation in blinding eye diseases.		True	False
39789310	Systemic regulation of retinal medium-chain fatty acid oxidation repletes TCA cycle flux in oxygen-induced retinopathy.	Activation of anaplerosis takes away glutamine from the biosynthetic pathways to the energy-producing TCA cycle. Especially, induction of hyperoxia driven anaplerosis in neurovascular tissues such as the retina during early stages of development could deplete biosynthetic precursors from newly proliferating endothelial cells impeding physiological angiogenesis and leading to vasoobliteration. Using an oxygen-induced retinopathy (OIR) mouse model, we investigated the metabolic differences between OIR-resistant BALB/cByJ and OIR susceptible C57BL/6J strains at system levels to understand the molecular underpinnings that potentially contribute to hyperoxia-induced vascular abnormalities in the neural retina. Our systems level in vivo RNA-seq, proteomics, and lipidomic profiling and ex-vivo retinal explant studies show that the medium-chain fatty acids serves as an alternative source to feed the TCA cycle. Our findings strongly implicate that medium-chain fatty acids could suppress glutamine-fueled anaplerosis and ameliorate hyperoxia-induced vascular abnormalities in conditions such as retinopathy of prematurity.		True	False
39790557	Endothelial activating transcription factor 3 promotes angiogenesis and vascular repair in the mouse retina.	Ischemia and pathological angiogenesis in retinal vascular diseases cause serious vision-related problems. However, the transcriptional regulators of vascular repair remain unidentified. Thus, the factors and mechanisms involved in angiogenesis must be elucidated to develop approaches for restoring normal blood vessels. Here, we investigated the effects of the stress response activating transcription factor 3 (ATF3) on angiogenesis and vascular regeneration in vitro and in vivo. ATF3 was expressed specifically in retinal vascular endothelial cells (ECs) during vascular development. Vascular endothelial growth factor stimulation upregulated ATF3 expression in cultured ECs. The downregulated ATF3 expression in ECs caused the deterioration of vascular network formation in vitro and in vivo. Moreover, ATF3 deletion in a model of oxygen-induced retinopathy inhibited retinal vascular repair but not pathological neovascularization. Transcriptome analysis confirmed that high ATF3 expression upregulated the expression of angiogenesis-related genes in ECs. ATF3 may aid vascular repair therapy in retinal vascular diseases.		True	False
39888634	Inhibition of Retinal Neovascularization by BEZ235: Targeting the Akt/4EBP1/Cyclin D1 Pathway in Endothelial Cells.	To investigate the therapeutic efficacy of BEZ235, a dual PI3K/mTOR inhibitor, in suppressing pathological neovascularization in an oxygen-induced retinopathy (OIR) mouse model and explore the role of cyclin D1 in endothelial cell cycle regulation. Single-cell RNA sequencing was performed to analyze gene expression and cell-cycle alterations in retinal endothelial cells under normoxic and OIR conditions. The effects of BEZ235 on human umbilical vein endothelial cells (HUVECs) and human retinal microvascular endothelial cells (HRMECs) were evaluated by assessing cell viability, cell-cycle progression, proliferation, migration, and tube formation. In the OIR mouse model, retinal neovascularization was evaluated by retinal flatmount immunofluorescence staining, hematoxylin and eosin (H&E) staining, quantitative reverse-transcription polymerase chain reaction (RT-qPCR), and western blot analyses. The in vivo toxicity of BEZ235 was evaluated by electroretinography (ERG) and histological examination of the heart, liver, spleen, lungs, and kidneys. In vitro, BEZ235 significantly inhibited cell cycle progression by downregulating cyclin D1 at both mRNA and protein levels, inducing G0/G1 phase arrest. This led to significant reductions in cell viability, proliferation, migration, and tube formation. In the OIR model, BEZ235 substantially decreased neovascularization and improved vascular organization. BEZ235 mediates its effects by inhibiting the PI3K/Akt/mTOR pathway, reducing Akt and 4E-binding protein 1 (4EBP1) phosphorylation levels, thus downregulating cyclin D1 expression. ERG and histological examination suggested that BEZ235 did not induce evident retinal or systemic toxicity at the dosage used to inhibit retinal neovascularization. BEZ235 effectively inhibits retinal neovascularization by downregulating cyclin D1 via 4EBP1 phosphorylation inhibition, highlighting its potential as a promising therapeutic agent for retinal neovascularization diseases.		True	False
39916601	The HAT Inhibitor ISOX-DUAL Diminishes Ischemic Areas in a Mouse Model of Oxygen-Induced Retinopathy.	Retinal ischemic disease results in significant visual impairment due to the development of fragile and disorganized, pathologically running blood vessels in the eye. Currently, the mainstay treatment for this disease is the intravitreal administration of anti-VEGF drugs targeting vascular endothelial growth factor (VEGF), which induces angiogenesis. However, current anti-VEGF drugs do not diminish the ischemic areas that lead to angiogenesis, making fundamental treatment challenging. Since retinopathy is an acquired disease caused by hypoxic stimulation from ischemia, we paid particular attention to histone acetylases. We conducted a drug screening experiment using a mouse model of oxygen-induced retinopathy (OIR), which replicates retinal ischemic disease, through the intraperitoneal administration of 17 distinct inhibitors targeting histone acetyltransferases (HAT). The results indicated that, among the 17 inhibitors, only ISOX-DUAL decreased neovascularization and ischemic regions. Furthermore, microarray analysis was conducted on the drug-treated samples to refine genes altered by the administration of ISOX-DUAL. There were 21 genes associated with angiogenesis, including Angpt2, Hmox1, Edn1, and Serpine1, exhibited upregulation in OIR mice and downregulation following treatment with ISOX-DUAL. Furthermore, STRING analysis confirmed that the aforementioned four genes are downstream factors of hypoxia-inducible factors and are assumed to be important factors in retinal ischemic diseases.		True	False
39946136	Targeting Runx1 in Pathological Retinal Angiogenesis: A Potential Therapeutic Approach.	Neovascular eye diseases, such as proliferative diabetic retinopathy (PDR), wet age-related macular degeneration (wAMD) and retinopathy of prematurity (ROP), are major causes of vision loss and blindness worldwide. Our transcription factor motif enrichment analysis highlighted RUNX1 as a key regulator in the hypoxic response. The purpose of this study was to characterize how loss of Runx1 affects physiological and pathological retinal vasculature formation. RNA-seq analysis and Transcription factor motif enrichment analysis were conducted in hypoxic and normoxic HUVECs. Conditional deletion of Runx1 in endothelial cells In mice was achieved using recombinase driver Cdh5-CreERT2. Vascular coverage, density, vessel progression, branchpoints, and sprout numbers was measured in retina of Runx1iECKO mice. The expression patterns, functions, and potential therapeutic value of RUNX1 were further explored with clinical samples, as well as in vivo and in vitro experiments. Bioinformatics and high-throughput sequencing were performed to identify potential target genes of Runx1. RT-qPCR and Western blot analyses were carried out to detect the changes of PI3-kinase/AKT/mTOR pathway. Loss of Runx1 in mice resulted in a reduction of the vascular coverage, density, vessel progression, branchpoints, and sprouts numbers of the retinal vascular network during its development. Notably, mature blood vessels remained unaffected by Runx1 inhibition. Upregulation of RUNX1 was observed in patients with PDR and ROP. RUNX1 Inhibition reduced endothelial cell proliferation, migration and tubule formation, leading to decreased pathological neovascularization, which is shown in oxygen-induced retinopathy. Mechanistically, in vitro experiments demonstrated that RUNX1 regulates EC angiogenesis through the PI3K/AKT/mTOR signaling pathway. Runx1 is essential for physiological retinal vascularization. RUNX1 Inhibition may effectively decrease pathological neovascularization. Our findings suggest that targeting RUNX1 could be a promising therapeutic strategy for retinal neovascular disorders, preserving the integrity of mature blood vessels while selectively inhibiting neovascularization.		True	False
40042877	Fibronectin Mediates Endothelial-to-Mesenchymal Transition in Retina Angiogenesis.	The purpose of this study was to investigate the role of endothelial-mesenchymal transition (EndoMT) in pathological retinal angiogenesis and identify key molecular mediators in retina angiogenesis. RNA sequencing (RNA-seq) was performed on retinal tissue from an oxygen-induced retinopathy (OIR) mouse model to analyze gene expression patterns. The Gene Set Enrichment Analysis was used to examine the correlation between epithelial-mesenchymal transition (EMT) and angiogenesis gene sets. Fibronectin (FN1) expression was evaluated in endothelial cells, and its function was assessed through siRNA-mediated knockdown in both in vitro angiogenesis assays and the OIR model. EndoMT occurred early in retinal angiogenesis development, with significant correlation between EMT and angiogenesis gene sets. FN1 was identified as the most significantly upregulated EMT-related gene in endothelial cells. The siRNA-mediated inhibition of fibronectin effectively prevented VEGF-induced angiogenesis in vitro and reduced pathological angiogenesis in the OIR model. EndoMT is a crucial early event in pathological retinal angiogenesis, with fibronectin serving as a key mediator. Targeting fibronectin may provide a novel therapeutic strategy that could synergize with anti-VEGF treatments to more effectively treat pathological angiogenesis in diabetic retinopathy (DR) and retinopathy of prematurity (ROP), particularly in cases of poor response to anti-VEGF therapy alone.		True	False
40069725	Single-cell analysis identifies MKI67+ microglia as drivers of neovascularization in proliferative diabetic retinopathy.	Proliferative diabetic retinopathy (PDR) is among the primary causes of blindness in individuals with diabetes. Elevated lactate levels have been identified as a critical biomarker associated with the prognosis of PDR. While significant lactate accumulation has been observed in the vitreous fluid of PDR patients, the detailed pathways through which lactate impacts pathological neovascularization remain insufficiently elucidated. The study employed single-cell RNA sequencing (scRNA-seq) to identify and characterize lactate-associated cell type in PDR patients. Key gene expression profiles and molecular pathways associated with lactate metabolism were analyzed. In vitro experiments were conducted using microglial cell cultures treated with high-glucose conditions (50 mM) to assess the induction of lactate metabolism-related genes. Additionally, an oxygen-induced retinopathy (OIR) mouse model was used to evaluate the impact of abemaciclib, an FDA-approved proliferation inhibitor, on retinal neovascularization. To the best of our knowledge, this investigation is the first to delineate a novel microglial subset, designated as MKI67+ microglia, distinguished by robust upregulation of genes implicated in lactate metabolic processes and proliferation, such as MKI67, PARK7 and LDHA, as well as a pronounced enrichment of glycolysis-associated molecular pathways. This unique cell type promotes angiogenesis by interacting with endothelial cells via secreted phosphoprotein 1 (SPP1)-Integrin alpha 4 (ITGA4) signaling. In vitro experiments have shown the use of 50 mM high glucose to simulate microglia in PDR environment and observe its promotion of vascular proliferation. In the in vivo OIR model, treatment with abemaciclib, a FDA-approved proliferation inhibitor, significantly reduced neovascularization. The identification of MKI67+ microglia as a cell type strongly associated with lactate metabolism provides a novel perspective on the mechanisms underlying PDR onset. These findings expand our understanding of the cellular and metabolic dynamics in PDR, emphasizing potential implications for targeted therapeutic interventions.		True	False
40083923	YBX1-driven TUBB6 upregulation facilitates ocular angiogenesis via WNT3A-FZD8 pathway.	Background: Pathological ocular neovascularization, a characteristic feature of proliferative ocular diseases, is a primary contributor to global vision impairment. The dynamics of tubulin are crucial in maintaining ocular homeostasis, closely linked to cellular proliferation and angiogenesis. Elucidating the molecular mechanisms driving this process is vital for formulating effective therapeutic strategies. Methods: Multiple transcriptome analyses revealed upregulation of endothelial tubulin beta-6 chain (Tubb6) in oxygen-induced retinopathy (OIR) and laser-induced choroidal neovascularization (CNV) mice models. Transwell migration assay, wound healing assay, tube formation assay, flow cytometry, and immunofluorescent staining were employed to identify the role of TUBB6 knockout (KO) in vitro. The effects of Tubb6 silencing on retinal angiogenesis and choroidal neovascularization were subsequently evaluated. Results: We identified upregulated Tubb6 expression in retinas from OIR mice through combination analyses of single-cell RNA sequencing (scRNA-Seq) and bulk RNA-Seq. The RNA expression profiles of endothelial cells (ECs) from proliferative diabetic retinopathy (PDR) patients and neovascular age-related macular degeneration (nAMD) patients also exhibited an elevation in TUBB6. Notably, Tubb6 was abundantly expressed in ECs and pericytes, and was predominantly localized to proliferative ECs and vascular tip cells. Functional studies demonstrated that TUBB6 knockdown reduced the expression of proliferative and tip cell markers in vitro. Tubb6 deficiency decreased vascular sprouting and tip cell formation of OIR mice retina and retarded CNV progression in vivo. Mechanistically, YBX1, an RNA-binding protein, was identified as an upstream regulator of TUBB6 via binding to its 3' untranslated region (3'UTR) and maintaining mRNA stability. Transcriptome analysis further linked TUBB6 to the activity of WNT pathway. TUBB6 silencing suppressed the WNT signaling pathway, with WNT3A and FZD8 identified as downstream targets. Conclusions: Collectively, our research shed light on the pivotal function of TUBB6 in maintaining ocular homeostasis and uncovered the YBX1-TUBB6-WNT3A/FZD8 pathway's involvement in sprouting angiogenesis. Targeting TUBB6 and developing its specific inhibitor could pioneer new approaches for treating ocular microvascular diseases.		True	False
40279967	Targeting mitochondrial DNA-STING-NF-κB Axis-mediated microglia activation by cryptotanshinone alleviates ischemic retinopathy.	Ischemic retinopathy, a leading cause of vision impairment, involves oxidative stress and dysregulated inflammation, with microglia playing a key role. Cryptotanshinone (CTS), a bioactive compound from Salvia miltiorrhiza, exhibits anti-inflammatory and antioxidant properties and thus has the potential for development as a therapeutic agent. However, the actual mechanism of action of CTS in ischemic retinopathy is not known. Overactivation of the STING pathway in microglia is critical in ischemic retinopathy pathogenesis and a potential target of CTS. This study aimed to explore whether CTS alleviates ischemic retinopathy by modulating microglial STING signaling. Oxygen-induced retinopathy (OIR) mice and hypoxia-induced microglial cells were used. CTS efficacy in ischemic retinopathy was evaluated at multiple stages using fluorescein fundus angiography, electroretinogram, H&E staining, and Western blotting of relevant proteins. Network pharmacology and RNA sequencing identified STING as a key target. Furthermore, surface plasmon resonance (SPR), molecular docking, and site-directed mutagenesis were systematically employed to elucidate the precise binding interface between CTS and the STING protein. STING activation and knockout models were employed to further investigate the mechanisms of action of CTS. CTS treatment reduced microglial activation and pathological retinal angiogenesis, and protected both retinal function and structure in OIR mice. Network pharmacology, RNA sequencing, and experimental validation demonstrated a significant link between the protective effect of CTS and the inhibition of STING signaling. Mechanistically, CTS suppressed cytosolic mtDNA release, blocked STING translocation from the ER to the Golgi, and enhanced lysosomal STING degradation. These CTS-mediated effects were abolished by STING activation and absent in Sting-deficient OIR mice. Notably, CTS combined with anti-VEGF therapy showed synergistic efficacy in suppressing pathological retinal neovascularization. CTS, a natural inhibitor of STING, alleviated ischemic retinopathy by inhibiting the mtDNA-STING-NF-κB signaling pathway via multifaceted mechanisms in microglia.		True	False
40303324	BARD1-mediated stabilization of METTL14 promotes retinal neovascularization by m6A-modifying MXD1 mRNA on a YTHDF2-dependent manner.	"Retinal vascular diseases are typified by the proliferation of irregular and leaky microvessels, resulting in vision impairment. Although the etiology of retinal angiogenesis is not yet fully understood, it is evident that microglia play a pivotal role in promoting angiogenesis. Methods: In vivo, the METTL14 conditional knockout (cKO) mouse was constructed to investigate the role of METTL14 in oxygen-induced retinopathy (OIR). In vitro, a combination of methylated RNA immunoprecipitation sequencing (MeRIP-seq), RNA-sequencing (RNA-seq), RNA Immunoprecipitation (RIP) assay, dual-luciferase reporter assays, and Chromatin immunoprecipitation-qPCR (ChIP-qPCR), was performed to explore the underlying mechanisms. Results: The proteomic analysis of hypoxic microglia has uncovered a pronounced enrichment in pathways related to RNA modification. Western blot has revealed that N6-methyladenosine (m6A) methyltransferase-like 14 (METTL14) exhibits the most significant increase among the RNA methylases. METTL14 cKO mice within an OIR model showed fewer neovascular formations. Additionally, in co-culture with sh-METTL14 HMC3 cells, HRMECs also exhibited reduced angiogenesis capabilities. Mechanically, E3 ubiquitin-protein ligase BARD1 can directly interact with METTL14, leading to an up-regulation of METTL14 protein level in hypoxic microglia. METTL14 could directly modifies and regulates the transcription factor MAX Dimerization Protein 1 (MXD1), which is subsequently recognized by the m6A ""reader"" YTH domain-containing family protein 2 (YTHDF2). Consequently, the modified MXD1 modulates the expression of VEGFA and VCAM1, promotes retinal neovascularization. Conclusion: Our study highlights the critical role of METTL14 in the OIR model and suggests a novel therapeutic target for addressing retinal vascular diseases."		True	False
40303351	Serine supplementation suppresses hypoxia-induced pathological retinal angiogenesis.	Rationale: Pathological retinal angiogenesis with irregular and fragile vessels (also termed neovascularization, a response to hypoxia and dysmetabolism) is a leading cause of vision loss in all age groups. This process is driven in part through the energy deficiency in retinal neurons. Sustaining neural retinal metabolism with adequate nutrient supply may help prevent vision-threatening neovascularization. Low circulating serine levels are associated with neovascularization in macular telangiectasia and altered serine/glycine metabolism has been suggested in retinopathy of prematurity. We here explored the role of serine metabolism in suppressing hypoxia-driven retinal neovascularization using oxygen-induced retinopathy (OIR) mouse model. Methods: We administered wild-type C57BL/6J OIR pups with systemic serine or provided the nursing dam with a serine/glycine-deficient diet during the relative hypoxic phase, followed by analysis of retinal vasculature at postnatal (P) 17, the time of peak neovascularization. Retinas from P17 OIR pups with either systemic serine supplementation or vehicle control were subjected to metabolomics, lipidomics, proteomics, and single-cell RNA sequencing. To validate the role of mitochondrial fatty acid oxidation (FAO) and oxidative phosphorylation (OXPHOS) in mediating serine protection against OIR, we treated OIR pups with inhibitors to block FAO or OXPHOS along with either serine or vehicle. The potential transcriptional mediator and pro-angiogenic signals were validated by western blotting. Results: Systemic serine supplementation reduced retinal neovascularization, while maternal dietary serine/glycine deficiency exacerbated it. FAO was essential in mediating serine protective effects, and serine supplementation increased levels of phosphatidylcholine, the most abundant phospholipids in the retina. Serine treatment a) increased the abundance of proteins involved in OXPHOS in retinas, b) increased the expression of mitochondrial respiration-related genes, and c) decreased the expression of pro-angiogenic genes in rod photoreceptor cluster. Serine suppression of retinal neovascularization was dependent on mitochondrial energy production. High mobility group box 1 protein (HMGB1) was identified as a potential key mediator of serine suppression of pro-angiogenic signals in hypoxic retinas. Conclusions: Our findings suggest that serine supplementation may serve as a potential therapeutic approach for neovascular eye diseases by enhancing retinal mitochondrial metabolism and lipid utilization, suppressing the key drivers of uncontrolled angiogenesis.		True	False
40305885	Ref-1 redox activity modulates canonical Wnt signaling in endothelial cells.	Ischemic retinopathies, including proliferative diabetic retinopathy (PDR) and retinopathy of prematurity (ROP), are characterized by abnormal retinal neovascularization and can lead to blindness in children and adults. Current treatments, such as intravitreal anti-VEGF injections, face limitations due to high treatment burden and variable efficacy, as multiple signaling pathways, beyond VEGF, contribute to retinal neovascularization. Previous studies demonstrate that targeting the redox-mediated transcriptional regulatory function of APE1/Ref-1 reduces pathological neovascularization. We aimed to identify novel signaling pathways regulated by Ref-1 redox activity utilizing RNA sequencing of human retinal endothelial cells (HRECs) treated with a Ref-1 redox inhibitor. We found that Wnt/β-catenin signaling was significantly downregulated after Ref-1 inhibition. Given the role of Wnt signaling in vascular pathologies, we investigated how Ref-1 regulates Wnt/β-catenin signaling. Ref-1 inhibition downregulated Wnt co-receptors LRP5/6 at both the mRNA and protein levels in endothelial cells, suggesting transcriptional regulation. Ref-1 redox inhibitors APX3330 and APX2009 reduced Wnt3a-induced nuclear β-catenin levels, decreased Wnt transcriptional activity by TOPFlash luciferase assay, and blocked hypoxia-induced Wnt/β-catenin activation in HRECs. In the oxygen-induced retinopathy mouse model of retinal neovascularization, Ref-1 specific inhibitor APX2009 reduced the expression of Wnt-related genes at sites of neovascularization. These findings reveal a novel role for Ref-1 redox activity in modulating Wnt/β-catenin signaling in endothelial cells and highlight the potential of Ref-1 redox activity targeted inhibitors as a novel therapeutic approach for retinal neovascular diseases by modulating multiple disease-relevant pathways.		True	False
40347925	Comprehensive multi-omics and pharmacokinetics reveal sclareol's role in inhibiting ocular neovascularization.	Ocular neovascularization, a hallmark of several vision-threatening diseases, including retinopathy of prematurity (ROP) and wet age-related macular degeneration (wet AMD), is commonly treated with intravitreal injections of anti-VEGF agents. However, these treatments are limited by invasiveness and drug resistance, highlighting the need for alternative therapies. Sclareol (SCL), a labdane diterpenoid derived from Salvia sclarea, exhibits various biological activities, but its potential role in angiogenesis and pharmacokinetics after oral administration remain unexplored. Hypoxia-induced endothelial cells (ECs) were used as an in vitro model, while mouse oxygen-induced retinopathy (OIR) and laser-induced choroidal neovascularization (CNV) were used as in vivo models. The pharmacokinetics of SCL in plasma, retina, and choroid were analyzed after oral administration in mice. Furthermore, the underlying mechanisms were elucidated through an integrative approach combining transcriptomics, metabolomics, network pharmacology, molecular docking, and molecular dynamics simulation. SCL inhibited hypoxia-induced EC proliferation, permeability, migration, tube formation, sprouting, glycolysis, mitochondrial respiration, and oxidative stress by modulating the PI3K-AKT-FOXO1 pathway. Additionally, Oral administration of SCL significantly inhibited OIR and CNV progression in mice, demonstrating enhanced therapeutic efficacy when combined with intravitreal aflibercept (Eylea) injection. SCL is a promising orally administered natural compound for ocular neovascularization, offering a potential alternative or adjunctive therapy to existing anti-VEGF treatments.		True	False
40350953	[Mechanism of action of ginsenoside Rg_2 on diabetic retinopathy and angiogenesis based on YAP/TLRs pathway].	Ginsenoside Rg_2(GRg2) is a triterpenoid compound found in Panax notoginseng. This study explored its effects and mechanisms on diabetic retinopathy and angiogenesis. The study employed endothelial cell models induced by glucose or vascular endothelial growth factor(VEGF), the chorioallantoic membrane(CAM) model, the oxygen-induced retinopathy(OIR) mouse model, and the db/db mouse model to evaluate the therapeutic effects of GRg2 on diabetic retinopathy and angiogenesis. Transwell assays and endothelial tube formation experiments were conducted to assess cell migration and tube formation, while vascular area measurements were applied to detect angiogenesis. The impact of GRg2 on the retinal structure and function of db/db mice was evaluated through retinal thickness and electroretinogram(ERG) analyses. The study investigated the mechanisms of GRg2 by analyzing the activation of Yes-associated protein(YAP) and Toll-like receptors(TLRs) pathways. The results indicated that GRg2 significantly reduced cell migration numbers and tube formation lengths in vitro. In the CAM model, GRg2 exhibited a dose-dependent decrease in the vascular area ratio. In the OIR model, GRg2 notably decreased the avascular and neovascular areas, ameliorating retinal structural disarray. In the db/db mouse model, GRg2 increased the total retinal thickness and enhanced the amplitudes of the a-wave, b-wave, and oscillatory potentials(OPs) in the ERG, improving retinal structural disarray. Transcriptomic analysis revealed that the TLR signaling pathway was significantly down-regulated following YAP knockdown, with PCR results consistent with the transcriptome sequencing findings. Concurrently, GRg2 downregulated the expression of Toll-like receptor 4(TLR4), TNF receptor-associated factor 6(TRAF6), and nuclear factor-kappaB(NF-κB) proteins in high-glucose-induced endothelial cells. Collectively, GRg2 inhibits cell migration and tube formation and significantly reduces angiogenesis in CAM and OIR models, improving retinal structure and function in db/db mice, with its pharmacological mechanism likely involving the down-regulation of YAP expression.		True	False
40668060	Inhibition of Endothelial HIF-1α by IDF-11774 Attenuates Retinal Neovascularization and Vascular Leakage.	In ischemic retinopathy (IR), hypoxia-inducible factor (HIF)-1α contributes to vision-threatening pathological retinal neovascularization (RNV). This study investigated the therapeutic efficacy and action mechanisms of the newly developed HIF-1α inhibitor IDF-11774 for IR in hypoxia-exposed human umbilical vein endothelial cells (HUVECs) and human retinal microvascular endothelial cells (HRMECs), as well as an oxygen-induced retinopathy (OIR) model mice. The effect of IDF-11774 on HIF-1α expression in HUVECs was assessed by quantitative real-time polymerase chain reaction (RT-qPCR), immunoblotting, and immunostaining, and effects on angiogenic potential were evaluated by cell proliferation, scratch wound, Transwell, and tube formation assays. Pathological RNV and vascular permeability were analyzed by immunostaining, hematoxylin and eosin staining, and dye leakage assays on postnatal day (P)17 following intravitreal injection of IDF-11774 (18.4 ng) or vehicle at P12. Target genes were identified by RNA sequencing and validated by western blot and immunostaining. Electroretinography, TUNEL staining, and immunofluorescence staining were conducted to evaluate the retinal toxicity of intravitreal IDF-11774. In HUVECs, IDF-11774 inhibited hypoxia-induced HIF-1α expression through proteasomal degradation and concomitantly suppressed proliferation, migration, and tube formation. In OIR mice, IDF-11774 significantly reduced RNV, facilitated revascularization in the vascular obliterated zone, and alleviated vascular leakage. The key vascular regulatory signaling pathways ANGPT2/TIE2 and PlGF were modulated by IDF-11774 in hypoxic HUVECs and HRMECs, as well as in OIR mice. High-dose IDF-11774 had no significant effects on the electroretinogram or retinal histology. Inhibiting HIF-1α with IDF-11774 exerts multiple therapeutic and pathway-regulatory effects and demonstrates a favorable retinal safety profile, highlighting IDF-11774 as a potentially therapeutic strategy for IR.		True	False
40748026	Bispecific Peptide Binds to VEGFR2 and Integrin αvβ3, Forming an Artificial Extracellular Matrix for Anti-Ocular Neoangiogenesis.	Ocular neovascularization (NV) leads to vision loss in various pathological conditions. Current therapies primarily inhibit vascular endothelial growth factor (VEGF) signaling; however, targeting additional pathways may improve outcomes. A bispecific peptide (BsPt) is developed that targets VEGFR2 and integrin αvβ3 to treat retinal neovascularization (RNV) and choroidal neovascularization (CNV) more effectively. BsPt binds to both receptors on endothelial cells (ECs) and forms nanofibrous networks on their surfaces, resulting in potent NV inhibition. In vitro, BsPt suppressed retinal EC migration and tube formation. Intravitreal BsPt injection outperformed aflibercept in mouse models of oxygen-induced retinopathy (OIR) and laser-induced CNV. RNA sequencing revealed that BsPt-induced nanofibers upregulated extracellular matrix (ECM) and cell adhesion genes, which may contribute to anti-angiogenesis and anti-leakage effects. In summary, BsPt targeting VEGFR2 and integrin αvβ3 demonstrates enhanced therapeutic potential for RNV and CNV.		True	False
40754099	Notch activation downregulates EZH2 to thereby attenuate endothelial cell proliferation and angiogenesis via MYC destabilization.	Angiogenesis, a tightly regulated process involving dynamic endothelial cell (EC) proliferation, is critical in both physiological and pathological contexts such as ocular neovascular disorders. While Notch signaling is known to regulate angiogenesis, its downstream molecular mechanisms remain incompletely understood. Gene-modified mice with a Cdh5-CreERT transgene were generated to block Notch signaling in ECs. Primary HUVECs were cultured in vitro. Gene expression were analyzed via qRT-PCR, western blotting, and immunofluorescence. Transcriptional regulation was investigated using reporter and ChIP assays. EC proliferation and migration were assessed through EdU incorporation, Transwell, and wound healing assays, respectively. Angiogenesis was evaluated in vivo using Matrigel plug, retinal angiogenesis, oxygen-induced retinopathy (OIR), and choroidal neovascularization (CNV) models. Notch activation upregulated, whereas Notch blockade downregulated EZH2 expression in both mRNA and protein levels. Mechanistically, Notch signaling directly suppresses EZH2 promoter activity, thereby transcriptionally repressing EZH2 expression. Functionally, EZH2 inhibition impaired EC proliferation and sprouting angiogenesis, while EZH2 overexpression enhanced these processes. Furthermore, EZH2 inhibition reversed the pro-angiogenic effects of Notch blockade. At the molecular level, EZH2 stabilized MYC protein by modulating Thr58 phosphorylation and regulating MYC stability factors, thereby preventing its proteasomal degradation. MYC overexpression rescued the angiogenesis defects caused by EZH2 inhibition. Importantly, EZH2 was upregulated in OIR and CNV models, and pharmacological EZH2 inhibition (GSK126) effectively suppressed pathological angiogenesis. Our findings not only elucidate the novel role of EZH2 in mediating Notch function in angiogenesis but also provide a promising therapeutic strategy for treating neovascularization-related diseases with EZH2 inhibitors.		True	False
40924459	Sorting nexin 3 promotes ischemic retinopathy through RIP1- and RIP3-mediated myeloid cell necroptosis and mitochondrial fission.	Proliferative retinopathy is a leading cause of irreversible blindness in humans; however, the molecular mechanisms behind the immune cell-mediated retinal angiogenesis remain poorly elucidated. Here, using single-cell RNA sequencing in an oxygen-induced retinopathy (OIR) model, we identified an enrichment of sorting nexin (SNX)-related pathways, with SNX3, a member of the SNX family that is involved in endosomal sorting and trafficking, being significantly upregulated in the myeloid cell subpopulations of OIR retinas. Immunostaining showed that SNX3 expression is markedly increased in the retinal microglia/macrophages of mice with OIR, which is mainly located within and around the neovascular tufts. Myeloid cell-specific deficiency of Snx3 inhibited retinal neovascularization, hyperpermeability, and dysfunction in OIR mice. Using glutathione S-transferase pull-down, coimmunoprecipitation, and immunofluorescent staining, we found that SNX3 interacted with receptor-interacting protein 1/3 (RIP1 and RIP3). We further demonstrated that RIP1/3 degradation was accelerated in SNX3-deleted microglia/macrophages, causing an inhibition of hypoxia-induced necroptosis and mitochondrial fission, thereby decreasing the production of proinflammatory and proangiogenic factors (FGF2 and MMP12). Moreover, OIR retinas from myeloid cell-specific SNX3 overexpression transgenic mice presented more angiogenic tufts, while RIP1/3 inhibition largely ablated SNX3 overexpression-induced pathological angiogenesis. Based on the structure of SNX3, we identified a small-molecule inhibitor, W1122. Intriguingly, we found that W1122 effectively inhibited retinal angiogenesis in the OIR model, and combination treatment with anti-Vascular Endothelial Growth Factor (VEGF) yielded enhanced antiangiogenic effects. Collectively, our findings disclose a link between SNX3 and RIP1/3 signaling and implicate SNX3 in the development of ischemic retinopathy.		True	False
40964715	Nrf2 Deficiency in Müller Cells Exacerbates Pathological Neovascularization in Ischemic Retinopathy.	Müller cells are the major retinal glial cell type and pivotal regulators of pathological neovascularization in ischemic retinopathy. There is great interest in identifying factors that govern Müller cells in vascular regulation. Nrf2 (NF-E2-related factor 2) plays a major protective role in regulating oxidative stress and inflammation. Our group previously discovered that both global and neuroretinal Nrf2 deficiency suppress retinal revascularization and promote pathological neovascularization in a mouse model of oxygen-induced retinopathy. Here, we investigate the cell-intrinsic role of Nrf2 in Müller cells on retinal angiogenesis. The role of Müller cell Nrf2 in retinal angiogenesis was investigated in cell culture and the mouse oxygen-induced retinopathy model. Human retinal endothelial cells were cocultured with primary Müller cells transfected with Nrf2 small-interference RNA. Müller cell-specific Nrf2 knockout mice were subjected to oxygen-induced retinopathy. RNA-seq analysis of a Müller cell-specific RiboTag transcriptome was conducted in wild-type and Nrf2-deficient Müller cells. Silencing Nrf2 in primary Müller cells increased angiogenic activity in retinal endothelial cells. Müller cell-specific Nrf2 deficiency exacerbated pathological neovascularization in oxygen-induced retinopathy, associated with increased Müller cell gliosis and upregulation of retinal Tnfα (tumor necrosis factor alpha). Müller cell Nrf2 deficiency resulted in dysregulation of multiple genes involved in acute-phase response, inflammation, and angiogenesis, including increased expression of Lcn2 (lipocalin-2) and Fgf2, both of which promoted angiogenesis in human retinal endothelial cells. Blocking LCN2 with a neutralizing antibody attenuated pathological neovascularization and vaso-obliteration, suggesting LCN2 is a key mediator of aberrant angiogenic response in Müller cell-specific Nrf2 deficiency. Nrf2 in Müller cells plays an integral protective role in modulating retinal angiogenesis and inflammatory responses in ischemic retinopathy. Nrf2 is an important regulator of Müller cell state in retinal ischemia and governs the Müller cell transcriptional program, including LCN2, a novel regulator of angiogenesis. This highlights pharmacological activation of Nrf2 as a therapeutic strategy for pathological neovascularization in ischemic retinopathy.		True	False
40976555	Epac1 deletion attenuates Müller glial pathological activation and mitigates retinal neurodegeneration in ischemia-induced retinopathy.	Ischemia-induced retinopathies, such as retinopathy of prematurity and proliferative diabetic retinopathy, are major causes of vision loss. Both pathological neovascularization and neuronal damage contribute to vision impairment in these conditions, yet current therapies primarily target neovascularization and may further compromise neuronal health. Cyclic AMP (cAMP) is a widely recognized second messenger regulating diverse physiological and pathological processes. Exchange protein directly activated by cAMP (Epac) is a recently identified effector of cAMP signaling. This study aimed to investigate the role of Epac1 in ischemia-induced retinopathy and elucidate its underlying mechanisms using a mouse model of oxygen-induced retinopathy (OIR). A mouse OIR model was established by exposing pups to 70% oxygen from postnatal day 7 (P7) to P12. Retinal structure and neuronal survival were assessed by H&E staining, TUNEL assay and immunostaining. Single-cell RNA sequencing (scRNA-seq), immunostaining, qPCR, Western blot, and proximity ligation assay were used to investigate cellular and molecular mechanisms by which Epac1 contributes to retinal pathology in OIR. Genetic deletion of Epac1 significantly protected against retinal neuronal loss and attenuated Müller glial activation in addition to reducing pathological neovascularization and promoting vascular repair. scRNA-seq revealed substantial transcriptomic alterations in Müller cells during OIR, including the emergence of reactive subclusters with distinct pathological roles, which were mitigated by Epac1 deletion. At the molecular level, Epac1 deletion restored ischemia-reduced VEGFR2 level in Müller cells during OIR, while Epac activation promoted VEGFR2 internalization and impaired VEGF signaling and its neuroprotective effects in primary Müller cells. These findings reveal a novel role for Epac1 in promoting retinal neurodegeneration in a mouse model of OIR through modulation of VEGF signaling in Müller cells. Targeting Epac1 may thus provide therapeutic benefit by preserving neuronal integrity in addition to its effects on vascular pathology.		True	False
41041571	Polyunsaturated fatty acid balance modulates microglial state in a murine model of oxygen-induced neovascularization.	The Oxygen-Induced Retinopathy (OIR) model is a widely used research tool to study pathological retinal neoangiogenesis observed in the development of diseases like retinopathy of prematurity (ROP) and proliferative diabetic retinopathy. While many factors are known to modulate susceptibility to OIR development, less is understood about how nutritional factors such as dietary fatty acids affect disease progression. The retina is enriched in polyunsaturated fatty acids (PUFAs) which are indispensable for normal vision, and recent work has shown that dietary supplementation of ω-6-and ω-3-polyunsaturated fatty acids (PUFAs) can provide a protective role against the pathological neovascularization observed in ROP. In the current study, we interrogated the effects of endogenous ω-3-PUFA enrichment using transgenic fat-1 mice which converts ω-6-PUFAs to ω-3-PUFAs. These animals develop features of ROP but show attenuation in retinopathy development. Using a combination of immunofluorescence and whole retinal RNA sequencing, genes associated with angiogenesis, inflammation, and microglial activation were upregulated in WT OIR vs. WT RA (room air), with little or no change found in fat-1 OIR vs. fat-1 RA. In addition, Fat-1 mice demonstrated differential enrichment of microglial subtypes in response to OIR. This finding suggests that decreased ω-6:ω-3 protects against neovascularization by attenuating hyperoxia-induced microglial activation.		True	False
41104017	Endothelial Zmiz1 modulates developmental angiogenesis in the retina.	Angiogenesis is a highly coordinated process involving the control of various endothelial cell behaviors. Mechanisms for transcription factor involvement in the regulation of endothelial cell dynamics and angiogenesis have become better understood, however much remains unknown, especially the role of non-DNA binding transcriptional cofactors. Here, we show that Zmiz1, a transcription cofactor, is enriched in the endothelium and critical for embryonic vascular development, postnatal retinal angiogenesis, and pathological angiogenesis in a model of oxygen-induced retinopathy (OIR). In mice, endothelial cell-specific deletion of Zmiz1 during embryogenesis led to lethality due to abnormal angiogenesis and vascular defects. Inducible endothelial cell-specific ablation of Zmiz1 postnatally resulted in impaired retinal vascular outgrowth, decreased vascular density, and increased vessel regression. In addition, angiogenic sprouting in the superficial and deep layers of the retina was markedly reduced. Correspondingly, vascular sprouting in fibrin bead assays was significantly reduced in the absence of Zmiz1, while further in vitro and in vivo evidence also suggested deficits in EC migration. In agreement with the defective sprouting angiogenesis phenotype, gene expression analysis of isolated retinal endothelial cells revealed downregulation of tip-cell enriched genes upon inactivation of Zmiz1. Lastly, our study suggested that endothelial Zmiz1 is critical for intraretinal revascularization following hypoxia exposure in the OIR model. Taken together, these findings begin to define the previously unspecified role of endothelial Zmiz1 in physiological and pathological angiogenesis.		True	False
41116209	Alamandine inhibits pathological retinal neovascularization by targeting the MrgD-mediated HIF-1α/VEGF pathway.	Retinopathy of prematurity (ROP) is a vision-threatening disorder that leads to pathological growth of the retinal vasculature due to hypoxia. Here, we investigated the potential effects of alamandine, a novel heptapeptide in the renin-angiotensin system (RAS), on hypoxia-induced retinal neovascularization and its underlying mechanisms. In vivo, the C57BL/6J mice with oxygen-induced retinopathy (OIR) were injected intravitreally with alamandine (1.0 μmol/kg per eye). In vitro, human retinal microvascular endothelial cells (HRMECs) were utilized to investigate the effects of alamandine (10 μg/mL) on proliferation, apoptosis, migration, and tubular formation under vascular endothelial growth factor (VEGF) stimulation. Single-cell RNA sequencing (scRNA-seq) matrix data from the Gene Expression Omnibus (GEO) database and RAS-related genes from the Molecular Signatures Database (MSigDB) were sourced for subsequent analyses. By integrating scRNA-seq data across multiple species, we identified that RAS-associated endothelial cell populations were highly related to retinal neovascularization. The liquid chromatography-tandem mass spectrometry (LC-MS/MS) analysis revealed a significant decrease in alamandine levels in both the serum and retina of OIR mice compared to those in the control group. Next, alamandine ameliorated hypoxia-induced retinal pathological neovascularization and physiologic revascularization in OIR mice. In vitro, alamandine effectively mitigated VEGF-induced proliferation, scratch wound healing, and tube formation of HRMECs primarily by inhibiting the hypoxia-inducible factor-1α (HIF-1α)/VEGF pathway. Further, coincubation with D-Pro7 (Mas-related G protein-coupled receptor D (MrgD) antagonist) hindered the beneficial impacts of alamandine on hypoxia-induced pathological angiogenesis both in vivo and in vitro. Our findings suggested that alamandine could mitigate retinal neovascularization by targeting the MrgD-mediated HIF-1α/VEGF pathway, providing a potential therapeutic agent for OIR prevention and treatment.		True	True
41120275	Proliferative diabetic retinopathy subtypes defined by immune defense and endothelial mitochondrial dysfunction.	Proliferative diabetic retinopathy (PDR) is a major complication of diabetes characterized by pathological angiogenesis in the retina. Standard treatment includes vitrectomy to remove these abnormal vessels, and the resulting clinical specimens provide an opportunity to define drivers of PDR. Here, we profiled endothelial and immune cells from such samples to identify disease mechanisms. In some patients, endothelial cells were more abundant, whereas in others, immune cells predominated. Immune cells exhibited gene expression programs directed against pathological endothelium, suggesting an endogenous defense that may explain the scarcity of endothelial cells in certain cases. Preoperative anti-vascular endothelial growth factor (VEGF) therapy altered transcriptional programs in both endothelial and immune cells, indicating that its effects extend beyond the vasculature. A comparison of endothelial signatures from PDR patients and nondiabetic donor retinas revealed a distinct molecular program in PDR, prominently marked by mitochondrial dysfunction. In contrast, endothelial cells from the murine oxygen-induced retinopathy (OIR) model lacked mitochondrial dysfunction, although other features of pathological angiogenesis were shared. These findings suggest that PDR is not a uniform disease but comprises distinct types characterized by either immune-mediated clearance of pathological vessels or endothelial mitochondrial dysfunction. They also revealed that anti-VEGF therapy influences both endothelial and immune compartments, with implications for treatment strategies. Finally, the data clarify both the relevance and limitations of the OIR model for preclinical testing of new therapeutic targets.		True	False
41230906	PRRX1 Orchestrates Pericyte-Myofibroblast Transition in Pathological Retinal Fibrosis.	To investigate the role of PRRX1 in pericyte-myofibroblast transition and its contribution to pathological retinal fibrosis. Transcriptomic profiling was conducted on human fibrovascular membranes and murine oxygen-induced retinopathy retinas to assess PRRX1 expression and its association with fibrosis-related genes. Single‑cell RNA sequencing was performed on retinal tissues to identify pericyte subpopulations and characterize PRRX1-driven molecular pathways. In vitro, primary mouse retinal pericytes underwent hypoxia with or without small interfering RNA-mediated PRRX1 knockdown to assess fibrotic gene expression and cell migration. In vivo, a laser-induced choroidal neovascularization model was used to assess the effect of PRRX1 silencing on subretinal fibrosis. PRRX1 was significantly upregulated in both human fibrovascular membranes and oxygen-induced retinopathy retinas; single‑cell RNA sequencing revealed its enrichment in pericyte subpopulations undergoing pericyte-myofibroblast transition. PRRX1 knockdown reduced fibrotic gene expression and migratory activity in primary pericytes under hypoxia. In the choroidal neovascularization model, PRRX1 silencing significantly reduced subretinal fibrosis and neovascular lesion area. PRRX1 is a key regulator of pericyte-mediated fibrotic remodeling in the retina. Targeting PRRX1 offers a potential therapeutic approach for retinal fibrosis.		True	False
41232620	Microglial HMOX1 drives retinal angiogenesis via modulation of endothelial STAT3 signaling.	Retinopathy of prematurity (ROP) is a leading cause of childhood blindness and is characterized by retinal neovascularization. Microglia have emerged as key mediators of hypoxia-induced angiogenesis, yet the underlying molecular mechanisms remain incompletely defined. Heme oxygenase-1 (HMOX1) is a stress-inducible enzyme with well-established antioxidant and anti-inflammatory properties, acting as an important electrophilic signaling mediator in redox biology. Here, we investigated the role of microglial HMOX1 in retinal angiogenesis and its regulation of endothelial signaling. Using an oxygen-induced retinopathy (OIR) mouse model combined with bulk and single-cell RNA sequencing, we identified HMOX1 as a hypoxia-induced angiogenic regulator selectively enriched in retinal microglia. Conditional knockout of HMOX1 in microglia markedly reduced neovascularization in vivo, while in vitro hypoxia-driven microglia-endothelial co-culture assays confirmed impaired endothelial proliferation, migration, and tube formation. Mechanistically, loss or pharmacological inhibition of HMOX1 suppressed STAT3 activation and VEGF expression in endothelial cells, establishing a paracrine signaling pathway between microglia and endothelium. These findings demonstrate that microglial HMOX1 drives pathological angiogenesis by activating the endothelial STAT3-VEGF axis. Our study uncovers a novel hypoxia-microglia-endothelium signaling mechanism, highlighting microglial HMOX1 as a promising therapeutic target for ROP and other hypoxia-related angiogenic diseases.		True	False
41240786	N-acetylcysteine amide alleviates pathological neovascularization through mitochondrial protection and energy metabolism reprogramming of vascular endothelial cells.	Hypoxia-induced pathological neovascularization is a major contributing factor to a variety of diseases across different age groups. Currently, the predominant therapeutic approach involves the repeated injection of anti-vascular endothelial growth factor (VEGF) agents, which are associated with several adverse effects that limit their long-term application. This study concentrates on the upstream regulators of VEGF within vascular endothelial cells (VECs) and uses the oxygen-induced retinopathy mouse model to demonstrate that N-acetylcysteine amide (NACA) exhibits significant antiangiogenic properties both in vitro and in vivo. Notably, NACA preserves mitochondrial homeostasis and mitigates mitochondrial reactive oxygen species (mtROS) in VECs. Moreover, smart RNA sequencing and the Oxygen Consumption Rate experiment indicate that NACA reprograms the cellular energy metabolism by restoring oxidative phosphorylation (OXPHOS) via targeting mitochondrial complexes I/V, a mechanism further confirmed by the partial blockade of NACA's effect with oligomycin. Additionally, NACA effectively rescues inner-retinal neurons within the avascular areas. We observed minimal toxicity after intravitreal administration of NACA, suggesting a favorable safety profile for its therapeutic use. Collectively, our findings confirmed that targeting mitochondrial homeostasis and cellular energy metabolism in VECs could serve as a promising therapeutic strategy, with NACA anticipated to emerge as a novel drug for diseases characterized by pathological neovascularization.		True	False
41328674	Copper Sulfide Nanoparticles Protect Against Fundus Neovascularization Diseases and Inhibit NF-κB Signaling Pathway.	This study aims to investigate whether copper sulfide nanoparticles (CuS NPs) protect against fundus neovascularization diseases (FNDs) and to explore the underlying mechanism of the anti-angiogenesis. The characterization and biocompatibility of CuS NPs were assessed in human umbilical vein endothelial cells (HUVECs) and in retinas and major organs. Anti-angiogenic effects were evaluated in vitro using HUVECs through migration, sprouting, and proliferation assays. In vivo efficacy was tested in neonatal retinal vascular development, oxygen-induced retinopathy and laser-induced choroidal neovascularization mouse model. Transcriptomic analysis of CuS NPs-treated HUVECs was performed, followed by validation of key signaling pathways using real-time PCR and western blotting. Synthesized CuS NPs exhibited defined characteristics and demonstrated good biocompatibility at tested concentrations. They significantly inhibited HUVECs migration, sprouting, and proliferation. In vivo, CuS NPs attenuated retinal neovascularization and suppressed and choroidal neovascularization. Transcriptomic profiling and further validation revealed a significant downregulation of the nuclear factor-kappa B signaling pathway and its downstream cascades, coinciding with the observed anti-angiogenic outcomes upon CuS NPs treatment. CuS NPs may act as a promising therapeutic candidate for FNDs treatment.		True	False
41347875	Conformational Dynamics of PKM2 Regulate Hypoxia-Induced Pathological Retinal Angiogenesis.	Because anti-vascular endothelial growth factor therapies have limited effect in some cases of retinal neovascularization, there might be other potential pathways involved. Pyruvate kinase M2 (PKM2), a major isoform of pyruvate kinase in tumor cell and human retina, has been broadly studied in oncology and believed to play key roles in tumor growth and invasion. However, its role in retinal angiogenesis remains unclear. In this study, we aimed to explore the contribution of PKM2 conformational dynamics on pathological neovascularization of the retina. We used the oxygen-induced retinopathy (OIR) mouse model and the hypoxia-exposed human retinal microvascular endothelial cell (HRMEC) model to evaluate PKM2 conformational dynamics. DASA-58, a small-molecule activator that increase formation of tetrameric PKM2, was used to evaluate the effects of PKM2 tetramerization. Hypoxia induced phosphorylation-dependent monomerization of PKM2. The monomer translocated to the nucleus, where it interacted with hypoxia-inducible factor-1α (HIF-1α) to promote angiogenic and glycolytic gene expression. In vitro, treatment with DASA-58 induced the formation of tetrameric PKM2 and prevented its nuclear translocation, which further led to suppressed HIF-1α signaling, reduced glycolysis, and inhibited retinal neovascularization. Pyruvate dehydrogenase kinase 1 (PDHK1) was identified as an upstream modulator of PKM2 phosphorylation. In vivo, DASA-58 treatment led to the reduction in neovascularization, vascular leakage, and preserved retinal thickness, and improved visual function in OIR mice. PKM2 conformational dynamics represents a novel regulatory mechanism of hypoxia-induced retinal neovascularization. Transformation of PKM2 tetramers induced by DASA-58 may provide a sound therapeutic approach for neovascular diseases including retinopathy of prematurity (ROP).		True	False
41455369	The NLRP3 inflammasome inhibitor OLT1177 attenuates retinal neovascularization and microglial inflammation with neuroprotective effects.	Nucleotide-binding oligomerization domain like receptor protein 3 (NLRP3) inflammasome is considered as a critical contributor to pathological angiogenesis and neuronal dysfunction. However, its role in ischemic retinopathies remains unclear. In this study, we aimed to evaluate the role of NLRP3 inflammasome in ischemic retinopathies and the effects of the NLRP3 inflammasome inhibitor OLT1177 on retinal neovascularization (RNV) and neuronal dysfunction in a mouse model of oxygen induced retinopathy (OIR). A single-cell transcriptome analysis was performed using public data from the preretinal proliferative membranes in patients suffering from proliferative diabetic retinopathy (PDR), which was verified by immunofluorescence and western blot. The OIR mouse model was established, with OLT1177 being intravitreally injected on postnatal day 12. The effects of OLT1177 on RNV, neuronal loss and the activation of NLRP3 inflammasome were explored. Our results demonstrated that the NLRP3 inflammasome and associated inflammatory responses were observed within microglia in both the preretinal proliferative membranes of PDR patients and the retinas of OIR mice. OLT1177 attenuated pathological RNV at a concentration of 100 μM. Furthermore, OLT1177 reduced the neuronal loss and maintained the astrocytic framework in the non-perfusion areas of retinas. Microglial activation and NLRP3 inflammasome-associated microglial inflammation were alleviated in the OLT1177-treated mice. In conclusion, NLRP3 inflammasome activation and microglial inflammation occurred in ischemic retinopathies and the inhibitor OLT1177 was well-tolerated and beneficial in attenuating RNV and preventing neuronal death in the retinas of OIR mice, which indicated that OLT1177 might be a promising treatment option for ischemic retinopathies.		True	False
41534651	Non-neuronal cell microenvironment control retinal vascular remodeling by CST3 in the oxygen-induced retinopathy in mice.	Retinopathy of prematurity (ROP) remains the leading cause of blindness in premature infants owing to abnormal retinal blood vessels development,but molecular mechanisms are still not fully elucidated. Oxygen-induced retinopathy (OIR) mouse is the extensively used angiogenesis model for the study of ROP pathogenesis. In this study, we investigated five cell types that composed the microenvironment of retinal vessels in OIR mice by single-cell RNA sequencing (scRNA-seq) and revealed a complex and time-dependent regulation of vascular arrest and angiogenesis in the OIR microenvironment. Importantly, we also observe that Müller glia exhibit robust expression of CST3 (cysteine protease inhibitor cystatin C) during the early phase of hypoxic adaptation, leading to capillary morphogenesis in the hyaloid, disrupting physiological vascular patterning and contributing to OIR development. Altogether, our study reveals pivotal roles of the retinal microenvironment in both normal vascularization and ROP progression, suggesting that CST3 is a potential therapeutic target for ROP.		True	False
41548765	Endothelial JMJD1C drives pathological ocular neovascularization by activating SREBF2-dependent cholesterol biosynthesis.	Pathological ocular neovascularization is closely linked to aberrant histone modifications, yet the underlying molecular mechanisms remain incompletely defined. This study investigates the role of the histone demethylase JMJD1C and its encoding gene Jmjd1c in driving pathological angiogenesis and evaluates its therapeutic potential in ocular proliferative vascular diseases. Jmjd1c expression was examined in mouse models of ocular neovascularization and in endothelial cells (ECs) using immunostaining, qRT-PCR, and Western blotting. The pro-angiogenic functions of JMJD1C were assessed through EdU incorporation, Transwell migration, tube-formation, and spheroid-sprouting assays in vitro, as well as retinal flat-mount isolectin-B4 staining and H&E staining in vivo. RNA sequencing, immunostaining, qPCR, Western blotting, and ChIP-qPCR were employed to dissect the molecular mechanisms by which JMJD1C regulates pathological angiogenesis. Endothelial-specific deletion of Jmjd1c markedly reduced pathological neovascularization in both oxygen-induced retinopathy (OIR) and laser-induced choroidal neovascularization (CNV) models. Loss of JMJD1C impaired endothelial cell proliferation, migration, tube formation, and sprouting angiogenesis. Mechanistically, Jmjd1c deletion suppressed Srebf2 transcription and cholesterol biosynthesis by increasing repressive H3K9me2 histone marks in endothelial cells. Pharmacological inhibition of JMJD1C similarly attenuated neovascularization in wild-type mice. JMJD1C acts as a key regulator of pathological ocular angiogenesis through histone demethylation-mediated control of endothelial cholesterol biosynthesis. These findings establish JMJD1C and the Jmjd1c-Srebf2 regulatory axis as promising therapeutic targets for ocular vascular diseases.		True	False
41627954	Ythdf2 loss in microglia aggravates ischemic retinopathy by increasing microglia activation and microvascular anomalies.	Microvascular dysfunction is a key contributor to life-threatening diseases, with retinal microvascular diseases being a leading cause of blindness. Aberrant microglia activation is critical in microvasculopathies, but the underlying molecular mechanisms remain unclear. Post-transcriptional modifications, such as N6-methyladenosine (m6A) modification, are key in these processes, yet their role in retinal vasculopathy is unexplored. We aimed to investigate the role of the m6A reader, YTH domain-containing family protein 2 (Ythdf2), in microglia and its involvement in retinal vasculopathy, and to uncover its underlying regulatory mechanisms. We assessed the expression of microglial Ythdf2 in the retinas of oxygen-induced retinopathy (OIR) mice using single-cell RNA sequencing (scRNA-seq). To investigate its function, we generated a microglia-specific Ythdf2 knockout mouse model and analyzed retinal microglial and vascular phenotypes under both physiological and pathological conditions. Additionally, RNA-seq and selective inhibitors were employed to explore the underlying signaling pathways. Down-regulation of Ythdf2 was observed in microglia from mice with microvascular diseases. Microglial Ythdf2 knockout in developing retinas caused aberrant microglial activation, disrupting capillary function, delaying sprouting, and accelerating vascular remodeling, thereby affecting physiological angiogenesis. In OIR retinas, Microglial Ythdf2 knockout intensified microglial activation and aggravated pathological angiogenesis. Mechanistically, Ythdf2 directly regulated the mRNA stability of Ace and Bmp4 as an m6A reader. Captopril (an Ace inhibitor) or noggin (a Bmp4 antagonist) alleviated microvascular retinopathy exacerbated by Ythdf2 insufficiency. Loss of Ythdf2 in retinal microglia increased their activation and caused microvascular anomalies through Ace and Bmp4, providing insights into microvascular development and disease mechanisms. These findings suggest potential therapeutic approaches targeting the Ythdf2-Ace/Bmp4 network for microvascular diseases.		True	False
41663366	Extraocular delivery of bioswitchable tri-miR-22-loaded tetrahedral DNA nanostructures for intraocular neovascular and neurodegenerative repair.	Ocular neovascular and neurodegenerative diseases, such as diabetic retinopathy and age-related macular degeneration, are characterized by abnormal angiogenesis, vascular leakage, and progressive retinal neurodegeneration, ultimately leading to irreversible vision loss. Here, we present a tetrahedral framework DNA-based bioswitchable Tri-miR-22 mimic delivery system (BiRDS), which is specifically engineered for extraocular administration. In vitro, BiRDS can penetrate the cell membrane within 24 h and accumulate extensively in the cytoplasm. Through transscleral-choroidal-retinal penetration, BiRDS achieves robust delivery to the choroid and retina within 18 h without the need for intravitreal injection in mice. The BiRDS can effectively inhibit the proliferation, tube formation and migration abilities of human umbilical vein endothelial cells. In murine models of choroidal neovascularization and oxygen-induced retinopathy, BiRDS not only suppresses retinal pathological neovascularization with efficacy comparable to that of current anti-VEGF agents, but also possesses unique effects that current agents lack, such as improved retinal perfusion and preserved neuronal integrity, thereby contributing to the protection of visual function. Furthermore, transcriptomic profiling and molecular validation revealed that BiRDS exerts its therapeutic efficacy by inhibiting the Wnt/β-catenin pathway, a key driver of mediating the aforementioned pathological processes. This study highlights BiRDS as a next-generation RNA nanotherapy with broad clinical potential, offering site specific, multitargeted modulation via a minimally invasive and patient-friendly route.		True	False
41679587	The hypoxia-mediated HIF-1α/miR-381-3p signaling pathway promotes retinal neovascularization.	Retinal neovascularization is a common pathological feature of various retinal vascular diseases and is typically induced by hypoxia. In recent studies, the regulatory role of microRNA (miRNA)-mediated signaling in retinal neovascularization has been extensively characterized. However, although hypoxia-induced miRNA dysregulation has been identified, the specific mechanisms by which hypoxia modulates miRNAs in retinal neovascularization remain largely elusive. In this study, we first established a direct regulatory link between microRNA-381-3p (miR-381-3p) and hypoxia-inducible factor-1α (HIF-1α) using a dual-luciferase reporter gene assay. Based on an in vitro cellular hypoxia model and an in vivo oxygen-induced retinopathy (OIR) mouse model, we validated the regulatory effect of HIF-1α on miR-381-3p expression. In addition, downregulation of miR-381-3p attenuated retinal neovascularization, inflammation, and apoptosis in OIR mice. Transcriptome sequencing analysis identified Steap4, a differentially expressed gene, as a potential downstream target of miR-381-3p. Further detection suggested that inhibition of miR-381-3p expression could down-regulate the expression of STEAP4 both in vitro and in vivo. Collectively, our study provides compelling evidence that the HIF-1α/miR-381-3p pathway plays a critical regulatory role in retinal neovascularization, which complements the pathogenic mechanisms underlying retinal vascular diseases and suggests that miR-381-3p may serve as a potential therapeutic target for treating retinal neovascularization.		True	False
41817688	Integrated intraocular-plasma proteomics reveals conserved biomarkers for diabetic retinopathy progression: a multi-fluid biopsy study.	The aim of this study was to identify conserved biomarkers for diabetic retinopathy progression, addressing the lack of minimally invasive biomarkers to track the entire continuum of diabetic retinopathy. We conducted high-throughput proteomics (SomaScan v4.1) on aqueous humour from the Guangdong DR Multiple-Omics Study (n=32). Temporal protein clusters were identified using soft clustering of temporal trajectories. Candidates were validated in a US dataset and localised via single-cell RNA-seq in an oxygen-induced retinopathy mouse model. The clinical relevance of plasma-detectable markers was assessed cross-sectionally and prospectively in individuals with diabetes from the UK Biobank (n=2495). In the discovery dataset (mean age 68.5±9.0 years; 56.3% men, 43.8% women), temporal proteomic profiling identified 40 candidate biomarkers whose concentration showed monotonic changes during diabetic retinopathy progression. Of these, 25 showed conserved directional patterns in the validation dataset (17 increasing and eight decreasing, all p<0.05). Single-cell mapping further localised 15 candidates, including neurofilament light chain (NFL), to retinal neurons and glia. In the UK Biobank individuals, baseline plasma NFL distinguished those with diabetic retinopathy from control individuals (OR 1.98 [95% CI 1.61, 2.42]) and predicted incident diabetic retinopathy (HR 2.01 [95% CI 1.48, 2.73]) and vascular complications (microvascular, HR 2.28 [95% CI 1.94, 2.69]; macrovascular, HR 1.49 [95% CI 1.26, 1.77]) over a median follow-up of 12 years. Plasma NFL enhanced the predictability of a conventional risk factor model for diabetic retinopathy (net reclassification improvement [NRI] 0.194 [95% CI 0.042, 0.297]; integrated discrimination improvement [IDI] 0.015 [95% CI 0.003, 0.047]) and enabled risk stratification of vascular complications. NFL represents a pan-stage biomarker for diabetic retinopathy progression, detectable through minimally invasive plasma testing, and is associated with risks of diabetic vascular complications.		True	False
41829920	Polyunsaturated Fatty Acid Balance Modulates Microglial State in a Murine Model of Oxygen-Induced Neovascularization.	Background/Objectives: The retina is enriched in polyunsaturated fatty acids (PUFAs) which are indispensable for normal vision, and recent clinical studies have shown that dietary supplementation of ω-6-and ω-3-polyunsaturated fatty acids (PUFAs) can provide a protective role against retinopathy of prematurity (ROP). Our study aims to understand the mechanisms by which altering ω-6-and ω-3-polyunsaturated fatty acids (PUFAs) in the eye can protect against pathologic retinal neovascularization (NV). Methods: We interrogated the effects of endogenous ω-3-PUFA enrichment using transgenic fat-1 mice which convert ω-6-PUFAs to ω-3-PUFAs in the oxygen-induced retinopathy (OIR) murine model. In the OIR model, mice are exposed to 75% oxygen from postnatal day 7 (P7) to P12, then returned to room air (RA). We used a combination of immunofluorescence, bulk retinal RNA sequencing, and lipid mediator profiling by UHPLC-MS/MS in P17 mouse retinas to identify mechanisms underlying the protective effect against NV seen in fat-1 mice exposed to OIR. Results:Fat-1 OIR mice were protected against the development of retinopathy, demonstrating 15.1% less vaso-obliteration (75.5% relative reduction) after OIR and a 6.1% reduction in neovascularization (71.8% relative reduction) at P17 (p < 0.0001 for both). We found a dampened transcriptional response to OIR in the retina of fat-1 mice as compared to WT mouse retinas (198 vs. 782 genes, adjusted p-value < 0.01). Pathway analyses confirmed these findings, with significant OIR-induced transcriptional shifts in angiogenesis (adjusted p-value < 10-27), inflammation (adjusted p-value < 10-25), and microglial activation pathways (adjusted p-value < 10-9) in WT mouse retina that were not observed in fat-1 mice. Enrichment scores obtained through the integration of our bulk transcriptomics data with cell-resolved retina data indicate that the protective phenotype observed in fat-1 mice could be associated with intrinsic differences in microglia cell subtypes between WT and fat-1 mice. In situ, WT OIR mice demonstrated an increase in Iba1+ microglia compared to WT RA mice, whereas fat-1 OIR mice showed no difference when compared to fat-1 RA mice. Three ARA-derived oxylipins, 12-hydroxyeicosatetraenoic acid (12-HETE), prostaglandin D2 (PGD2), and thromboxane B2 (TXB2) demonstrated a pattern of upregulation in WT OIR compared to WT RA, but no upregulation in fat-1 OIR mice compared to fat-1 RA. Two EPA-derived specialized pro-resolving mediators and two LA-derived oxylipins were also differentially expressed. Conclusions: These findings show that a lower ω-6:ω-3 protects against neovascularization and is associated with attenuation of hyperoxia-induced microglial recruitment and activation, as well as inflammation and angiogenic signaling.		True	False
41840419	Increased CD44 Expression in Endothelial Cells Induced by Advanced Glycation End Products Leads to Insufficient Maturation of Angiogenesis.	Pathological angiogenesis occurs in various diseases, including tumours, diabetes and wound healing. The endothelial cells lining these aberrant neovessels exhibit abnormal morphology, with loosely attached or absent pericytes and the basement membrane (BM) is often disrupted. Advanced glycation end products (AGEs) promote pathological angiogenesis in diabetic vascular complications, but whether the vascular BM structure is altered and the underlying molecular mechanisms remain unclear. By analysing single-cell RNA sequencing data (GSE204880) from the oxygen-induced retinopathy mouse model, this study found heterogeneous expression of type IV collagen (Col-IV) and laminin in endothelial cells, with enrichment of the AGE-RAGE pathway and BM-related pathways. Experimental results demonstrated that AGEs induce abnormal distribution of Col-IV in vascular BM, along with increased Col-IV levels in mouse serum and endothelial-pericyte co-culture supernatants, suggesting excessive BM degradation. Additionally, AGEs upregulated CD44 and matrix metalloproteinases 9 (MMP9) protein levels in retinal tissues and endothelial cells. Knockout/knockdown of CD44 or inhibition of MMP9, can both significantly alleviate BM structural disruption and abnormal angiogenesis. The down-regulation of CD44 expression or application of γ-secretase inhibitor DAPT attenuated AGEs-promoted MMP9 expression and secretion. Moreover, AGEs facilitated β-catenin nuclear translocation and its interaction with TCF4. When this interaction was blocked by LF3, AGEs-induced CD44 upregulation was reduced, and pathological angiogenesis and BM abnormalities were partially restored. These findings suggest that AGEs upregulate endothelial CD44 expression via β-catenin/TCF4 signalling pathway, which in turn promotes MMP9-mediated excessive degradation of BM components, leading to structural disorganisation and impaired vascular maturation in pathological angiogenesis.	GSE204880	True	False
41851718	Curcuma longa-derived extracellular vesicle-like particles ameliorate retinal neovascularization through HIF-1α and NRF2 signaling.	Retinal neovascularization is a leading cause of irreversible blindness worldwide. Chinese herbal medicines have unique therapeutic properties, such as antioxidant, anti-inflammatory, and neuroprotective effects. This study aims to investigate the therapeutic effects and underlying mechanisms of the Chinese medicinal herb Curcuma longa-derived extracellular vesicle-like particles (CL-EVLPs) in a mouse model of retinal neovascularization. CL-EVLPs were extracted from fresh Curcuma longa rhizomes through differential centrifugation and sucrose density gradient centrifugation and characterized by transmission electron microscopy (TEM), and nanoparticle tracking analysis (NTA), and western blot analysis of EVLP-associated protein markers. CL-EVLPs were administered to oxygen-induced retinopathy (OIR) model mice via intravitreal injection. The therapeutic effects were evaluated using retinal flat mounts, fundus fluorescein angiography (FFA), and reactive oxygen species (ROS) staining. The underlying molecular mechanisms were explored through metabolomics, transcriptomics, and network pharmacology analyses, and the expression levels of relevant factors were quantified using real-time polymerase chain reaction (PCR) or western blotting. In vitro experiments were conducted using human retinal microvascular endothelial cells (hRMECs) and BV2 microglia. CL-EVLPs exhibited typical EV-like characteristics, including a saucer‑ or cup‑shaped morphology, a mean diameter of 140.7 nm, and enrichment of the EV‑related protein ARF1. CL-EVLPs effectively inhibited neovascularization in the OIR model, as evidenced by reduced pathological neovascular tufts and avascular zones and decreased vascular permeability and tortuosity. Furthermore, CL-EVLPs significantly decreased ROS production in the retinas of OIR mice. Mechanistically, CL-EVLPs inhibited HIF-1α/VEGF/ERK signaling and activated the NRF2/HO-1 antioxidant pathway. In vitro experiments confirmed that CL-EVLPs inhibited endothelial cell viability and alleviated oxidative stress in microglia. Integrated network pharmacology and metabolomics analyses proved that the cargo molecules of CL-EVLPs, such as curcumin and its derivatives, auraptene, and triptophenolide, exhibit regulatory antioxidant and anti-inflammatory effects and modulate multiple signaling pathways associated with retinal neovascular diseases. CL-EVLPs effectively suppress retinal neovascularization by inhibiting the HIF-1α/VEGFA/ERK axis and activating the NRF2/HO-1 pathway. This study suggests that CL-EVLPs, as a multitarget therapeutic strategy, hold promising clinical translational potential for the treatment of retinal neovascular diseases.		True	False
41860321	An APE1 Redox Inhibitor Attenuates Pathological Retinal Vascularization by Suppressing FGF2 Angiogenic Signaling.	Retinal neovascular (RNVs) diseases are major causes of visual loss. Current first-line therapies for RNV primarily target VEGF. However, intrinsic or acquired resistance to anti-VEGF therapy, along with the risks associated with repeated intraocular injections, underscores the need for alternative targets and new therapeutic strategies. Apurinic/apyrimidinic endonuclease 1 (APE1) regulates transcription factors implicated in RNV. The purpose of this study was to evaluate APE1 as a therapeutic target, assess the potential of its redox inhibitor, Refi-10, as a drug candidate for vascular retinopathies, and elucidate underlying mechanisms. An oxygen-induced retinopathy (OIR) mouse model and the APE1 redox inhibitor Refi-10 were used to investigate the contribution of APE1 redox function in retinopathy neovascularization and assess the therapeutic efficacy of Refi-10. Transcriptomic analysis of OIR retinas identified pro-angiogenic factors and pathways associated with RNV and Refi-10-mediated improvement. Retinal pigment epithelium (RPE) and human retinal microvascular endothelial cells (hRMECs) were used to investigate cellular mechanisms and responses to Refi-10. Refi-10 significantly reduced pathological angiogenesis and ameliorated RNV disease. Mechanistic studies showed that Refi-10 attenuated inflammation and angiogenesis via APE1 inhibition. Notably, Refi-10 did not decrease retinal VEGF in OIR but mitigated RNV by suppressing fibroblast growth factor 2 (FGF2) expression. These findings nominate APE1 and FGF2 signaling as promising therapeutic targets, and show that Refi-10 holds potential as a drug candidate for vascular retinopathies, offering an alternative or complementary approach to VEGF inhibition.		True	False
41944819	Attenuation of Oxygen-Induced Neovascularization and Inflammation by Neutralizing VEGFA and/or ANG-2 With an Antibody.	Neovascularization is a major cause of blindness in various retinal diseases, and inflammation aggravates the pathological and clinical conditions of these diseases. VEGFA or ANG-2 neutralizing antibodies have been used to block pathological neovascularization. In this work, the effects of intraocular administration of neutralizing antibodies against VEGFA, ANG-2, or bispecific to these two factors on pathological findings were examined in the oxygen-induced retinopathy (OIR) mouse model. At both postnatal day (P)17 and P19, anti-VEGFA and -ANG-2 administration suppressed neovascularization, and the bispecific antibody attenuated neovascularization more efficiently. However, oxygen-induced vaso-obliteration was not modified by these antibodies. Numbers of photoreceptor, amacrine, and bipolar cells were reduced in the OIR retina, and the antibodies reversed these changes. Microglia-specific gene expression increased in the OIR retina, and administration of the antibodies reduced the IBA1-positive area in the OIR retina, although these antibodies did not affect Iba1 gene expression. Labeled VEGFA and ANG-2 were found to be co-localized with microglia, suggesting that VEGFA and ANG-2 affect microglia activation directly. Taken together, neutralizing antibody to VEGFA or ANG-2 attenuated oxygen-induced neovascularization and inflammation, and the bispecific antibody more efficiently suppressed some features than the single antibody to VEGFA or ANG-2.		True	False
41963275	SDF-1 Inhibition Attenuates VEGF-Driven Retinal Leukostasis and Neovascularization in Ischemic Retinopathy.	Ischemic retinopathies are characterized by hypoxia-driven inflammation and pathological neovascularization (NV), with vascular endothelial growth factor (VEGF) as a central mediator. Incomplete responses to anti-VEGF therapy suggest involvement of additional hypoxia-regulated pathways. This study investigated the contribution of stromal cell-derived factor-1 (SDF-1) to VEGF-driven retinal vascular pathology. SDF-1 expression, leukostasis, vascular nonperfusion (NP), and NV were assessed in oxygen-induced retinopathy, VEGF transgenic mice, and VEGF-injected mice. The SDF-1 aptamer NOX-A12 was administered alone or in combination with aflibercept. Retinal vascular pathology was quantified by immunofluorescence, and vitreous albumin levels were measured to assess vascular leakage. RNA sequencing was performed in VEGF-stimulated human umbilical vein endothelial cells treated with SDF-1. SDF-1 expression was increased in ischemic retinas and in models of sustained VEGF overexpression (Rho P35, 2.43 ± 1.34; Tet/Opsin/VEGF (TVOP), 0.27 ± 0.31; C57 VEGF, 0.13 ± 0.14; retinopathy of prematurity, 3.06 ± 0.65; P = 0.0004, 0.0005, < 0.0001, <0.0001). SDF-1 aptamer plus aflibercept more effectively suppressed retinal leukostasis (24 h, 84.2 ± 13.8 vs 122.2 ± 20.8; 72 h, 22 ± 10.5 vs 52.6 ± 13.1; Rho/VEGF P21, 20.2 ± 7.79 vs 37.4 ± 9.07; Rho/VEGF P35, 20.8 ± 7.63 vs 39.7 ± 8.83; TVOP, 35.3 ± 9.16 vs 170.6 ± 40.9, all P < 0.0001), NP area (80.92 ± 3.82 vs 51.53 ± 11.13; P < 0.0001), hypoxia (0.23 ± 0.10 vs 0.82 ± 0.09; P < 0.0001), and NV (0.01 ± 0.01 vs 0.07 ± 0.01; P < 0.0001) than aflibercept alone, without additional effects on choroidal NV or vitreous albumin levels. Transcriptomic analysis revealed enrichment of pathways related to leukocyte transendothelial migration, focal adhesion, tight junctions, and extracellular matrix organization. SDF-1 functions as a cooperative mediator of VEGF-driven retinal vascular pathology. Dual targeting of SDF-1 and VEGF enhances suppression of ischemic retinal injury and NV.		True	False
42057040	Comprehensive multiomics analyses identify guanylate cyclase activator 1A as a photoreceptor-specific target in a murine model of oxygen-induced retinopathy.	Retinopathy of prematurity (ROP), the leading cause of childhood blindness, is considered a vascular retinopathy; however, clinical studies have reported persistent electrophysiological dysfunctions in some ROP patients with remitted vasculopathy, resulting in severe visual impairments. Therefore, this study sought to unravel the mechanisms underlying persistent electrophysiological dysfunctions and identify a neuronal target in a murine model of oxygen-induced retinopathy (OIR), a widely used animal model for ROP. Retinal vascular morphology and leakage were examined by isolectin B4 staining and fluorescein fundus angiography in the OIR mouse model at P17 and P25. Full-field electroretinogram (ERG) was performed. Moreover, P17 retinas were analyzed with metabolomics and transcriptomics, and the results were validated by quantitative PCR (qPCR) and Western blotting (WB). Whole-cell patch clamp was used to evaluate phototransduction. Lentiviral particles carrying guanylate cyclase activator 1A (Guca1a) cDNA driven by a mouse rod opsin promoter were intravitreally injected into OIR mice, and immunofluorescence, ERG, patch clamp, cGMP measurement, and TUNEL staining were performed for assessments. Vascular lesions in OIR retinas peaked at P17 and recovered at P25. However, a wave and b wave amplitudes in dark- and light-adapted ERGs under all light intensities were deficient at both developmental stages, and electrophysiological dysfunctions persisted in P32 OIR retinas. Multiomics indicates phototransduction defects in isolated photoreceptors. QPCR and WB validated the reduced Guca1a mRNA and its encoding protein levels in P17 and P25 OIR retinas. Patch clamp demonstrated impaired light responses of single rods. Furthermore, lentivirus-mediated photoreceptor-specific expression of GUCA1A recovered electrophysiological functions, improved single rod phototransduction, increased cGMP concentration, and reduced cell death in P17 and P25 OIR retinas. The reduced GUCA1A in photoreceptors is mainly responsible for persistent electrophysiological dysfunctions in OIR mouse retinas, even after the recovery of vessel damage. The photoreceptor GUCA1A may serve as a neuronal target for ROP intervention.		True	False
42066435	Vitreous humor-mimetic liposomes enable effective gene delivery to the eye via intravitreal injection.	Inherited retinal disorders such as Norrie disease lack effective therapies, largely owing to the challenges of delivering genes to retinal tissues via intravitreal injection. The efficacy of gene delivery is constrained by physical impediments, including the inner limiting membrane and the viscoelastic characteristics of the vitreous humor. In this study, we present the development of vitreous humor-mimetic liposomes (VMLs), which have been shown to facilitate efficient retinal gene delivery by enhancing biocompatibility and tissue absorption. The VMLs were engineered by reproducing the lipidomic composition of the native vitreous, as identified through liquid chromatography-mass spectrometry analysis. The subretinal injection of VMLs was conducted to assess the efficiency of gene expression delivery by VMLs. Notably, VML #3 demonstrated a 1.3-fold enhanced GFP transfection compared to conventional nanoparticle, Lipofectamine 2000. Following intravitreal administration, VML #3 facilitated efficient delivery of pGFP-NDP (Norrie disease protein) plasmids and restored retinal vascularization in both Ndp-hemizygous and oxygen-induced retinopathy mouse models. The findings demonstrate the potential of tissue-inspired nanocarriers as effective platforms for enhancing intraocular delivery, suggesting a clinically applicable strategy for the treatment of inherited retinal diseases, including Norrie disease.		True	False
42212336	Endothelial Klf9 fine-tunes Akt signaling to act as a transcriptional brake restraining retinal angiogenesis.	Retinal angiogenesis requires precise transcriptional regulation. Krüppel-like factor 9 (Klf9) has been implicated in various biological processes; however, its specific role in retinal vascular development and ocular neovascular disease remains unclear. In this study, we identified Klf9 as a critical transcriptional regulator of retinal vascular homeostasis. Spatiotemporal transcriptomic and single-cell RNA sequencing analyses revealed that Klf9 was highly enriched in retinal endothelial cells and upregulated during vascular maturation. Using genetic mouse models, we demonstrated that endothelial-specific Klf9 deletion accelerated neonatal retinal vascular expansion and tip cell formation, whereas its overexpression delayed angiogenesis and disrupted barrier function. In oxygen-induced retinopathy, Klf9 loss exacerbated pathological neovascularization and leakage, while its overexpression conferred protection. Integrated RNA-seq and ATAC-seq profiling of human retinal microvascular endothelial cells revealed that Klf9 represses a network of genes involved in the PI3K-Akt pathway and focal adhesions. Key effectors, including AKT1, PTK2, and RAC1, were suppressed by reduced chromatin accessibility at their promoters. Both in vitro and in vivo rescue experiments confirmed that Akt activation reverses vascular hypoplasia caused by Klf9 overexpression, whereas Akt inhibition normalizes the hyper-angiogenic phenotype of the Klf9-deficient endothelium. Collectively, these findings establish Klf9 as a transcriptional brake on retinal angiogenesis, acting through chromatin-mediated suppression of the PI3K-Akt pathway, and provide new mechanistic insights and potential therapeutic targets for pathological retinal angiogenesis.		True	False
42235340	Ndufa4l2 drives the pathological activation of Müller cells in ischemic retinopathy via the PI3K/AKT signaling pathway.	Ischemic retinopathies are major causes of irreversible blindness such as proliferative diabetic retinopathy (PDR). Müller cells, essential for retinal homeostasis, undergo profound pathological activation (reactive gliosis, aberrant proliferation, and migration) under ischemic stress, exacerbating retinal structural disruption and disease progression; however, the precise molecular mechanisms driving this transition remain incompletely understood. This study investigated the role of Ndufa4l2 (NADH dehydrogenase (ubiquinone) 1 alpha subcomplex, 4-like 2), a hypoxia-inducible mitochondrial protein, in Müller cell pathological activation in ischemic retinopathy. Through single-cell RNA sequencing (scRNA-seq) of an oxygen-induced retinopathy (OIR) mouse model, Ndufa4l2 was identified as the most significantly upregulated gene in pathologically activated Müller cells, exhibiting a transcriptomic signature consistent with reactive gliosis. This upregulation was validated in vivo in OIR retinas and in vitro under hypoxic conditions. Gain- and loss-of-function experiments utilizing Ndufa4l2 overexpression plasmids and CRISPR/Cas9-mediated knockout demonstrated that Ndufa4l2 actively promotes Müller cell reactive gliosis, hyper-proliferation, and enhanced migration. Mechanistically, bioinformatics analyses and experimental validation revealed that Ndufa4l2 exerts its effects by activating the PI3K/AKT signaling pathway. Crucially, pharmacological inhibition of PI3K with LY294002 significantly reversed Ndufa4l2-induced reactive gliosis, proliferation, and migration. In conclusion, our findings establish Ndufa4l2 as a crucial intrinsic driver of Müller cell pathological activation and highlight the Ndufa4l2-PI3K/AKT axis as a promising therapeutic target for mitigating reactive gliosis in ischemic retinal diseases.		True	False
42237060	Dopamine inhibits retinal pathological neovascularization in the oxygen-induced retinopathy mouse model.	Pathological neovascularization is the leading cause of childhood blindness in retinopathy of prematurity (ROP). Anti-vascular endothelial growth factor agents are commonly used to treat this condition, yet their variable efficacy and off-target effects demand alternative strategies. Here, we investigated the relationship between retinal dopamine (DA) dynamics and pathological angiogenesis in the oxygen-induced retinopathy (OIR) mouse model mimicking ROP pathogenesis. We determined the individual effects of apomorphine (APO), a non-selective DA receptor agonist, and selective agonists or antagonists of dopamine D1 receptor (Drd1) and dopamine D2 receptor (Drd2), on pathological neovascularization. Integrating single-cell RNA sequencing with Müller cell-specific Drd2 knockout OIR mice, we identified that Drd2-mediated signaling in Müller cells orchestrates hypoxia-inducible factor alpha and vascular endothelial growth factor A biosynthesis in Müller cells during the hypoxic-ischemic phase of OIR. Collectively, OIR-induced dopaminergic deficiency and impaired Drd2 activity in Müller cells synergistically exacerbate pathological angiogenesis. © 2026 The Pathological Society of Great Britain and Ireland.		True	False
42272073	ScRNA-seq Data Reveal Gene Upregulation and Downregulation in Oxygen-Induced Retinopathy.	BACKGROUND Retinopathy of prematurity is characterized by retinal vascular ischemia and hypoxia that lead to neovascularization, potentially causing retinal detachment and blindness. This study aimed to explore target genes involved in oxygen-induced retinopathy (OIR) through comprehensive single-cell RNA sequencing (scRNA-seq) data analysis. MATERIAL AND METHODS ScRNA-seq data of retinal tissues obtained from mice under normoxic and OIR conditions were retrieved from the Gene Expression Omnibus (GEO; accession number GSE150703). A suite of bioinformatics tools was used for data processing, cell clustering, cell type annotation, differential gene expression analysis, gene set enrichment analysis, and protein-protein interaction network prediction to identify key hub genes associated with OIR. RESULTS Analysis of GSE150703 OIR mouse data identified 10 retinal cell types. These findings were supported by pathway enrichment analyses, including Gene Ontology and Kyoto Encyclopedia of Genes and Genomes, which indicated significant upregulation of Hnrnpu, Vamp2, Ybx1, Ywhab, and Csnk1a1, and downregulation of Xist and mt-Co1, among others. Interacting proteins from protein-protein interaction network studies identified major hub genes involving Srsf1, Srsf11, Sf3b1, and Hnrnpu, among others. Moreover, the research explored how mutations of Chchd10 and Sf3b1 influence the development of the disease and downregulation of mitochondrial-associated genes, such as lncRNA-Xist, Ndufs5, and mt-Co1, which may provide further insight into their roles in the pathogenesis of OIR. CONCLUSIONS The single-cell data analysis suggests that Hnrnpu, Vamp2, Ybx1, Ywhab, Csnk1a1, Pfkp, Rho, Srsf1, Srsf11, Mt1, Tpr, Hnrnpc, Chchd10, Sf3b1, Xist, Ndufs5, and mt-Co1 may be potential target genes in OIR in retinopathy of prematurity.	GSE150703	True	True
42366514	Apolipoprotein C3 Promotes Retinal Angiogenesis via the MYC Pathway in Hypoxia.	The aim of this study was to investigate the function of Apolipoprotein C3 (APOC3) in the retina under hypoxic conditions. The quantitative expression of APOC3 in the aqueous humor of patients with diabetic retinopathy (DR) was determined using proteomics datasets. A multiplex immunoassay was used to measure APOC3 levels in the serum of patients with DR. Western blotting and enzyme-linked immunosorbent assays were used to assess APOC3 expression in the liver, duodenum, retina, and serum of db/db mice and oxygen-induced retinopathy (OIR) mice, as well as in human retinal microvascular endothelial cells (hRMECs) exposed to high glucose, hypoxia, or both. Cell proliferation, migration, and tube formation assays were conducted in hRMECs treated with recombinant APOC3 (r-APOC3), hypoxia, or both. RNA sequencing and inhibition assays were performed to explore the pathways associated with r-APOC3 and hypoxia stimulation. APOC3 expression was significantly increased in the aqueous humor and serum of patients with DR, as well as in the liver, duodenum, serum, and retina of db/db and OIR mice, but did not change markedly in either the hRMECs or their conditioned media under given conditions. r-APOC3 combined with hypoxia significantly enhanced the proliferation, migration, and tube formation of hRMECs, promoting the upregulation of MYC, VEGFA, and IL6. Inhibition of MYC expression reduced VEGFA and IL6 levels and alleviated the phenotypic changes in hRMECs treated with r-APOC3 and hypoxia. APOC3 may promote retinal angiogenesis via activation of the MYC pathway under hypoxic conditions, suggesting its involvement in DR.		True	False
42555755	Disrupting galectin-3 and NET-mediated microglia-neutrophil cross-talk suppresses pathological retinal angiogenesis.	Current research on pathological retinal neovascularization primarily focuses on growth factors, inflammation, and endothelial signaling pathways. However, increasing attention is being directed toward disruptions in the retinal immune microenvironment. Therefore, deciphering the immune-angiogenic interplay could uncover therapeutic avenues for neovascular disorders. Through integrative analyses of single-cell RNA sequencing from human fibrovascular membranes and multicohort clinical datasets, we identified neutrophil infiltration as an independent risk factor for diabetic retinopathy progression. Mechanistically, activated microglia preceded and potentiated neutrophil infiltration by secreting galectin-3 (GAL3), establishing a self-amplifying feedback loop that sustained microglial activation and drove pathological angiogenesis in mice with oxygen-induced retinopathy (OIR). To therapeutically disrupt this loop, we engineered a photocurable hydrogel for the sustained intravitreal delivery of GAL3 and vascular endothelial growth factor (VEGF)-neutralizing antibodies, which effectively suppressed aberrant angiogenesis in mice with OIR. Together, these findings reinforce the concept of retinal neovascularization as an immunovascular disorder and underscore the therapeutic potential of microenvironment-modulating strategies using biomaterials.		True	False
