source	record_id	title	query_id	date_identified	duplicate_of	screening_stage	decision	exclusion_reason	linked_accession_or_bioproject	final_cohort	source_url
GEO	GSE115949	Expression profiling of microRNAs in oxygen-induced retinal neovascularization in mice	GEO_01-03_UNION	2026-08-11		eligibility_assessment	EXCLUDE	miRNA profiling; sample-level Adora2a mRNA is not recoverable	GSE115949		https://www.ncbi.nlm.nih.gov/geo/query/acc.cgi?acc=GSE115949
GEO	GSE123945	Epithelial membrane protein-2 promotes VEGF signaling to promote pathological neovascular growth in retinopathy of prematurity	GEO_01-03_UNION	2026-08-11		eligibility_assessment	INCLUDE_PRIMARY		GSE123945	GSE123945	https://www.ncbi.nlm.nih.gov/geo/query/acc.cgi?acc=GSE123945
GEO	GSE124956	Effects of Aflibercept administration at 25 mg per kg body weight in retinas of mice subjected to the oxygen-induced retinopathy protocol	GEO_01-03_UNION	2026-08-11		eligibility_assessment	INCLUDE_PRIMARY		GSE124956	GSE124956	https://www.ncbi.nlm.nih.gov/geo/query/acc.cgi?acc=GSE124956
GEO	GSE130347	Murine model of oxygen-induced retinopathy - 3 time points [blood]	GEO_01-03_UNION	2026-08-11		eligibility_assessment	EXCLUDE	blood rather than retinal tissue/compartment	GSE130347		https://www.ncbi.nlm.nih.gov/geo/query/acc.cgi?acc=GSE130347
GEO	GSE130400	Murine model of oxygen-induced retinopathy - 3 time points [retina]	GEO_01-03_UNION	2026-08-11		eligibility_assessment	INCLUDE_PRIMARY		GSE130400	GSE130400	https://www.ncbi.nlm.nih.gov/geo/query/acc.cgi?acc=GSE130400
GEO	GSE132731	Temporo-spatial distribution and transcriptional profile of retinal microglia in the oxygen-induced retinopathy mouse model	GEO_01-03_UNION	2026-08-11		eligibility_assessment	INCLUDE_PRIMARY		GSE132731	GSE132731	https://www.ncbi.nlm.nih.gov/geo/query/acc.cgi?acc=GSE132731
GEO	GSE135844	Progenitor cell combination normalizes retinal vascular development by enhancing pericyte ensheathment in the oxygen-induced retinopathy (OIR) model	GEO_01-03_UNION	2026-08-11		eligibility_assessment	INCLUDE_PRIMARY		GSE135844	GSE135844	https://www.ncbi.nlm.nih.gov/geo/query/acc.cgi?acc=GSE135844
GEO	GSE137705	Effects of Aflibercept administration at 25 mg per kg body weight in retinas of mice subjected to the oxygen-induced retinopathy protocol [P19]	GEO_01-03_UNION	2026-08-11		eligibility_assessment	EXCLUDE	P19 collection; not P17	GSE137705		https://www.ncbi.nlm.nih.gov/geo/query/acc.cgi?acc=GSE137705
GEO	GSE150703	Single-cell RNAseq of Normoxic and OIR mouse retina by Drop-seq	GEO_01-03_UNION	2026-08-11		eligibility_assessment	EXCLUDE	P17 contrast has only one deposited normoxia library, preventing study-level variance estimation	GSE150703		https://www.ncbi.nlm.nih.gov/geo/query/acc.cgi?acc=GSE150703
GEO	GSE150794	Effects of Aflibercept administration at 25 mg per kg body weight in retinas of mice subjected to the oxygen-induced retinopathy protocol [P50]	GEO_01-03_UNION	2026-08-11		eligibility_assessment	EXCLUDE	P50 collection; not P17	GSE150794		https://www.ncbi.nlm.nih.gov/geo/query/acc.cgi?acc=GSE150794
GEO	GSE152928	A specific RIP3+ subpopulation of microglia promotes retinopathy through a hypoxia-triggered necroptotic mechanism	GEO_01-03_UNION	2026-08-11		eligibility_assessment	EXCLUDE	one deposited library per P17 group, preventing study-level variance estimation	GSE152928		https://www.ncbi.nlm.nih.gov/geo/query/acc.cgi?acc=GSE152928
GEO	GSE158799	C57Bl6J retina lysates in oxygen-induced retinopathy	GEO_01-03_UNION	2026-08-11		eligibility_assessment	INCLUDE_PRIMARY		GSE158799	GSE158799	https://www.ncbi.nlm.nih.gov/geo/query/acc.cgi?acc=GSE158799
GEO	GSE174400	Single-cell RNAseq by Dropseq of retinal endothelial cells from WT and ENOS KO mouse	GEO_01-03_UNION	2026-08-11		eligibility_assessment	EXCLUDE	P14 OIR only; no P17 contrast	GSE174400		https://www.ncbi.nlm.nih.gov/geo/query/acc.cgi?acc=GSE174400
GEO	GSE194176	Expression profiles of mRNAs in the retinas of OIR wildtype, OIR IL-19 knockout and room air control mice.	GEO_01-03_UNION	2026-08-11		eligibility_assessment	INCLUDE_PRIMARY		GSE194176	GSE194176	https://www.ncbi.nlm.nih.gov/geo/query/acc.cgi?acc=GSE194176
GEO	GSE19886	Gene Expression Profile of Hyperoxic/hypoxic Retinas in Mouse Model of Oxygen-induced Retinopathy	GEO_01-03_UNION	2026-08-11		eligibility_assessment	EXCLUDE	collections at P8, P12 and P13; no P17 contrast	GSE19886		https://www.ncbi.nlm.nih.gov/geo/query/acc.cgi?acc=GSE19886
GEO	GSE199792	Single-cell Transcriptome Analyses Reveal Unique Microglia Types Associated with Retinal Pathological Angiogenesis	GEO_01-03_UNION	2026-08-11		eligibility_assessment	EXCLUDE	one deposited library per group, preventing study-level variance estimation	GSE199792		https://www.ncbi.nlm.nih.gov/geo/query/acc.cgi?acc=GSE199792
GEO	GSE200195	Transcriptome analysis of the oxygen induced retinopathy (OIR) model at 5 different timepoints	GEO_01-03_UNION	2026-08-11		eligibility_assessment	EXCLUDE	collections end at P16; no P17 contrast	GSE200195		https://www.ncbi.nlm.nih.gov/geo/query/acc.cgi?acc=GSE200195
GEO	GSE209654	Effect of Caspase1 deletion on oxygen-induced retinopathy in C57BL/6 mice	GEO_01-03_UNION	2026-08-11		eligibility_assessment	EXCLUDE	three days after hyperoxia withdrawal (P15), not P17	GSE209654		https://www.ncbi.nlm.nih.gov/geo/query/acc.cgi?acc=GSE209654
GEO	GSE213362	Profiles of N6-methyladenosine modifications of circular RNAs in oxygen-induced retinopathy	GEO_01-03_UNION	2026-08-11		eligibility_assessment	EXCLUDE	m6A/circular-RNA assay; conventional sample-level Adora2a abundance is not recoverable	GSE213362		https://www.ncbi.nlm.nih.gov/geo/query/acc.cgi?acc=GSE213362
GEO	GSE216676	Metabolic reprogramming of the neovascular niche promotes regenerative angiogenesis in proliferative retinopathy	GEO_01-03_UNION	2026-08-11		eligibility_assessment	INCLUDE_PRIMARY		GSE216676	GSE216676	https://www.ncbi.nlm.nih.gov/geo/query/acc.cgi?acc=GSE216676
GEO	GSE227350	RNA sequencing of sorted P17 murine endothelial cells from the OIR model with OSM or PBS intravitreal injection at P12	GEO_01-03_UNION	2026-08-11		eligibility_assessment	EXCLUDE	P17 OIR OSM/PBS intervention only; no age-matched normoxia comparator	GSE227350		https://www.ncbi.nlm.nih.gov/geo/query/acc.cgi?acc=GSE227350
GEO	GSE227861	Single-cell RNAseq analysis of wild type and Socs3 cKO retinal immune cells	GEO_01-03_UNION	2026-08-11		eligibility_assessment	EXCLUDE	P13 collection; not P17	GSE227861		https://www.ncbi.nlm.nih.gov/geo/query/acc.cgi?acc=GSE227861
GEO	GSE230668	Effects of inhibitors in mice with oxygen-induced retinopathy	GEO_01-03_UNION	2026-08-11		eligibility_assessment	INCLUDE_PRIMARY		GSE230668	GSE230668	https://www.ncbi.nlm.nih.gov/geo/query/acc.cgi?acc=GSE230668
GEO	GSE234447	Transcriptional Comparison of Human and Murine Retinal Neovascularization	GEO_01-03_UNION	2026-08-11		eligibility_assessment	INCLUDE_PRIMARY		GSE234447	GSE234447	https://www.ncbi.nlm.nih.gov/geo/query/acc.cgi?acc=GSE234447
GEO	GSE241239	RNA-sequencing of the oxygen induced retinopathy (OIR) model in C57BL/6 mice	GEO_01-03_UNION	2026-08-11		eligibility_assessment	INCLUDE_PRIMARY		GSE241239	GSE241239	https://www.ncbi.nlm.nih.gov/geo/query/acc.cgi?acc=GSE241239
GEO	GSE245456	CUT&Tag of oxygen-induced retinopathy mouse retina	GEO_01-03_UNION	2026-08-11		eligibility_assessment	EXCLUDE	CUT&Tag chromatin assay; not transcript abundance	GSE245456		https://www.ncbi.nlm.nih.gov/geo/query/acc.cgi?acc=GSE245456
GEO	GSE249919	Mechanism underlying long-term visual dysfunction in the mouse model of oxygen-induced retinopathy	GEO_01-03_UNION	2026-08-11		eligibility_assessment	EXCLUDE	one deposited P17 library per group, preventing study-level variance estimation	GSE249919		https://www.ncbi.nlm.nih.gov/geo/query/acc.cgi?acc=GSE249919
GEO	GSE259255	BGN stimulates retinal pathological angiogenesis via up-regulation of CXCL12 expression in pericytes (mouse)	GEO_01-03_UNION	2026-08-11		eligibility_assessment	EXCLUDE	unresolved biological-unit mapping together with an internally incongruent deposited extraction protocol	GSE259255		https://www.ncbi.nlm.nih.gov/geo/query/acc.cgi?acc=GSE259255
GEO	GSE261490	A humanized therapeutic monoclonal anti-ASC antibody alleviates oxygen-induced retinopathy in mice	GEO_01-03_UNION	2026-08-11		eligibility_assessment	EXCLUDE	P18 collection; not P17	GSE261490		https://www.ncbi.nlm.nih.gov/geo/query/acc.cgi?acc=GSE261490
GEO	GSE262908	FOXC1 regulates endothelial CD98 (LAT1/4F2hc) expression in retinal angiogenesis and blood-retina barrier formation	GEO_01-03_UNION	2026-08-11		eligibility_assessment	EXCLUDE	P6 developmental endothelial comparison; not P17 OIR	GSE262908		https://www.ncbi.nlm.nih.gov/geo/query/acc.cgi?acc=GSE262908
GEO	GSE263978	mRNA expression profiles of oxygen-induced retinopathy (OIR) mouse retinas after knockdown treatment of lncRNA-MM2P	GEO_01-03_UNION	2026-08-11		eligibility_assessment	EXCLUDE	OIR intervention arms only; no normoxia comparator	GSE263978		https://www.ncbi.nlm.nih.gov/geo/query/acc.cgi?acc=GSE263978
GEO	GSE268420	Chronic intermittent hypoxia inhibits the revascularization of the ischemic retina and aggravates neurodegeneration and neovascularization	GEO_01-03_UNION	2026-08-11		eligibility_assessment	EXCLUDE	P18 OIR treatment-context comparison; no room-air comparator	GSE268420		https://www.ncbi.nlm.nih.gov/geo/query/acc.cgi?acc=GSE268420
GEO	GSE275394	Global Characterization of Functional Microglia Heterogeneity in Relation to Neovascularization and Regression Phases of Oxygen-Induced Retinopathy in Mice	GEO_01-03_UNION	2026-08-11		eligibility_assessment	EXCLUDE	one deposited library per P17 group, preventing study-level variance estimation	GSE275394		https://www.ncbi.nlm.nih.gov/geo/query/acc.cgi?acc=GSE275394
GEO	GSE279825	Monoclonal antibodies that block Roundabout 1 and 2 signaling target pathological ocular neovascularization through myeloid cells	GEO_01-03_UNION	2026-08-11		eligibility_assessment	EXCLUDE	one deposited library per relevant cell-type/treatment group, preventing study-level variance estimation	GSE279825		https://www.ncbi.nlm.nih.gov/geo/query/acc.cgi?acc=GSE279825
GEO	GSE281249	Deubiquitinase USP9X regulates Wnt-signaling to control CNS vascular formation and barrier maintenance	GEO_01-03_UNION	2026-08-11		eligibility_assessment	EXCLUDE	brain endothelial samples; not retinal OIR	GSE281249		https://www.ncbi.nlm.nih.gov/geo/query/acc.cgi?acc=GSE281249
GEO	GSE281854	Systems level analysis of lipid metabolism in oxygen-induced retinopathy [liver RNA-Seq]	GEO_01-03_UNION	2026-08-11		eligibility_assessment	EXCLUDE	liver tissue; not retinal tissue/compartment	GSE281854		https://www.ncbi.nlm.nih.gov/geo/query/acc.cgi?acc=GSE281854
GEO	GSE281855	Systems level analysis of lipid metabolism in oxygen-induced retinopathy [retina_RNAseq]	GEO_01-03_UNION	2026-08-11		eligibility_assessment	EXCLUDE	P12 hyperoxia comparison; not P17 OIR	GSE281855		https://www.ncbi.nlm.nih.gov/geo/query/acc.cgi?acc=GSE281855
GEO	GSE283276	Single-Cell Multiomics Profiling Reveals Heterogeneity of Müller Cells in the Oxygen-Induced Retinopathy Model	GEO_01-03_UNION	2026-08-11		eligibility_assessment	EXCLUDE	P17 OIR only; no normoxia comparator	GSE283276		https://www.ncbi.nlm.nih.gov/geo/query/acc.cgi?acc=GSE283276
GEO	GSE288833	Deletion of endothelial glycocalyx component endomucin impairs retinal vascularization and suppresses pathological neovascularization	GEO_01-03_UNION	2026-08-11		eligibility_assessment	EXCLUDE	OIR genotype comparison only; no normoxia comparator	GSE288833		https://www.ncbi.nlm.nih.gov/geo/query/acc.cgi?acc=GSE288833
GEO	GSE289223	Fibronectin mediates Endothelial-to-mesenchymal Transition in retina angiogenesis	GEO_01-03_UNION	2026-08-11		eligibility_assessment	INCLUDE_PRIMARY		GSE289223	GSE289223	https://www.ncbi.nlm.nih.gov/geo/query/acc.cgi?acc=GSE289223
GEO	GSE292097	Targeting ATF6 Reduces Pathological Neovascularization and Improves Visual Outcomes in Retinal Disease Models	GEO_01-03_UNION	2026-08-11		eligibility_assessment	EXCLUDE	OIR genotype/treatment arms without a recoverable age-matched normoxia contrast	GSE292097		https://www.ncbi.nlm.nih.gov/geo/query/acc.cgi?acc=GSE292097
GEO	GSE301407	Injectable Multifunctional Hydrogel with Sustained Release of procyanidin C1 for Selective Senolysis to Remodel Ocular Fundus Neovascularization	GEO_01-03_UNION	2026-08-11		eligibility_assessment	INCLUDE_PRIMARY		GSE301407	GSE301407	https://www.ncbi.nlm.nih.gov/geo/query/acc.cgi?acc=GSE301407
GEO	GSE304959	RiboTag-based profiling of actively translating transcripts in Nrf2-deficient and wildtype Müller cells in a mouse model of oxygen-induced retinopathy	GEO_01-03_UNION	2026-08-11		eligibility_assessment	EXCLUDE	P14 OIR Müller-cell profiling; no P17 normoxia contrast	GSE304959		https://www.ncbi.nlm.nih.gov/geo/query/acc.cgi?acc=GSE304959
GEO	GSE315511	Attenuation of oxygen-induced neovascularization and inflammation by neutralizing antibody to VEGFA and/or ANG-2	GEO_01-03_UNION	2026-08-11		eligibility_assessment	INCLUDE_PRIMARY		GSE315511	GSE315511	https://www.ncbi.nlm.nih.gov/geo/query/acc.cgi?acc=GSE315511
GEO	GSE328096	Single-cell RNA sequencing reveals that Epac1 deletion attenuates Müller glial pathological activation in ischemia-induced retinopathy	GEO_01-03_UNION	2026-08-11		eligibility_assessment	EXCLUDE	one deposited WT P17 library per group, preventing study-level variance estimation	GSE328096		https://www.ncbi.nlm.nih.gov/geo/query/acc.cgi?acc=GSE328096
GEO	GSE38762	Gene Expression Profiling In Murine Retina Neovascularization Models	GEO_01-03_UNION	2026-08-11		eligibility_assessment	EXCLUDE	collections at P8, P12 and P13; no P17 contrast	GSE38762		https://www.ncbi.nlm.nih.gov/geo/query/acc.cgi?acc=GSE38762
GEO	GSE74170	Comparative Systems Pharmacology of HIF Stabilization in the Prevention of Retinopathy of Prematurity	GEO_01-03_UNION	2026-08-11		eligibility_assessment	EXCLUDE	pharmacologic HIF-stabilization study rather than an OIR-versus-normoxia contrast	GSE74170		https://www.ncbi.nlm.nih.gov/geo/query/acc.cgi?acc=GSE74170
GEO	GSE84303	Expressing profiles of small non-coding RNA in mouse models of oxygen-induced retinopathy (OIR)	GEO_01-03_UNION	2026-08-11		eligibility_assessment	EXCLUDE	small non-coding RNA profiling; Adora2a mRNA is not recoverable	GSE84303		https://www.ncbi.nlm.nih.gov/geo/query/acc.cgi?acc=GSE84303
GEO	GSM2231235	Retina_OIR_rep1	GEO_01-03_UNION	2026-08-11		removed_before_screening	REMOVE_GEO_CHILD_SAMPLE_OBJECT	GEO sample-level child object; the parent series was the screening unit.			https://www.ncbi.nlm.nih.gov/geo/query/acc.cgi?acc=GSM2231235
GEO	GSM2231236	Retina_OIR_rep2	GEO_01-03_UNION	2026-08-11		removed_before_screening	REMOVE_GEO_CHILD_SAMPLE_OBJECT	GEO sample-level child object; the parent series was the screening unit.			https://www.ncbi.nlm.nih.gov/geo/query/acc.cgi?acc=GSM2231236
GEO	GSM2231237	Retina_OIR_rep3	GEO_01-03_UNION	2026-08-11		removed_before_screening	REMOVE_GEO_CHILD_SAMPLE_OBJECT	GEO sample-level child object; the parent series was the screening unit.			https://www.ncbi.nlm.nih.gov/geo/query/acc.cgi?acc=GSM2231237
GEO	GSM3517545	MWMSmmKOHP1: Hyperoxia EMP2 KO #1	GEO_01-03_UNION	2026-08-11	GSE123945	removed_before_screening	REMOVE_GEO_CHILD_SAMPLE_OBJECT	GEO sample-level child object; the parent series was the screening unit.	GSE123945	GSE123945	https://www.ncbi.nlm.nih.gov/geo/query/acc.cgi?acc=GSM3517545
GEO	GSM3517546	MWMSmmKOHP2: Hyperoxia EMP2 KO #2	GEO_01-03_UNION	2026-08-11	GSE123945	removed_before_screening	REMOVE_GEO_CHILD_SAMPLE_OBJECT	GEO sample-level child object; the parent series was the screening unit.	GSE123945	GSE123945	https://www.ncbi.nlm.nih.gov/geo/query/acc.cgi?acc=GSM3517546
GEO	GSM3517547	MWMSmmKOHP3: Hyperoxia EMP2 KO #3	GEO_01-03_UNION	2026-08-11	GSE123945	removed_before_screening	REMOVE_GEO_CHILD_SAMPLE_OBJECT	GEO sample-level child object; the parent series was the screening unit.	GSE123945	GSE123945	https://www.ncbi.nlm.nih.gov/geo/query/acc.cgi?acc=GSM3517547
GEO	GSM3517548	MWMSmmKOHP4: Hyperoxia EMP2 KO #4	GEO_01-03_UNION	2026-08-11	GSE123945	removed_before_screening	REMOVE_GEO_CHILD_SAMPLE_OBJECT	GEO sample-level child object; the parent series was the screening unit.	GSE123945	GSE123945	https://www.ncbi.nlm.nih.gov/geo/query/acc.cgi?acc=GSM3517548
GEO	GSM3517549	MWMSmmKONM1: Normoxia EMP2 KO #1	GEO_01-03_UNION	2026-08-11	GSE123945	removed_before_screening	REMOVE_GEO_CHILD_SAMPLE_OBJECT	GEO sample-level child object; the parent series was the screening unit.	GSE123945	GSE123945	https://www.ncbi.nlm.nih.gov/geo/query/acc.cgi?acc=GSM3517549
GEO	GSM3517550	MWMSmmKONM2: Normoxia EMP2 KO #2	GEO_01-03_UNION	2026-08-11	GSE123945	removed_before_screening	REMOVE_GEO_CHILD_SAMPLE_OBJECT	GEO sample-level child object; the parent series was the screening unit.	GSE123945	GSE123945	https://www.ncbi.nlm.nih.gov/geo/query/acc.cgi?acc=GSM3517550
GEO	GSM3517551	MWMSmmKONM3: Normoxia EMP2 KO #3	GEO_01-03_UNION	2026-08-11	GSE123945	removed_before_screening	REMOVE_GEO_CHILD_SAMPLE_OBJECT	GEO sample-level child object; the parent series was the screening unit.	GSE123945	GSE123945	https://www.ncbi.nlm.nih.gov/geo/query/acc.cgi?acc=GSM3517551
GEO	GSM3517552	MWMSmmKONM4: Normoxia EMP2 KO #4	GEO_01-03_UNION	2026-08-11	GSE123945	removed_before_screening	REMOVE_GEO_CHILD_SAMPLE_OBJECT	GEO sample-level child object; the parent series was the screening unit.	GSE123945	GSE123945	https://www.ncbi.nlm.nih.gov/geo/query/acc.cgi?acc=GSM3517552
GEO	GSM3517553	MWMSmmWTHP1: Hyperoxia WT #1	GEO_01-03_UNION	2026-08-11	GSE123945	removed_before_screening	REMOVE_GEO_CHILD_SAMPLE_OBJECT	GEO sample-level child object; the parent series was the screening unit.	GSE123945	GSE123945	https://www.ncbi.nlm.nih.gov/geo/query/acc.cgi?acc=GSM3517553
GEO	GSM3517554	MWMSmmWTHP2: Hyperoxia WT #2	GEO_01-03_UNION	2026-08-11	GSE123945	removed_before_screening	REMOVE_GEO_CHILD_SAMPLE_OBJECT	GEO sample-level child object; the parent series was the screening unit.	GSE123945	GSE123945	https://www.ncbi.nlm.nih.gov/geo/query/acc.cgi?acc=GSM3517554
GEO	GSM3517555	MWMSmmWTHP3: Hyperoxia WT #3	GEO_01-03_UNION	2026-08-11	GSE123945	removed_before_screening	REMOVE_GEO_CHILD_SAMPLE_OBJECT	GEO sample-level child object; the parent series was the screening unit.	GSE123945	GSE123945	https://www.ncbi.nlm.nih.gov/geo/query/acc.cgi?acc=GSM3517555
GEO	GSM3517556	MWMSmmWTHP4: Hyperoxia WT #4	GEO_01-03_UNION	2026-08-11	GSE123945	removed_before_screening	REMOVE_GEO_CHILD_SAMPLE_OBJECT	GEO sample-level child object; the parent series was the screening unit.	GSE123945	GSE123945	https://www.ncbi.nlm.nih.gov/geo/query/acc.cgi?acc=GSM3517556
GEO	GSM3517557	MWMSmmWTNM1: Normoxia WT #1	GEO_01-03_UNION	2026-08-11	GSE123945	removed_before_screening	REMOVE_GEO_CHILD_SAMPLE_OBJECT	GEO sample-level child object; the parent series was the screening unit.	GSE123945	GSE123945	https://www.ncbi.nlm.nih.gov/geo/query/acc.cgi?acc=GSM3517557
GEO	GSM3517558	MWMSmmWTNM2: Normoxia WT #2	GEO_01-03_UNION	2026-08-11	GSE123945	removed_before_screening	REMOVE_GEO_CHILD_SAMPLE_OBJECT	GEO sample-level child object; the parent series was the screening unit.	GSE123945	GSE123945	https://www.ncbi.nlm.nih.gov/geo/query/acc.cgi?acc=GSM3517558
GEO	GSM3517559	MWMSmmWTNM3: Normoxia WT #3	GEO_01-03_UNION	2026-08-11	GSE123945	removed_before_screening	REMOVE_GEO_CHILD_SAMPLE_OBJECT	GEO sample-level child object; the parent series was the screening unit.	GSE123945	GSE123945	https://www.ncbi.nlm.nih.gov/geo/query/acc.cgi?acc=GSM3517559
GEO	GSM3517560	MWMSmmWTNM4: Normoxia WT #4	GEO_01-03_UNION	2026-08-11	GSE123945	removed_before_screening	REMOVE_GEO_CHILD_SAMPLE_OBJECT	GEO sample-level child object; the parent series was the screening unit.	GSE123945	GSE123945	https://www.ncbi.nlm.nih.gov/geo/query/acc.cgi?acc=GSM3517560
GEO	GSM3560159	P14_retina_OIR_rep1	GEO_01-03_UNION	2026-08-11	GSE124956	removed_before_screening	REMOVE_GEO_CHILD_SAMPLE_OBJECT	GEO sample-level child object; the parent series was the screening unit.	GSE124956	GSE124956	https://www.ncbi.nlm.nih.gov/geo/query/acc.cgi?acc=GSM3560159
GEO	GSM3560160	P14_retina_OIR_rep2	GEO_01-03_UNION	2026-08-11	GSE124956	removed_before_screening	REMOVE_GEO_CHILD_SAMPLE_OBJECT	GEO sample-level child object; the parent series was the screening unit.	GSE124956	GSE124956	https://www.ncbi.nlm.nih.gov/geo/query/acc.cgi?acc=GSM3560160
GEO	GSM3560161	P14_retina_OIR_rep3	GEO_01-03_UNION	2026-08-11	GSE124956	removed_before_screening	REMOVE_GEO_CHILD_SAMPLE_OBJECT	GEO sample-level child object; the parent series was the screening unit.	GSE124956	GSE124956	https://www.ncbi.nlm.nih.gov/geo/query/acc.cgi?acc=GSM3560161
GEO	GSM3560162	P14_retina_OIR+AFL_rep1	GEO_01-03_UNION	2026-08-11	GSE124956	removed_before_screening	REMOVE_GEO_CHILD_SAMPLE_OBJECT	GEO sample-level child object; the parent series was the screening unit.	GSE124956	GSE124956	https://www.ncbi.nlm.nih.gov/geo/query/acc.cgi?acc=GSM3560162
GEO	GSM3560163	P14_retina_OIR+AFL_rep2	GEO_01-03_UNION	2026-08-11	GSE124956	removed_before_screening	REMOVE_GEO_CHILD_SAMPLE_OBJECT	GEO sample-level child object; the parent series was the screening unit.	GSE124956	GSE124956	https://www.ncbi.nlm.nih.gov/geo/query/acc.cgi?acc=GSM3560163
GEO	GSM3560164	P14_retina_OIR+AFL_rep3	GEO_01-03_UNION	2026-08-11	GSE124956	removed_before_screening	REMOVE_GEO_CHILD_SAMPLE_OBJECT	GEO sample-level child object; the parent series was the screening unit.	GSE124956	GSE124956	https://www.ncbi.nlm.nih.gov/geo/query/acc.cgi?acc=GSM3560164
GEO	GSM3560168	P17_retina_OIR_rep1	GEO_01-03_UNION	2026-08-11	GSE124956	removed_before_screening	REMOVE_GEO_CHILD_SAMPLE_OBJECT	GEO sample-level child object; the parent series was the screening unit.	GSE124956	GSE124956	https://www.ncbi.nlm.nih.gov/geo/query/acc.cgi?acc=GSM3560168
GEO	GSM3560169	P17_retina_OIR_rep2	GEO_01-03_UNION	2026-08-11	GSE124956	removed_before_screening	REMOVE_GEO_CHILD_SAMPLE_OBJECT	GEO sample-level child object; the parent series was the screening unit.	GSE124956	GSE124956	https://www.ncbi.nlm.nih.gov/geo/query/acc.cgi?acc=GSM3560169
GEO	GSM3560170	P17_retina_OIR_rep3	GEO_01-03_UNION	2026-08-11	GSE124956	removed_before_screening	REMOVE_GEO_CHILD_SAMPLE_OBJECT	GEO sample-level child object; the parent series was the screening unit.	GSE124956	GSE124956	https://www.ncbi.nlm.nih.gov/geo/query/acc.cgi?acc=GSM3560170
GEO	GSM3560171	P17_retina_OIR+AFL_rep1	GEO_01-03_UNION	2026-08-11	GSE124956	removed_before_screening	REMOVE_GEO_CHILD_SAMPLE_OBJECT	GEO sample-level child object; the parent series was the screening unit.	GSE124956	GSE124956	https://www.ncbi.nlm.nih.gov/geo/query/acc.cgi?acc=GSM3560171
GEO	GSM3560172	P17_retina_OIR+AFL_rep2	GEO_01-03_UNION	2026-08-11	GSE124956	removed_before_screening	REMOVE_GEO_CHILD_SAMPLE_OBJECT	GEO sample-level child object; the parent series was the screening unit.	GSE124956	GSE124956	https://www.ncbi.nlm.nih.gov/geo/query/acc.cgi?acc=GSM3560172
GEO	GSM3560173	P17_retina_OIR+AFL_rep3	GEO_01-03_UNION	2026-08-11	GSE124956	removed_before_screening	REMOVE_GEO_CHILD_SAMPLE_OBJECT	GEO sample-level child object; the parent series was the screening unit.	GSE124956	GSE124956	https://www.ncbi.nlm.nih.gov/geo/query/acc.cgi?acc=GSM3560173
GEO	GSM4085221	P19_retina_OIR_rep1	GEO_01-03_UNION	2026-08-11	GSE137705	removed_before_screening	REMOVE_GEO_CHILD_SAMPLE_OBJECT	GEO sample-level child object; the parent series was the screening unit.	GSE137705		https://www.ncbi.nlm.nih.gov/geo/query/acc.cgi?acc=GSM4085221
GEO	GSM4085222	P19_retina_OIR_rep2	GEO_01-03_UNION	2026-08-11	GSE137705	removed_before_screening	REMOVE_GEO_CHILD_SAMPLE_OBJECT	GEO sample-level child object; the parent series was the screening unit.	GSE137705		https://www.ncbi.nlm.nih.gov/geo/query/acc.cgi?acc=GSM4085222
GEO	GSM4085223	P19_retina_OIR_rep3	GEO_01-03_UNION	2026-08-11	GSE137705	removed_before_screening	REMOVE_GEO_CHILD_SAMPLE_OBJECT	GEO sample-level child object; the parent series was the screening unit.	GSE137705		https://www.ncbi.nlm.nih.gov/geo/query/acc.cgi?acc=GSM4085223
GEO	GSM4085224	P19_retina_OIR+AFLx2_rep1	GEO_01-03_UNION	2026-08-11	GSE137705	removed_before_screening	REMOVE_GEO_CHILD_SAMPLE_OBJECT	GEO sample-level child object; the parent series was the screening unit.	GSE137705		https://www.ncbi.nlm.nih.gov/geo/query/acc.cgi?acc=GSM4085224
GEO	GSM4085225	P19_retina_OIR+AFLx2_rep2	GEO_01-03_UNION	2026-08-11	GSE137705	removed_before_screening	REMOVE_GEO_CHILD_SAMPLE_OBJECT	GEO sample-level child object; the parent series was the screening unit.	GSE137705		https://www.ncbi.nlm.nih.gov/geo/query/acc.cgi?acc=GSM4085225
GEO	GSM4085226	P19_retina_OIR+AFLx2_rep3	GEO_01-03_UNION	2026-08-11	GSE137705	removed_before_screening	REMOVE_GEO_CHILD_SAMPLE_OBJECT	GEO sample-level child object; the parent series was the screening unit.	GSE137705		https://www.ncbi.nlm.nih.gov/geo/query/acc.cgi?acc=GSM4085226
GEO	GSM4085227	P19_retina_OIR+AFLx3_rep1	GEO_01-03_UNION	2026-08-11	GSE137705	removed_before_screening	REMOVE_GEO_CHILD_SAMPLE_OBJECT	GEO sample-level child object; the parent series was the screening unit.	GSE137705		https://www.ncbi.nlm.nih.gov/geo/query/acc.cgi?acc=GSM4085227
GEO	GSM4085228	P19_retina_OIR+AFLx3_rep2	GEO_01-03_UNION	2026-08-11	GSE137705	removed_before_screening	REMOVE_GEO_CHILD_SAMPLE_OBJECT	GEO sample-level child object; the parent series was the screening unit.	GSE137705		https://www.ncbi.nlm.nih.gov/geo/query/acc.cgi?acc=GSM4085228
GEO	GSM4085229	P19_retina_OIR+AFLx3_rep3	GEO_01-03_UNION	2026-08-11	GSE137705	removed_before_screening	REMOVE_GEO_CHILD_SAMPLE_OBJECT	GEO sample-level child object; the parent series was the screening unit.	GSE137705		https://www.ncbi.nlm.nih.gov/geo/query/acc.cgi?acc=GSM4085229
GEO	GSM4558803	P50_retina_OIR_rep1	GEO_01-03_UNION	2026-08-11	GSE150794	removed_before_screening	REMOVE_GEO_CHILD_SAMPLE_OBJECT	GEO sample-level child object; the parent series was the screening unit.	GSE150794		https://www.ncbi.nlm.nih.gov/geo/query/acc.cgi?acc=GSM4558803
GEO	GSM4558804	P50_retina_OIR_rep2	GEO_01-03_UNION	2026-08-11	GSE150794	removed_before_screening	REMOVE_GEO_CHILD_SAMPLE_OBJECT	GEO sample-level child object; the parent series was the screening unit.	GSE150794		https://www.ncbi.nlm.nih.gov/geo/query/acc.cgi?acc=GSM4558804
GEO	GSM4558805	P50_retina_OIR_rep3	GEO_01-03_UNION	2026-08-11	GSE150794	removed_before_screening	REMOVE_GEO_CHILD_SAMPLE_OBJECT	GEO sample-level child object; the parent series was the screening unit.	GSE150794		https://www.ncbi.nlm.nih.gov/geo/query/acc.cgi?acc=GSM4558805
GEO	GSM4558806	P50_retina_OIR+AFLx2_rep1	GEO_01-03_UNION	2026-08-11	GSE150794	removed_before_screening	REMOVE_GEO_CHILD_SAMPLE_OBJECT	GEO sample-level child object; the parent series was the screening unit.	GSE150794		https://www.ncbi.nlm.nih.gov/geo/query/acc.cgi?acc=GSM4558806
GEO	GSM4558807	P50_retina_OIR+AFLx2_rep2	GEO_01-03_UNION	2026-08-11	GSE150794	removed_before_screening	REMOVE_GEO_CHILD_SAMPLE_OBJECT	GEO sample-level child object; the parent series was the screening unit.	GSE150794		https://www.ncbi.nlm.nih.gov/geo/query/acc.cgi?acc=GSM4558807
GEO	GSM4558808	P50_retina_OIR+AFLx2_rep3	GEO_01-03_UNION	2026-08-11	GSE150794	removed_before_screening	REMOVE_GEO_CHILD_SAMPLE_OBJECT	GEO sample-level child object; the parent series was the screening unit.	GSE150794		https://www.ncbi.nlm.nih.gov/geo/query/acc.cgi?acc=GSM4558808
GEO	GSM4558809	P50_retina_OIR+AFLx3_rep1	GEO_01-03_UNION	2026-08-11	GSE150794	removed_before_screening	REMOVE_GEO_CHILD_SAMPLE_OBJECT	GEO sample-level child object; the parent series was the screening unit.	GSE150794		https://www.ncbi.nlm.nih.gov/geo/query/acc.cgi?acc=GSM4558809
GEO	GSM4558810	P50_retina_OIR+AFLx3_rep2	GEO_01-03_UNION	2026-08-11	GSE150794	removed_before_screening	REMOVE_GEO_CHILD_SAMPLE_OBJECT	GEO sample-level child object; the parent series was the screening unit.	GSE150794		https://www.ncbi.nlm.nih.gov/geo/query/acc.cgi?acc=GSM4558810
GEO	GSM4558811	P50_retina_OIR+AFLx3_rep3	GEO_01-03_UNION	2026-08-11	GSE150794	removed_before_screening	REMOVE_GEO_CHILD_SAMPLE_OBJECT	GEO sample-level child object; the parent series was the screening unit.	GSE150794		https://www.ncbi.nlm.nih.gov/geo/query/acc.cgi?acc=GSM4558811
GEO	GSM4629873	retinal microglia, OIR	GEO_01-03_UNION	2026-08-11	GSE152928	removed_before_screening	REMOVE_GEO_CHILD_SAMPLE_OBJECT	GEO sample-level child object; the parent series was the screening unit.	GSE152928		https://www.ncbi.nlm.nih.gov/geo/query/acc.cgi?acc=GSM4629873
GEO	GSM4810565	OIR_retina_P14_1	GEO_01-03_UNION	2026-08-11	GSE158799	removed_before_screening	REMOVE_GEO_CHILD_SAMPLE_OBJECT	GEO sample-level child object; the parent series was the screening unit.	GSE158799	GSE158799	https://www.ncbi.nlm.nih.gov/geo/query/acc.cgi?acc=GSM4810565
GEO	GSM4810566	OIR_retina_P14_2	GEO_01-03_UNION	2026-08-11	GSE158799	removed_before_screening	REMOVE_GEO_CHILD_SAMPLE_OBJECT	GEO sample-level child object; the parent series was the screening unit.	GSE158799	GSE158799	https://www.ncbi.nlm.nih.gov/geo/query/acc.cgi?acc=GSM4810566
GEO	GSM4810570	OIR_retina_P17_1	GEO_01-03_UNION	2026-08-11	GSE158799	removed_before_screening	REMOVE_GEO_CHILD_SAMPLE_OBJECT	GEO sample-level child object; the parent series was the screening unit.	GSE158799	GSE158799	https://www.ncbi.nlm.nih.gov/geo/query/acc.cgi?acc=GSM4810570
GEO	GSM4810571	OIR_retina_P17_2	GEO_01-03_UNION	2026-08-11	GSE158799	removed_before_screening	REMOVE_GEO_CHILD_SAMPLE_OBJECT	GEO sample-level child object; the parent series was the screening unit.	GSE158799	GSE158799	https://www.ncbi.nlm.nih.gov/geo/query/acc.cgi?acc=GSM4810571
GEO	GSM4810572	OIR_retina_P17_3	GEO_01-03_UNION	2026-08-11	GSE158799	removed_before_screening	REMOVE_GEO_CHILD_SAMPLE_OBJECT	GEO sample-level child object; the parent series was the screening unit.	GSE158799	GSE158799	https://www.ncbi.nlm.nih.gov/geo/query/acc.cgi?acc=GSM4810572
GEO	GSM4810576	OIR_retina_P30_1	GEO_01-03_UNION	2026-08-11	GSE158799	removed_before_screening	REMOVE_GEO_CHILD_SAMPLE_OBJECT	GEO sample-level child object; the parent series was the screening unit.	GSE158799	GSE158799	https://www.ncbi.nlm.nih.gov/geo/query/acc.cgi?acc=GSM4810576
GEO	GSM4810577	OIR_retina_P30_2	GEO_01-03_UNION	2026-08-11	GSE158799	removed_before_screening	REMOVE_GEO_CHILD_SAMPLE_OBJECT	GEO sample-level child object; the parent series was the screening unit.	GSE158799	GSE158799	https://www.ncbi.nlm.nih.gov/geo/query/acc.cgi?acc=GSM4810577
GEO	GSM4810578	OIR_retina_P30_3	GEO_01-03_UNION	2026-08-11	GSE158799	removed_before_screening	REMOVE_GEO_CHILD_SAMPLE_OBJECT	GEO sample-level child object; the parent series was the screening unit.	GSE158799	GSE158799	https://www.ncbi.nlm.nih.gov/geo/query/acc.cgi?acc=GSM4810578
GEO	GSM5293875	Enos KO retina rep 1	GEO_01-03_UNION	2026-08-11	GSE174400	removed_before_screening	REMOVE_GEO_CHILD_SAMPLE_OBJECT	GEO sample-level child object; the parent series was the screening unit.	GSE174400		https://www.ncbi.nlm.nih.gov/geo/query/acc.cgi?acc=GSM5293875
GEO	GSM5293876	Enos KO retina rep 2	GEO_01-03_UNION	2026-08-11	GSE174400	removed_before_screening	REMOVE_GEO_CHILD_SAMPLE_OBJECT	GEO sample-level child object; the parent series was the screening unit.	GSE174400		https://www.ncbi.nlm.nih.gov/geo/query/acc.cgi?acc=GSM5293876
GEO	GSM5293877	Enos KO retina rep 3	GEO_01-03_UNION	2026-08-11	GSE174400	removed_before_screening	REMOVE_GEO_CHILD_SAMPLE_OBJECT	GEO sample-level child object; the parent series was the screening unit.	GSE174400		https://www.ncbi.nlm.nih.gov/geo/query/acc.cgi?acc=GSM5293877
GEO	GSM5293878	Enos WT retina rep 1	GEO_01-03_UNION	2026-08-11	GSE174400	removed_before_screening	REMOVE_GEO_CHILD_SAMPLE_OBJECT	GEO sample-level child object; the parent series was the screening unit.	GSE174400		https://www.ncbi.nlm.nih.gov/geo/query/acc.cgi?acc=GSM5293878
GEO	GSM5293879	Enos WT retina rep 2	GEO_01-03_UNION	2026-08-11	GSE174400	removed_before_screening	REMOVE_GEO_CHILD_SAMPLE_OBJECT	GEO sample-level child object; the parent series was the screening unit.	GSE174400		https://www.ncbi.nlm.nih.gov/geo/query/acc.cgi?acc=GSM5293879
GEO	GSM5293880	Enos WT retina rep 3	GEO_01-03_UNION	2026-08-11	GSE174400	removed_before_screening	REMOVE_GEO_CHILD_SAMPLE_OBJECT	GEO sample-level child object; the parent series was the screening unit.	GSE174400		https://www.ncbi.nlm.nih.gov/geo/query/acc.cgi?acc=GSM5293880
GEO	GSM5830142	OIR KO-1	GEO_01-03_UNION	2026-08-11	GSE194176	removed_before_screening	REMOVE_GEO_CHILD_SAMPLE_OBJECT	GEO sample-level child object; the parent series was the screening unit.	GSE194176	GSE194176	https://www.ncbi.nlm.nih.gov/geo/query/acc.cgi?acc=GSM5830142
GEO	GSM5830143	OIR KO-2	GEO_01-03_UNION	2026-08-11	GSE194176	removed_before_screening	REMOVE_GEO_CHILD_SAMPLE_OBJECT	GEO sample-level child object; the parent series was the screening unit.	GSE194176	GSE194176	https://www.ncbi.nlm.nih.gov/geo/query/acc.cgi?acc=GSM5830143
GEO	GSM5830144	OIR KO-3	GEO_01-03_UNION	2026-08-11	GSE194176	removed_before_screening	REMOVE_GEO_CHILD_SAMPLE_OBJECT	GEO sample-level child object; the parent series was the screening unit.	GSE194176	GSE194176	https://www.ncbi.nlm.nih.gov/geo/query/acc.cgi?acc=GSM5830144
GEO	GSM5830145	OIR WT-1	GEO_01-03_UNION	2026-08-11	GSE194176	removed_before_screening	REMOVE_GEO_CHILD_SAMPLE_OBJECT	GEO sample-level child object; the parent series was the screening unit.	GSE194176	GSE194176	https://www.ncbi.nlm.nih.gov/geo/query/acc.cgi?acc=GSM5830145
GEO	GSM5830146	OIR WT-2	GEO_01-03_UNION	2026-08-11	GSE194176	removed_before_screening	REMOVE_GEO_CHILD_SAMPLE_OBJECT	GEO sample-level child object; the parent series was the screening unit.	GSE194176	GSE194176	https://www.ncbi.nlm.nih.gov/geo/query/acc.cgi?acc=GSM5830146
GEO	GSM5830147	OIR WT-3	GEO_01-03_UNION	2026-08-11	GSE194176	removed_before_screening	REMOVE_GEO_CHILD_SAMPLE_OBJECT	GEO sample-level child object; the parent series was the screening unit.	GSE194176	GSE194176	https://www.ncbi.nlm.nih.gov/geo/query/acc.cgi?acc=GSM5830147
GEO	GSM5984355	scRNAseq of myeloid cells from room air (RA) mice	GEO_01-03_UNION	2026-08-11	GSE199792	removed_before_screening	REMOVE_GEO_CHILD_SAMPLE_OBJECT	GEO sample-level child object; the parent series was the screening unit.	GSE199792		https://www.ncbi.nlm.nih.gov/geo/query/acc.cgi?acc=GSM5984355
GEO	GSM5984356	scRNAseq of myeloid cells from OIR mice	GEO_01-03_UNION	2026-08-11	GSE199792	removed_before_screening	REMOVE_GEO_CHILD_SAMPLE_OBJECT	GEO sample-level child object; the parent series was the screening unit.	GSE199792		https://www.ncbi.nlm.nih.gov/geo/query/acc.cgi?acc=GSM5984356
GEO	GSM6381824	C57BL/6 mice, Retina, Normoxia, rep1	GEO_01-03_UNION	2026-08-11	GSE209654	removed_before_screening	REMOVE_GEO_CHILD_SAMPLE_OBJECT	GEO sample-level child object; the parent series was the screening unit.	GSE209654		https://www.ncbi.nlm.nih.gov/geo/query/acc.cgi?acc=GSM6381824
GEO	GSM6381825	C57BL/6 mice, Retina, Normoxia, rep2	GEO_01-03_UNION	2026-08-11	GSE209654	removed_before_screening	REMOVE_GEO_CHILD_SAMPLE_OBJECT	GEO sample-level child object; the parent series was the screening unit.	GSE209654		https://www.ncbi.nlm.nih.gov/geo/query/acc.cgi?acc=GSM6381825
GEO	GSM6381826	C57BL/6 mice, Retina, Normoxia, rep3	GEO_01-03_UNION	2026-08-11	GSE209654	removed_before_screening	REMOVE_GEO_CHILD_SAMPLE_OBJECT	GEO sample-level child object; the parent series was the screening unit.	GSE209654		https://www.ncbi.nlm.nih.gov/geo/query/acc.cgi?acc=GSM6381826
GEO	GSM6381827	C57BL/6 mice, Retina, Hypoxia, 3 day (post OIR), rep1	GEO_01-03_UNION	2026-08-11	GSE209654	removed_before_screening	REMOVE_GEO_CHILD_SAMPLE_OBJECT	GEO sample-level child object; the parent series was the screening unit.	GSE209654		https://www.ncbi.nlm.nih.gov/geo/query/acc.cgi?acc=GSM6381827
GEO	GSM6381828	C57BL/6 mice, Retina, Hypoxia, 3 day (post OIR), rep2	GEO_01-03_UNION	2026-08-11	GSE209654	removed_before_screening	REMOVE_GEO_CHILD_SAMPLE_OBJECT	GEO sample-level child object; the parent series was the screening unit.	GSE209654		https://www.ncbi.nlm.nih.gov/geo/query/acc.cgi?acc=GSM6381828
GEO	GSM6381829	C57BL/6 mice, Retina, Hypoxia, 3 day (post OIR), rep3	GEO_01-03_UNION	2026-08-11	GSE209654	removed_before_screening	REMOVE_GEO_CHILD_SAMPLE_OBJECT	GEO sample-level child object; the parent series was the screening unit.	GSE209654		https://www.ncbi.nlm.nih.gov/geo/query/acc.cgi?acc=GSM6381829
GEO	GSM6381830	Caspase1 knockout mice, Retina, Normoxia, rep1	GEO_01-03_UNION	2026-08-11	GSE209654	removed_before_screening	REMOVE_GEO_CHILD_SAMPLE_OBJECT	GEO sample-level child object; the parent series was the screening unit.	GSE209654		https://www.ncbi.nlm.nih.gov/geo/query/acc.cgi?acc=GSM6381830
GEO	GSM6381831	Caspase1 knockout mice, Retina, Normoxia, rep2	GEO_01-03_UNION	2026-08-11	GSE209654	removed_before_screening	REMOVE_GEO_CHILD_SAMPLE_OBJECT	GEO sample-level child object; the parent series was the screening unit.	GSE209654		https://www.ncbi.nlm.nih.gov/geo/query/acc.cgi?acc=GSM6381831
GEO	GSM6381832	Caspase1 knockout mice, Retina, Normoxia, rep3	GEO_01-03_UNION	2026-08-11	GSE209654	removed_before_screening	REMOVE_GEO_CHILD_SAMPLE_OBJECT	GEO sample-level child object; the parent series was the screening unit.	GSE209654		https://www.ncbi.nlm.nih.gov/geo/query/acc.cgi?acc=GSM6381832
GEO	GSM6381833	Caspase1 knockout mice, Retina, Hypoxia, 3 day (post OIR), rep1	GEO_01-03_UNION	2026-08-11	GSE209654	removed_before_screening	REMOVE_GEO_CHILD_SAMPLE_OBJECT	GEO sample-level child object; the parent series was the screening unit.	GSE209654		https://www.ncbi.nlm.nih.gov/geo/query/acc.cgi?acc=GSM6381833
GEO	GSM6381834	Caspase1 knockout mice, Retina, Hypoxia, 3 day (post OIR), rep2	GEO_01-03_UNION	2026-08-11	GSE209654	removed_before_screening	REMOVE_GEO_CHILD_SAMPLE_OBJECT	GEO sample-level child object; the parent series was the screening unit.	GSE209654		https://www.ncbi.nlm.nih.gov/geo/query/acc.cgi?acc=GSM6381834
GEO	GSM6381835	Caspase1 knockout mice, Retina, Hypoxia, 3 day (post OIR), rep3	GEO_01-03_UNION	2026-08-11	GSE209654	removed_before_screening	REMOVE_GEO_CHILD_SAMPLE_OBJECT	GEO sample-level child object; the parent series was the screening unit.	GSE209654		https://www.ncbi.nlm.nih.gov/geo/query/acc.cgi?acc=GSM6381835
GEO	GSM6581033	OIR1	GEO_01-03_UNION	2026-08-11	GSE213362	removed_before_screening	REMOVE_GEO_CHILD_SAMPLE_OBJECT	GEO sample-level child object; the parent series was the screening unit.	GSE213362		https://www.ncbi.nlm.nih.gov/geo/query/acc.cgi?acc=GSM6581033
GEO	GSM6581034	OIR2	GEO_01-03_UNION	2026-08-11	GSE213362	removed_before_screening	REMOVE_GEO_CHILD_SAMPLE_OBJECT	GEO sample-level child object; the parent series was the screening unit.	GSE213362		https://www.ncbi.nlm.nih.gov/geo/query/acc.cgi?acc=GSM6581034
GEO	GSM6581035	OIR3	GEO_01-03_UNION	2026-08-11	GSE213362	removed_before_screening	REMOVE_GEO_CHILD_SAMPLE_OBJECT	GEO sample-level child object; the parent series was the screening unit.	GSE213362		https://www.ncbi.nlm.nih.gov/geo/query/acc.cgi?acc=GSM6581035
GEO	GSM6685629	OIR.P17.CD31.WT.S129_Joyal_r1	GEO_01-03_UNION	2026-08-11	GSE216676	removed_before_screening	REMOVE_GEO_CHILD_SAMPLE_OBJECT	GEO sample-level child object; the parent series was the screening unit.	GSE216676	GSE216676	https://www.ncbi.nlm.nih.gov/geo/query/acc.cgi?acc=GSM6685629
GEO	GSM6685630	OIR.P17.CD31.Sirt3KO.S129_Joyal_r1	GEO_01-03_UNION	2026-08-11	GSE216676	removed_before_screening	REMOVE_GEO_CHILD_SAMPLE_OBJECT	GEO sample-level child object; the parent series was the screening unit.	GSE216676	GSE216676	https://www.ncbi.nlm.nih.gov/geo/query/acc.cgi?acc=GSM6685630
GEO	GSM6685633	OIR.P17.CD31.WT.S129_Joyal_r2	GEO_01-03_UNION	2026-08-11	GSE216676	removed_before_screening	REMOVE_GEO_CHILD_SAMPLE_OBJECT	GEO sample-level child object; the parent series was the screening unit.	GSE216676	GSE216676	https://www.ncbi.nlm.nih.gov/geo/query/acc.cgi?acc=GSM6685633
GEO	GSM6685634	OIR.P17.CD31.Sirt3KO.S129_Joyal_r2	GEO_01-03_UNION	2026-08-11	GSE216676	removed_before_screening	REMOVE_GEO_CHILD_SAMPLE_OBJECT	GEO sample-level child object; the parent series was the screening unit.	GSE216676	GSE216676	https://www.ncbi.nlm.nih.gov/geo/query/acc.cgi?acc=GSM6685634
GEO	GSM6685635	OIR.P17.CD31.WT.S129_Joyal_r3	GEO_01-03_UNION	2026-08-11	GSE216676	removed_before_screening	REMOVE_GEO_CHILD_SAMPLE_OBJECT	GEO sample-level child object; the parent series was the screening unit.	GSE216676	GSE216676	https://www.ncbi.nlm.nih.gov/geo/query/acc.cgi?acc=GSM6685635
GEO	GSM6685636	OIR.P17.CD31.Sirt3KO.S129_Joyal_r3	GEO_01-03_UNION	2026-08-11	GSE216676	removed_before_screening	REMOVE_GEO_CHILD_SAMPLE_OBJECT	GEO sample-level child object; the parent series was the screening unit.	GSE216676	GSE216676	https://www.ncbi.nlm.nih.gov/geo/query/acc.cgi?acc=GSM6685636
GEO	GSM6685637	OIR.P14.CD31.WT.S129_Joyal_r1	GEO_01-03_UNION	2026-08-11	GSE216676	removed_before_screening	REMOVE_GEO_CHILD_SAMPLE_OBJECT	GEO sample-level child object; the parent series was the screening unit.	GSE216676	GSE216676	https://www.ncbi.nlm.nih.gov/geo/query/acc.cgi?acc=GSM6685637
GEO	GSM6685638	OIR.P14.CD31.Sirt3KO.S129_Joyal_r1	GEO_01-03_UNION	2026-08-11	GSE216676	removed_before_screening	REMOVE_GEO_CHILD_SAMPLE_OBJECT	GEO sample-level child object; the parent series was the screening unit.	GSE216676	GSE216676	https://www.ncbi.nlm.nih.gov/geo/query/acc.cgi?acc=GSM6685638
GEO	GSM6685639	OIR.P14.CD31.WT.S129_Joyal_r2	GEO_01-03_UNION	2026-08-11	GSE216676	removed_before_screening	REMOVE_GEO_CHILD_SAMPLE_OBJECT	GEO sample-level child object; the parent series was the screening unit.	GSE216676	GSE216676	https://www.ncbi.nlm.nih.gov/geo/query/acc.cgi?acc=GSM6685639
GEO	GSM6685640	OIR.P14.CD31.Sirt3KO.S129_Joyal_r2	GEO_01-03_UNION	2026-08-11	GSE216676	removed_before_screening	REMOVE_GEO_CHILD_SAMPLE_OBJECT	GEO sample-level child object; the parent series was the screening unit.	GSE216676	GSE216676	https://www.ncbi.nlm.nih.gov/geo/query/acc.cgi?acc=GSM6685640
GEO	GSM7109896	OIR WT P13, scRNAseq	GEO_01-03_UNION	2026-08-11	GSE227861	removed_before_screening	REMOVE_GEO_CHILD_SAMPLE_OBJECT	GEO sample-level child object; the parent series was the screening unit.	GSE227861		https://www.ncbi.nlm.nih.gov/geo/query/acc.cgi?acc=GSM7109896
GEO	GSM7109897	OIR Socs3 cKO P13, scRNAseq	GEO_01-03_UNION	2026-08-11	GSE227861	removed_before_screening	REMOVE_GEO_CHILD_SAMPLE_OBJECT	GEO sample-level child object; the parent series was the screening unit.	GSE227861		https://www.ncbi.nlm.nih.gov/geo/query/acc.cgi?acc=GSM7109897
GEO	GSM7109898	Normal WT P13, scRNAseq	GEO_01-03_UNION	2026-08-11	GSE227861	removed_before_screening	REMOVE_GEO_CHILD_SAMPLE_OBJECT	GEO sample-level child object; the parent series was the screening unit.	GSE227861		https://www.ncbi.nlm.nih.gov/geo/query/acc.cgi?acc=GSM7109898
GEO	GSM7230929	P17OIR+ISOX DUAL_1	GEO_01-03_UNION	2026-08-11	GSE230668	removed_before_screening	REMOVE_GEO_CHILD_SAMPLE_OBJECT	GEO sample-level child object; the parent series was the screening unit.	GSE230668	GSE230668	https://www.ncbi.nlm.nih.gov/geo/query/acc.cgi?acc=GSM7230929
GEO	GSM7230930	P17OIR+ISOX DUAL_2	GEO_01-03_UNION	2026-08-11	GSE230668	removed_before_screening	REMOVE_GEO_CHILD_SAMPLE_OBJECT	GEO sample-level child object; the parent series was the screening unit.	GSE230668	GSE230668	https://www.ncbi.nlm.nih.gov/geo/query/acc.cgi?acc=GSM7230930
GEO	GSM7230931	P17Control_1	GEO_01-03_UNION	2026-08-11	GSE230668	removed_before_screening	REMOVE_GEO_CHILD_SAMPLE_OBJECT	GEO sample-level child object; the parent series was the screening unit.	GSE230668	GSE230668	https://www.ncbi.nlm.nih.gov/geo/query/acc.cgi?acc=GSM7230931
GEO	GSM7230932	P17OIR_1	GEO_01-03_UNION	2026-08-11	GSE230668	removed_before_screening	REMOVE_GEO_CHILD_SAMPLE_OBJECT	GEO sample-level child object; the parent series was the screening unit.	GSE230668	GSE230668	https://www.ncbi.nlm.nih.gov/geo/query/acc.cgi?acc=GSM7230932
GEO	GSM7230933	P17Control_2	GEO_01-03_UNION	2026-08-11	GSE230668	removed_before_screening	REMOVE_GEO_CHILD_SAMPLE_OBJECT	GEO sample-level child object; the parent series was the screening unit.	GSE230668	GSE230668	https://www.ncbi.nlm.nih.gov/geo/query/acc.cgi?acc=GSM7230933
GEO	GSM7230934	P17OIR_2	GEO_01-03_UNION	2026-08-11	GSE230668	removed_before_screening	REMOVE_GEO_CHILD_SAMPLE_OBJECT	GEO sample-level child object; the parent series was the screening unit.	GSE230668	GSE230668	https://www.ncbi.nlm.nih.gov/geo/query/acc.cgi?acc=GSM7230934
GEO	GSM7230935	P7Control_1	GEO_01-03_UNION	2026-08-11	GSE230668	removed_before_screening	REMOVE_GEO_CHILD_SAMPLE_OBJECT	GEO sample-level child object; the parent series was the screening unit.	GSE230668	GSE230668	https://www.ncbi.nlm.nih.gov/geo/query/acc.cgi?acc=GSM7230935
GEO	GSM7230936	P7Control_2	GEO_01-03_UNION	2026-08-11	GSE230668	removed_before_screening	REMOVE_GEO_CHILD_SAMPLE_OBJECT	GEO sample-level child object; the parent series was the screening unit.	GSE230668	GSE230668	https://www.ncbi.nlm.nih.gov/geo/query/acc.cgi?acc=GSM7230936
GEO	GSM7230937	P17OIR+PBS_1	GEO_01-03_UNION	2026-08-11	GSE230668	removed_before_screening	REMOVE_GEO_CHILD_SAMPLE_OBJECT	GEO sample-level child object; the parent series was the screening unit.	GSE230668	GSE230668	https://www.ncbi.nlm.nih.gov/geo/query/acc.cgi?acc=GSM7230937
GEO	GSM7230938	P17OIR+PBS_2	GEO_01-03_UNION	2026-08-11	GSE230668	removed_before_screening	REMOVE_GEO_CHILD_SAMPLE_OBJECT	GEO sample-level child object; the parent series was the screening unit.	GSE230668	GSE230668	https://www.ncbi.nlm.nih.gov/geo/query/acc.cgi?acc=GSM7230938
GEO	GSM7843024	Retina, Fos_P14_OIR_rep1	GEO_01-03_UNION	2026-08-11	GSE245456	removed_before_screening	REMOVE_GEO_CHILD_SAMPLE_OBJECT	GEO sample-level child object; the parent series was the screening unit.	GSE245456		https://www.ncbi.nlm.nih.gov/geo/query/acc.cgi?acc=GSM7843024
GEO	GSM7843025	Retina, Fos_P14_OIR_rep2	GEO_01-03_UNION	2026-08-11	GSE245456	removed_before_screening	REMOVE_GEO_CHILD_SAMPLE_OBJECT	GEO sample-level child object; the parent series was the screening unit.	GSE245456		https://www.ncbi.nlm.nih.gov/geo/query/acc.cgi?acc=GSM7843025
GEO	GSM7843028	Retina, Fos_P17_OIR_rep1	GEO_01-03_UNION	2026-08-11	GSE245456	removed_before_screening	REMOVE_GEO_CHILD_SAMPLE_OBJECT	GEO sample-level child object; the parent series was the screening unit.	GSE245456		https://www.ncbi.nlm.nih.gov/geo/query/acc.cgi?acc=GSM7843028
GEO	GSM7843029	Retina, Fos_P17_OIR_rep2	GEO_01-03_UNION	2026-08-11	GSE245456	removed_before_screening	REMOVE_GEO_CHILD_SAMPLE_OBJECT	GEO sample-level child object; the parent series was the screening unit.	GSE245456		https://www.ncbi.nlm.nih.gov/geo/query/acc.cgi?acc=GSM7843029
GEO	GSM7843032	Retina, H3K27ac_P14_OIR_rep1	GEO_01-03_UNION	2026-08-11	GSE245456	removed_before_screening	REMOVE_GEO_CHILD_SAMPLE_OBJECT	GEO sample-level child object; the parent series was the screening unit.	GSE245456		https://www.ncbi.nlm.nih.gov/geo/query/acc.cgi?acc=GSM7843032
GEO	GSM7843033	Retina, H3K27ac_P14_OIR_rep2	GEO_01-03_UNION	2026-08-11	GSE245456	removed_before_screening	REMOVE_GEO_CHILD_SAMPLE_OBJECT	GEO sample-level child object; the parent series was the screening unit.	GSE245456		https://www.ncbi.nlm.nih.gov/geo/query/acc.cgi?acc=GSM7843033
GEO	GSM7843036	Retina, H3K27ac_P17_OIR_rep1	GEO_01-03_UNION	2026-08-11	GSE245456	removed_before_screening	REMOVE_GEO_CHILD_SAMPLE_OBJECT	GEO sample-level child object; the parent series was the screening unit.	GSE245456		https://www.ncbi.nlm.nih.gov/geo/query/acc.cgi?acc=GSM7843036
GEO	GSM7843037	Retina, H3K27ac_P17_OIR_rep2	GEO_01-03_UNION	2026-08-11	GSE245456	removed_before_screening	REMOVE_GEO_CHILD_SAMPLE_OBJECT	GEO sample-level child object; the parent series was the screening unit.	GSE245456		https://www.ncbi.nlm.nih.gov/geo/query/acc.cgi?acc=GSM7843037
GEO	GSM7843040	Retina, H3K27me3_P14_OIR_rep1	GEO_01-03_UNION	2026-08-11	GSE245456	removed_before_screening	REMOVE_GEO_CHILD_SAMPLE_OBJECT	GEO sample-level child object; the parent series was the screening unit.	GSE245456		https://www.ncbi.nlm.nih.gov/geo/query/acc.cgi?acc=GSM7843040
GEO	GSM7843041	Retina, H3K27me3_P14_OIR_rep2	GEO_01-03_UNION	2026-08-11	GSE245456	removed_before_screening	REMOVE_GEO_CHILD_SAMPLE_OBJECT	GEO sample-level child object; the parent series was the screening unit.	GSE245456		https://www.ncbi.nlm.nih.gov/geo/query/acc.cgi?acc=GSM7843041
GEO	GSM7843044	Retina, H3K27me3_P17_OIR_rep1	GEO_01-03_UNION	2026-08-11	GSE245456	removed_before_screening	REMOVE_GEO_CHILD_SAMPLE_OBJECT	GEO sample-level child object; the parent series was the screening unit.	GSE245456		https://www.ncbi.nlm.nih.gov/geo/query/acc.cgi?acc=GSM7843044
GEO	GSM7843045	Retina, H3K27me3_P17_OIR_rep2	GEO_01-03_UNION	2026-08-11	GSE245456	removed_before_screening	REMOVE_GEO_CHILD_SAMPLE_OBJECT	GEO sample-level child object; the parent series was the screening unit.	GSE245456		https://www.ncbi.nlm.nih.gov/geo/query/acc.cgi?acc=GSM7843045
GEO	GSM7843048	Retina, H3K4me3_P14_OIR_rep1	GEO_01-03_UNION	2026-08-11	GSE245456	removed_before_screening	REMOVE_GEO_CHILD_SAMPLE_OBJECT	GEO sample-level child object; the parent series was the screening unit.	GSE245456		https://www.ncbi.nlm.nih.gov/geo/query/acc.cgi?acc=GSM7843048
GEO	GSM7843049	Retina, H3K4me3_P14_OIR_rep2	GEO_01-03_UNION	2026-08-11	GSE245456	removed_before_screening	REMOVE_GEO_CHILD_SAMPLE_OBJECT	GEO sample-level child object; the parent series was the screening unit.	GSE245456		https://www.ncbi.nlm.nih.gov/geo/query/acc.cgi?acc=GSM7843049
GEO	GSM7843052	Retina, H3K4me3_P17_OIR_rep1	GEO_01-03_UNION	2026-08-11	GSE245456	removed_before_screening	REMOVE_GEO_CHILD_SAMPLE_OBJECT	GEO sample-level child object; the parent series was the screening unit.	GSE245456		https://www.ncbi.nlm.nih.gov/geo/query/acc.cgi?acc=GSM7843052
GEO	GSM7843053	Retina, H3K4me3_P17_OIR_rep2	GEO_01-03_UNION	2026-08-11	GSE245456	removed_before_screening	REMOVE_GEO_CHILD_SAMPLE_OBJECT	GEO sample-level child object; the parent series was the screening unit.	GSE245456		https://www.ncbi.nlm.nih.gov/geo/query/acc.cgi?acc=GSM7843053
GEO	GSM7843056	Retina, IgG_P14_OIR_rep1	GEO_01-03_UNION	2026-08-11	GSE245456	removed_before_screening	REMOVE_GEO_CHILD_SAMPLE_OBJECT	GEO sample-level child object; the parent series was the screening unit.	GSE245456		https://www.ncbi.nlm.nih.gov/geo/query/acc.cgi?acc=GSM7843056
GEO	GSM7843057	Retina, IgG_P14_OIR_rep2	GEO_01-03_UNION	2026-08-11	GSE245456	removed_before_screening	REMOVE_GEO_CHILD_SAMPLE_OBJECT	GEO sample-level child object; the parent series was the screening unit.	GSE245456		https://www.ncbi.nlm.nih.gov/geo/query/acc.cgi?acc=GSM7843057
GEO	GSM7843060	Retina, IgG_P17_OIR_rep1	GEO_01-03_UNION	2026-08-11	GSE245456	removed_before_screening	REMOVE_GEO_CHILD_SAMPLE_OBJECT	GEO sample-level child object; the parent series was the screening unit.	GSE245456		https://www.ncbi.nlm.nih.gov/geo/query/acc.cgi?acc=GSM7843060
GEO	GSM7843061	Retina, IgG_P17_OIR_rep2	GEO_01-03_UNION	2026-08-11	GSE245456	removed_before_screening	REMOVE_GEO_CHILD_SAMPLE_OBJECT	GEO sample-level child object; the parent series was the screening unit.	GSE245456		https://www.ncbi.nlm.nih.gov/geo/query/acc.cgi?acc=GSM7843061
GEO	GSM7966943	OIR	GEO_01-03_UNION	2026-08-11	GSE249919	removed_before_screening	REMOVE_GEO_CHILD_SAMPLE_OBJECT	GEO sample-level child object; the parent series was the screening unit.	GSE249919		https://www.ncbi.nlm.nih.gov/geo/query/acc.cgi?acc=GSM7966943
GEO	GSM8208240	AAV_NC1	GEO_01-03_UNION	2026-08-11	GSE263978	removed_before_screening	REMOVE_GEO_CHILD_SAMPLE_OBJECT	GEO sample-level child object; the parent series was the screening unit.	GSE263978		https://www.ncbi.nlm.nih.gov/geo/query/acc.cgi?acc=GSM8208240
GEO	GSM8208241	AAV_NC2	GEO_01-03_UNION	2026-08-11	GSE263978	removed_before_screening	REMOVE_GEO_CHILD_SAMPLE_OBJECT	GEO sample-level child object; the parent series was the screening unit.	GSE263978		https://www.ncbi.nlm.nih.gov/geo/query/acc.cgi?acc=GSM8208241
GEO	GSM8208242	AAV_NC3	GEO_01-03_UNION	2026-08-11	GSE263978	removed_before_screening	REMOVE_GEO_CHILD_SAMPLE_OBJECT	GEO sample-level child object; the parent series was the screening unit.	GSE263978		https://www.ncbi.nlm.nih.gov/geo/query/acc.cgi?acc=GSM8208242
GEO	GSM8208243	AAV_NC4	GEO_01-03_UNION	2026-08-11	GSE263978	removed_before_screening	REMOVE_GEO_CHILD_SAMPLE_OBJECT	GEO sample-level child object; the parent series was the screening unit.	GSE263978		https://www.ncbi.nlm.nih.gov/geo/query/acc.cgi?acc=GSM8208243
GEO	GSM8208244	AAV_sh1	GEO_01-03_UNION	2026-08-11	GSE263978	removed_before_screening	REMOVE_GEO_CHILD_SAMPLE_OBJECT	GEO sample-level child object; the parent series was the screening unit.	GSE263978		https://www.ncbi.nlm.nih.gov/geo/query/acc.cgi?acc=GSM8208244
GEO	GSM8208245	AAV_sh2	GEO_01-03_UNION	2026-08-11	GSE263978	removed_before_screening	REMOVE_GEO_CHILD_SAMPLE_OBJECT	GEO sample-level child object; the parent series was the screening unit.	GSE263978		https://www.ncbi.nlm.nih.gov/geo/query/acc.cgi?acc=GSM8208245
GEO	GSM8208246	AAV_sh3	GEO_01-03_UNION	2026-08-11	GSE263978	removed_before_screening	REMOVE_GEO_CHILD_SAMPLE_OBJECT	GEO sample-level child object; the parent series was the screening unit.	GSE263978		https://www.ncbi.nlm.nih.gov/geo/query/acc.cgi?acc=GSM8208246
GEO	GSM8208247	AAV_sh4	GEO_01-03_UNION	2026-08-11	GSE263978	removed_before_screening	REMOVE_GEO_CHILD_SAMPLE_OBJECT	GEO sample-level child object; the parent series was the screening unit.	GSE263978		https://www.ncbi.nlm.nih.gov/geo/query/acc.cgi?acc=GSM8208247
GEO	GSM8659073	snRNA, Mouse, OIR Model, retina, P17	GEO_01-03_UNION	2026-08-11	GSE283276	removed_before_screening	REMOVE_GEO_CHILD_SAMPLE_OBJECT	GEO sample-level child object; the parent series was the screening unit.	GSE283276		https://www.ncbi.nlm.nih.gov/geo/query/acc.cgi?acc=GSM8659073
GEO	GSM8659074	snATAC, Mouse, OIR Model, retina, P17	GEO_01-03_UNION	2026-08-11	GSE283276	removed_before_screening	REMOVE_GEO_CHILD_SAMPLE_OBJECT	GEO sample-level child object; the parent series was the screening unit.	GSE283276		https://www.ncbi.nlm.nih.gov/geo/query/acc.cgi?acc=GSM8659074
GEO	GSM8776316	146	GEO_01-03_UNION	2026-08-11	GSE288833	removed_before_screening	REMOVE_GEO_CHILD_SAMPLE_OBJECT	GEO sample-level child object; the parent series was the screening unit.	GSE288833		https://www.ncbi.nlm.nih.gov/geo/query/acc.cgi?acc=GSM8776316
GEO	GSM8776317	148	GEO_01-03_UNION	2026-08-11	GSE288833	removed_before_screening	REMOVE_GEO_CHILD_SAMPLE_OBJECT	GEO sample-level child object; the parent series was the screening unit.	GSE288833		https://www.ncbi.nlm.nih.gov/geo/query/acc.cgi?acc=GSM8776317
GEO	GSM8776318	188	GEO_01-03_UNION	2026-08-11	GSE288833	removed_before_screening	REMOVE_GEO_CHILD_SAMPLE_OBJECT	GEO sample-level child object; the parent series was the screening unit.	GSE288833		https://www.ncbi.nlm.nih.gov/geo/query/acc.cgi?acc=GSM8776318
GEO	GSM8776319	144	GEO_01-03_UNION	2026-08-11	GSE288833	removed_before_screening	REMOVE_GEO_CHILD_SAMPLE_OBJECT	GEO sample-level child object; the parent series was the screening unit.	GSE288833		https://www.ncbi.nlm.nih.gov/geo/query/acc.cgi?acc=GSM8776319
GEO	GSM8776320	145	GEO_01-03_UNION	2026-08-11	GSE288833	removed_before_screening	REMOVE_GEO_CHILD_SAMPLE_OBJECT	GEO sample-level child object; the parent series was the screening unit.	GSE288833		https://www.ncbi.nlm.nih.gov/geo/query/acc.cgi?acc=GSM8776320
GEO	GSM8776321	186	GEO_01-03_UNION	2026-08-11	GSE288833	removed_before_screening	REMOVE_GEO_CHILD_SAMPLE_OBJECT	GEO sample-level child object; the parent series was the screening unit.	GSE288833		https://www.ncbi.nlm.nih.gov/geo/query/acc.cgi?acc=GSM8776321
GEO	GSM8848851	WT_1	GEO_01-03_UNION	2026-08-11	GSE292097	removed_before_screening	REMOVE_GEO_CHILD_SAMPLE_OBJECT	GEO sample-level child object; the parent series was the screening unit.	GSE292097		https://www.ncbi.nlm.nih.gov/geo/query/acc.cgi?acc=GSM8848851
GEO	GSM8848852	WT_2	GEO_01-03_UNION	2026-08-11	GSE292097	removed_before_screening	REMOVE_GEO_CHILD_SAMPLE_OBJECT	GEO sample-level child object; the parent series was the screening unit.	GSE292097		https://www.ncbi.nlm.nih.gov/geo/query/acc.cgi?acc=GSM8848852
GEO	GSM8848853	WT_3	GEO_01-03_UNION	2026-08-11	GSE292097	removed_before_screening	REMOVE_GEO_CHILD_SAMPLE_OBJECT	GEO sample-level child object; the parent series was the screening unit.	GSE292097		https://www.ncbi.nlm.nih.gov/geo/query/acc.cgi?acc=GSM8848853
GEO	GSM8848854	WT_4	GEO_01-03_UNION	2026-08-11	GSE292097	removed_before_screening	REMOVE_GEO_CHILD_SAMPLE_OBJECT	GEO sample-level child object; the parent series was the screening unit.	GSE292097		https://www.ncbi.nlm.nih.gov/geo/query/acc.cgi?acc=GSM8848854
GEO	GSM8848855	WT_5	GEO_01-03_UNION	2026-08-11	GSE292097	removed_before_screening	REMOVE_GEO_CHILD_SAMPLE_OBJECT	GEO sample-level child object; the parent series was the screening unit.	GSE292097		https://www.ncbi.nlm.nih.gov/geo/query/acc.cgi?acc=GSM8848855
GEO	GSM8848856	Atf6KO_1	GEO_01-03_UNION	2026-08-11	GSE292097	removed_before_screening	REMOVE_GEO_CHILD_SAMPLE_OBJECT	GEO sample-level child object; the parent series was the screening unit.	GSE292097		https://www.ncbi.nlm.nih.gov/geo/query/acc.cgi?acc=GSM8848856
GEO	GSM8848857	Atf6KO_2	GEO_01-03_UNION	2026-08-11	GSE292097	removed_before_screening	REMOVE_GEO_CHILD_SAMPLE_OBJECT	GEO sample-level child object; the parent series was the screening unit.	GSE292097		https://www.ncbi.nlm.nih.gov/geo/query/acc.cgi?acc=GSM8848857
GEO	GSM8848858	Atf6KO_3	GEO_01-03_UNION	2026-08-11	GSE292097	removed_before_screening	REMOVE_GEO_CHILD_SAMPLE_OBJECT	GEO sample-level child object; the parent series was the screening unit.	GSE292097		https://www.ncbi.nlm.nih.gov/geo/query/acc.cgi?acc=GSM8848858
GEO	GSM8848859	Atf6KO_4	GEO_01-03_UNION	2026-08-11	GSE292097	removed_before_screening	REMOVE_GEO_CHILD_SAMPLE_OBJECT	GEO sample-level child object; the parent series was the screening unit.	GSE292097		https://www.ncbi.nlm.nih.gov/geo/query/acc.cgi?acc=GSM8848859
GEO	GSM8848860	Atf6KO_5	GEO_01-03_UNION	2026-08-11	GSE292097	removed_before_screening	REMOVE_GEO_CHILD_SAMPLE_OBJECT	GEO sample-level child object; the parent series was the screening unit.	GSE292097		https://www.ncbi.nlm.nih.gov/geo/query/acc.cgi?acc=GSM8848860
GEO	GSM8848861	PBS_1	GEO_01-03_UNION	2026-08-11	GSE292097	removed_before_screening	REMOVE_GEO_CHILD_SAMPLE_OBJECT	GEO sample-level child object; the parent series was the screening unit.	GSE292097		https://www.ncbi.nlm.nih.gov/geo/query/acc.cgi?acc=GSM8848861
GEO	GSM8848862	PBS_2	GEO_01-03_UNION	2026-08-11	GSE292097	removed_before_screening	REMOVE_GEO_CHILD_SAMPLE_OBJECT	GEO sample-level child object; the parent series was the screening unit.	GSE292097		https://www.ncbi.nlm.nih.gov/geo/query/acc.cgi?acc=GSM8848862
GEO	GSM8848863	PBS_3	GEO_01-03_UNION	2026-08-11	GSE292097	removed_before_screening	REMOVE_GEO_CHILD_SAMPLE_OBJECT	GEO sample-level child object; the parent series was the screening unit.	GSE292097		https://www.ncbi.nlm.nih.gov/geo/query/acc.cgi?acc=GSM8848863
GEO	GSM8848864	PBS_4	GEO_01-03_UNION	2026-08-11	GSE292097	removed_before_screening	REMOVE_GEO_CHILD_SAMPLE_OBJECT	GEO sample-level child object; the parent series was the screening unit.	GSE292097		https://www.ncbi.nlm.nih.gov/geo/query/acc.cgi?acc=GSM8848864
GEO	GSM8848865	PBS_5	GEO_01-03_UNION	2026-08-11	GSE292097	removed_before_screening	REMOVE_GEO_CHILD_SAMPLE_OBJECT	GEO sample-level child object; the parent series was the screening unit.	GSE292097		https://www.ncbi.nlm.nih.gov/geo/query/acc.cgi?acc=GSM8848865
GEO	GSM8848866	CeapinA7-1	GEO_01-03_UNION	2026-08-11	GSE292097	removed_before_screening	REMOVE_GEO_CHILD_SAMPLE_OBJECT	GEO sample-level child object; the parent series was the screening unit.	GSE292097		https://www.ncbi.nlm.nih.gov/geo/query/acc.cgi?acc=GSM8848866
GEO	GSM8848867	CeapinA7-2	GEO_01-03_UNION	2026-08-11	GSE292097	removed_before_screening	REMOVE_GEO_CHILD_SAMPLE_OBJECT	GEO sample-level child object; the parent series was the screening unit.	GSE292097		https://www.ncbi.nlm.nih.gov/geo/query/acc.cgi?acc=GSM8848867
GEO	GSM8848868	CeapinA7-3	GEO_01-03_UNION	2026-08-11	GSE292097	removed_before_screening	REMOVE_GEO_CHILD_SAMPLE_OBJECT	GEO sample-level child object; the parent series was the screening unit.	GSE292097		https://www.ncbi.nlm.nih.gov/geo/query/acc.cgi?acc=GSM8848868
GEO	GSM8848869	CeapinA7-4	GEO_01-03_UNION	2026-08-11	GSE292097	removed_before_screening	REMOVE_GEO_CHILD_SAMPLE_OBJECT	GEO sample-level child object; the parent series was the screening unit.	GSE292097		https://www.ncbi.nlm.nih.gov/geo/query/acc.cgi?acc=GSM8848869
GEO	GSM8848870	CeapinA7-5	GEO_01-03_UNION	2026-08-11	GSE292097	removed_before_screening	REMOVE_GEO_CHILD_SAMPLE_OBJECT	GEO sample-level child object; the parent series was the screening unit.	GSE292097		https://www.ncbi.nlm.nih.gov/geo/query/acc.cgi?acc=GSM8848870
GEO	GSM9672357	Retina, WT, Room Air, P17	GEO_01-03_UNION	2026-08-11	GSE328096	removed_before_screening	REMOVE_GEO_CHILD_SAMPLE_OBJECT	GEO sample-level child object; the parent series was the screening unit.	GSE328096		https://www.ncbi.nlm.nih.gov/geo/query/acc.cgi?acc=GSM9672357
GEO	GSM9672358	Retina, Epac1 KO, Room Air, P17	GEO_01-03_UNION	2026-08-11	GSE328096	removed_before_screening	REMOVE_GEO_CHILD_SAMPLE_OBJECT	GEO sample-level child object; the parent series was the screening unit.	GSE328096		https://www.ncbi.nlm.nih.gov/geo/query/acc.cgi?acc=GSM9672358
GEO	GSM9672359	Retina, WT, OIR, P17	GEO_01-03_UNION	2026-08-11	GSE328096	removed_before_screening	REMOVE_GEO_CHILD_SAMPLE_OBJECT	GEO sample-level child object; the parent series was the screening unit.	GSE328096		https://www.ncbi.nlm.nih.gov/geo/query/acc.cgi?acc=GSM9672359
GEO	GSM9672360	Retina, Epac1 KO, OIR, P17	GEO_01-03_UNION	2026-08-11	GSE328096	removed_before_screening	REMOVE_GEO_CHILD_SAMPLE_OBJECT	GEO sample-level child object; the parent series was the screening unit.	GSE328096		https://www.ncbi.nlm.nih.gov/geo/query/acc.cgi?acc=GSM9672360
PubMed	16198337	Downregulation of vascular endothelial growth factor and integrinbeta3 by endostatin in a mouse model of retinal neovascularization.	PUBMED_01	2026-08-11		title_abstract_and_accession_screening	NO_ADDITIONAL_ELIGIBLE_ACCESSION_IDENTIFIED	Title/abstract and cross-source checks did not identify an additional eligible public accession			https://pubmed.ncbi.nlm.nih.gov/16198337/
PubMed	16259558	Adeno-associated virus-mediated expression of vascular endothelial growth factor peptides inhibits retinal neovascularization in a mouse model of oxygen-induced retinopathy.	PUBMED_01	2026-08-11		title_abstract_and_accession_screening	NO_ADDITIONAL_ELIGIBLE_ACCESSION_IDENTIFIED	Title/abstract and cross-source checks did not identify an additional eligible public accession			https://pubmed.ncbi.nlm.nih.gov/16259558/
PubMed	17065527	Pathological but not physiological retinal neovascularization is altered in TNF-Rp55-receptor-deficient mice.	PUBMED_01	2026-08-11		title_abstract_and_accession_screening	NO_ADDITIONAL_ELIGIBLE_ACCESSION_IDENTIFIED	Title/abstract and cross-source checks did not identify an additional eligible public accession			https://pubmed.ncbi.nlm.nih.gov/17065527/
PubMed	17685494	Helper-dependent adenovirus for the gene therapy of proliferative retinopathies: stable gene transfer, regulated gene expression and therapeutic efficacy.	PUBMED_01	2026-08-11		title_abstract_and_accession_screening	NO_ADDITIONAL_ELIGIBLE_ACCESSION_IDENTIFIED	Title/abstract and cross-source checks did not identify an additional eligible public accession			https://pubmed.ncbi.nlm.nih.gov/17685494/
PubMed	18838407	Comprehensive gene-expression profile in murine oxygen-induced retinopathy.	PUBMED_01	2026-08-11		title_abstract_and_accession_screening	NO_ADDITIONAL_ELIGIBLE_ACCESSION_IDENTIFIED	Title/abstract and cross-source checks did not identify an additional eligible public accession			https://pubmed.ncbi.nlm.nih.gov/18838407/
PubMed	19718802	N-hydroxy-7-(2-naphthylthio) heptanomide inhibits retinal and choroidal angiogenesis.	PUBMED_01	2026-08-11		title_abstract_and_accession_screening	NO_ADDITIONAL_ELIGIBLE_ACCESSION_IDENTIFIED	Title/abstract and cross-source checks did not identify an additional eligible public accession			https://pubmed.ncbi.nlm.nih.gov/19718802/
PubMed	19834031	Identification of genes and pathways involved in retinal neovascularization by microarray analysis of two animal models of retinal angiogenesis.	PUBMED_01	2026-08-11		title_abstract_and_accession_screening	NO_ADDITIONAL_ELIGIBLE_ACCESSION_IDENTIFIED	Title/abstract and cross-source checks did not identify an additional eligible public accession			https://pubmed.ncbi.nlm.nih.gov/19834031/
PubMed	20220049	Gene expression profile of hyperoxic and hypoxic retinas in a mouse model of oxygen-induced retinopathy.	PUBMED_01	2026-08-11	GSE19886	title_abstract_and_accession_screening	DUPLICATE_REPORT_LINKED_TO_GEO	Publication report linked to a screened GEO series	GSE19886		https://pubmed.ncbi.nlm.nih.gov/20220049/
PubMed	20610844	Genetic inactivation of the adenosine A2A receptor attenuates pathologic but not developmental angiogenesis in the mouse retina.	PUBMED_01	2026-08-11		title_abstract_and_accession_screening	NO_ADDITIONAL_ELIGIBLE_ACCESSION_IDENTIFIED	Title/abstract and cross-source checks did not identify an additional eligible public accession			https://pubmed.ncbi.nlm.nih.gov/20610844/
PubMed	21414312	Inhibition of hypoxia-induced retinal neovascularization in mice with short hairpin RNA targeting Rac1, possibly via blockading redox signaling.	PUBMED_01	2026-08-11		title_abstract_and_accession_screening	NO_ADDITIONAL_ELIGIBLE_ACCESSION_IDENTIFIED	Title/abstract and cross-source checks did not identify an additional eligible public accession			https://pubmed.ncbi.nlm.nih.gov/21414312/
PubMed	21731737	Blockade of VEGFR1 and 2 suppresses pathological angiogenesis and vascular leakage in the eye.	PUBMED_01	2026-08-11		title_abstract_and_accession_screening	NO_ADDITIONAL_ELIGIBLE_ACCESSION_IDENTIFIED	Title/abstract and cross-source checks did not identify an additional eligible public accession			https://pubmed.ncbi.nlm.nih.gov/21731737/
PubMed	21912378	Bone marrow-derived monocyte lineage cells recruited by MIP-1β promote physiological revascularization in mouse model of oxygen-induced retinopathy.	PUBMED_01	2026-08-11		title_abstract_and_accession_screening	NO_ADDITIONAL_ELIGIBLE_ACCESSION_IDENTIFIED	Title/abstract and cross-source checks did not identify an additional eligible public accession			https://pubmed.ncbi.nlm.nih.gov/21912378/
PubMed	22491401	Propranolol inhibition of β-adrenergic receptor does not suppress pathologic neovascularization in oxygen-induced retinopathy.	PUBMED_01	2026-08-11		title_abstract_and_accession_screening	NO_ADDITIONAL_ELIGIBLE_ACCESSION_IDENTIFIED	Title/abstract and cross-source checks did not identify an additional eligible public accession			https://pubmed.ncbi.nlm.nih.gov/22491401/
PubMed	22714897	β-LGND2, an ERβ selective agonist, inhibits pathologic retinal neovascularization.	PUBMED_01	2026-08-11		title_abstract_and_accession_screening	NO_ADDITIONAL_ELIGIBLE_ACCESSION_IDENTIFIED	Title/abstract and cross-source checks did not identify an additional eligible public accession			https://pubmed.ncbi.nlm.nih.gov/22714897/
PubMed	23048035	Connective tissue growth factor regulates retinal neovascularization through p53 protein-dependent transactivation of the matrix metalloproteinase (MMP)-2 gene.	PUBMED_01	2026-08-11		title_abstract_and_accession_screening	NO_ADDITIONAL_ELIGIBLE_ACCESSION_IDENTIFIED	Title/abstract and cross-source checks did not identify an additional eligible public accession			https://pubmed.ncbi.nlm.nih.gov/23048035/
PubMed	23592914	Profiling of genes associated with the murine model of oxygen-induced retinopathy.	PUBMED_01	2026-08-11	GSE38762	title_abstract_and_accession_screening	DUPLICATE_REPORT_LINKED_TO_GEO	Publication report linked to a screened GEO series	GSE38762		https://pubmed.ncbi.nlm.nih.gov/23592914/
PubMed	23798676	Degradome products of the matricellular protein CCN1 as modulators of pathological angiogenesis in the retina.	PUBMED_01	2026-08-11		title_abstract_and_accession_screening	NO_ADDITIONAL_ELIGIBLE_ACCESSION_IDENTIFIED	Title/abstract and cross-source checks did not identify an additional eligible public accession			https://pubmed.ncbi.nlm.nih.gov/23798676/
PubMed	23942974	Modulation of angiogenesis by genetic manipulation of ATF4 in mouse model of oxygen-induced retinopathy [corrected].	PUBMED_01	2026-08-11		title_abstract_and_accession_screening	NO_ADDITIONAL_ELIGIBLE_ACCESSION_IDENTIFIED	Title/abstract and cross-source checks did not identify an additional eligible public accession			https://pubmed.ncbi.nlm.nih.gov/23942974/
PubMed	23959876	Hypoxic retinal Muller cells promote vascular permeability by HIF-1-dependent up-regulation of angiopoietin-like 4.	PUBMED_01	2026-08-11		title_abstract_and_accession_screening	NO_ADDITIONAL_ELIGIBLE_ACCESSION_IDENTIFIED	Title/abstract and cross-source checks did not identify an additional eligible public accession			https://pubmed.ncbi.nlm.nih.gov/23959876/
PubMed	24106122	Involvement of Nox2 NADPH oxidase in retinal neovascularization.	PUBMED_01	2026-08-11		title_abstract_and_accession_screening	NO_ADDITIONAL_ELIGIBLE_ACCESSION_IDENTIFIED	Title/abstract and cross-source checks did not identify an additional eligible public accession			https://pubmed.ncbi.nlm.nih.gov/24106122/
PubMed	24566275	Anti-angiogenic effect of bare titanium dioxide nanoparticles on pathologic neovascularization without unbearable toxicity.	PUBMED_01	2026-08-11		title_abstract_and_accession_screening	NO_ADDITIONAL_ELIGIBLE_ACCESSION_IDENTIFIED	Title/abstract and cross-source checks did not identify an additional eligible public accession			https://pubmed.ncbi.nlm.nih.gov/24566275/
PubMed	24875598	Hypoxia-mediated retinal neovascularization and vascular leakage in diabetic retina is suppressed by HIF-1α destabilization by SH-1242 and SH-1280, novel hsp90 inhibitors.	PUBMED_01	2026-08-11		title_abstract_and_accession_screening	NO_ADDITIONAL_ELIGIBLE_ACCESSION_IDENTIFIED	Title/abstract and cross-source checks did not identify an additional eligible public accession			https://pubmed.ncbi.nlm.nih.gov/24875598/
PubMed	24947526	Endothelial deletion of phospholipase D2 reduces hypoxic response and pathological angiogenesis.	PUBMED_01	2026-08-11		title_abstract_and_accession_screening	NO_ADDITIONAL_ELIGIBLE_ACCESSION_IDENTIFIED	Title/abstract and cross-source checks did not identify an additional eligible public accession			https://pubmed.ncbi.nlm.nih.gov/24947526/
PubMed	26064225	Temporal and spatial changes in VEGF, αA- and αB-crystallin expression in a mouse model of oxygen-induced retinopathy.	PUBMED_01	2026-08-11		title_abstract_and_accession_screening	NO_ADDITIONAL_ELIGIBLE_ACCESSION_IDENTIFIED	Title/abstract and cross-source checks did not identify an additional eligible public accession			https://pubmed.ncbi.nlm.nih.gov/26064225/
PubMed	26242736	Single and Compound Knock-outs of MicroRNA (miRNA)-155 and Its Angiogenic Gene Target CCN1 in Mice Alter Vascular and Neovascular Growth in the Retina via Resident Microglia.	PUBMED_01	2026-08-11		title_abstract_and_accession_screening	NO_ADDITIONAL_ELIGIBLE_ACCESSION_IDENTIFIED	Title/abstract and cross-source checks did not identify an additional eligible public accession			https://pubmed.ncbi.nlm.nih.gov/26242736/
PubMed	26264147	Inhibitory effect of Samul-tang on retinal neovascularization in oxygen-induced retinopathy.	PUBMED_01	2026-08-11		title_abstract_and_accession_screening	NO_ADDITIONAL_ELIGIBLE_ACCESSION_IDENTIFIED	Title/abstract and cross-source checks did not identify an additional eligible public accession			https://pubmed.ncbi.nlm.nih.gov/26264147/
PubMed	27091985	Comparative systems pharmacology of HIF stabilization in the prevention of retinopathy of prematurity.	PUBMED_01	2026-08-11	GSE74170	title_abstract_and_accession_screening	DUPLICATE_REPORT_LINKED_TO_GEO	Publication report linked to a screened GEO series	GSE74170		https://pubmed.ncbi.nlm.nih.gov/27091985/
PubMed	27653551	Retinal expression of small non-coding RNAs in a murine model of proliferative retinopathy.	PUBMED_01	2026-08-11		title_abstract_and_accession_screening	NO_ADDITIONAL_ELIGIBLE_ACCESSION_IDENTIFIED	Title/abstract and cross-source checks did not identify an additional eligible public accession			https://pubmed.ncbi.nlm.nih.gov/27653551/
PubMed	27658786	An Eye on Age-Related Macular Degeneration: The Role of MicroRNAs in Disease Pathology.	PUBMED_01	2026-08-11		title_abstract_and_accession_screening	NO_ADDITIONAL_ELIGIBLE_ACCESSION_IDENTIFIED	Title/abstract and cross-source checks did not identify an additional eligible public accession			https://pubmed.ncbi.nlm.nih.gov/27658786/
PubMed	27922698	Differentially expressed miRNAs in oxygen‑induced retinopathy newborn mouse models.	PUBMED_01	2026-08-11		title_abstract_and_accession_screening	NO_ADDITIONAL_ELIGIBLE_ACCESSION_IDENTIFIED	Title/abstract and cross-source checks did not identify an additional eligible public accession			https://pubmed.ncbi.nlm.nih.gov/27922698/
PubMed	28400392	Identification of RUNX1 as a Mediator of Aberrant Retinal Angiogenesis.	PUBMED_01	2026-08-11		title_abstract_and_accession_screening	NO_ADDITIONAL_ELIGIBLE_ACCESSION_IDENTIFIED	Title/abstract and cross-source checks did not identify an additional eligible public accession			https://pubmed.ncbi.nlm.nih.gov/28400392/
PubMed	28469167	Interplay between CCN1 and Wnt5a in endothelial cells and pericytes determines the angiogenic outcome in a model of ischemic retinopathy.	PUBMED_01	2026-08-11		title_abstract_and_accession_screening	NO_ADDITIONAL_ELIGIBLE_ACCESSION_IDENTIFIED	Title/abstract and cross-source checks did not identify an additional eligible public accession			https://pubmed.ncbi.nlm.nih.gov/28469167/
PubMed	30097694	Anti-angiogenic effects of the DPP-4 inhibitor linagliptin via inhibition of VEGFR signalling in the mouse model of oxygen-induced retinopathy.	PUBMED_01	2026-08-11		title_abstract_and_accession_screening	NO_ADDITIONAL_ELIGIBLE_ACCESSION_IDENTIFIED	Title/abstract and cross-source checks did not identify an additional eligible public accession			https://pubmed.ncbi.nlm.nih.gov/30097694/
PubMed	30250985	Contribution of the clock gene DEC2 to VEGF mRNA upregulation by modulation of HIF1α protein levels in hypoxic MIO-M1 cells, a human cell line of retinal glial (Müller) cells.	PUBMED_01	2026-08-11		title_abstract_and_accession_screening	NO_ADDITIONAL_ELIGIBLE_ACCESSION_IDENTIFIED	Title/abstract and cross-source checks did not identify an additional eligible public accession			https://pubmed.ncbi.nlm.nih.gov/30250985/
PubMed	31131231	Identification of altered microRNAs in retinas of mice with oxygen-induced retinopathy.	PUBMED_01	2026-08-11	GSE115949	title_abstract_and_accession_screening	DUPLICATE_REPORT_LINKED_TO_GEO	Publication report linked to a screened GEO series	GSE115949		https://pubmed.ncbi.nlm.nih.gov/31131231/
PubMed	31171905	Microarray Analysis of Long Non-Coding RNAs and Messenger RNAs in a Mouse Model of Oxygen-Induced Retinopathy.	PUBMED_01	2026-08-11		title_abstract_and_accession_screening	NO_ADDITIONAL_ELIGIBLE_ACCESSION_IDENTIFIED	Title/abstract and cross-source checks did not identify an additional eligible public accession			https://pubmed.ncbi.nlm.nih.gov/31171905/
PubMed	31199961	The long dystrophin gene product Dp427 modulates retinal function and vascular morphology in response to age and retinal ischemia.	PUBMED_01	2026-08-11		title_abstract_and_accession_screening	NO_ADDITIONAL_ELIGIBLE_ACCESSION_IDENTIFIED	Title/abstract and cross-source checks did not identify an additional eligible public accession			https://pubmed.ncbi.nlm.nih.gov/31199961/
PubMed	31314602	Stanniocalcin-1 is a Modifier of Oxygen-Induced Retinopathy Severity.	PUBMED_01	2026-08-11		title_abstract_and_accession_screening	NO_ADDITIONAL_ELIGIBLE_ACCESSION_IDENTIFIED	Title/abstract and cross-source checks did not identify an additional eligible public accession			https://pubmed.ncbi.nlm.nih.gov/31314602/
PubMed	31452702	Oxygen-induced circRNA profiles and coregulatory networks in a retinopathy of prematurity mouse model.	PUBMED_01	2026-08-11		title_abstract_and_accession_screening	NO_ADDITIONAL_ELIGIBLE_ACCESSION_IDENTIFIED	Title/abstract and cross-source checks did not identify an additional eligible public accession			https://pubmed.ncbi.nlm.nih.gov/31452702/
PubMed	31578039	Short- and long-term impact of hyperoxia on the blood and retinal cells' transcriptome in a mouse model of oxygen-induced retinopathy.	PUBMED_01	2026-08-11		title_abstract_and_accession_screening	NO_ADDITIONAL_ELIGIBLE_ACCESSION_IDENTIFIED	Title/abstract and cross-source checks did not identify an additional eligible public accession			https://pubmed.ncbi.nlm.nih.gov/31578039/
PubMed	31672944	Progenitor cell combination normalizes retinal vascular development in the oxygen-induced retinopathy (OIR) model.	PUBMED_01	2026-08-11	GSE135844	title_abstract_and_accession_screening	DUPLICATE_REPORT_LINKED_TO_GEO	Publication report linked to a screened GEO series	GSE135844	GSE135844	https://pubmed.ncbi.nlm.nih.gov/31672944/
PubMed	31692917	Identifying circRNA-associated-ceRNA networks in retinal neovascularization in mice.	PUBMED_01	2026-08-11		title_abstract_and_accession_screening	NO_ADDITIONAL_ELIGIBLE_ACCESSION_IDENTIFIED	Title/abstract and cross-source checks did not identify an additional eligible public accession			https://pubmed.ncbi.nlm.nih.gov/31692917/
PubMed	31846472	A transcriptome-based signature of pathological angiogenesis predicts breast cancer patient survival.	PUBMED_01	2026-08-11		title_abstract_and_accession_screening	NO_ADDITIONAL_ELIGIBLE_ACCESSION_IDENTIFIED	Title/abstract and cross-source checks did not identify an additional eligible public accession			https://pubmed.ncbi.nlm.nih.gov/31846472/
PubMed	32031575	Epithelial Membrane Protein 2 (EMP2) Promotes VEGF-Induced Pathological Neovascularization in Murine Oxygen-Induced Retinopathy.	PUBMED_01	2026-08-11		title_abstract_and_accession_screening	NO_ADDITIONAL_ELIGIBLE_ACCESSION_IDENTIFIED	Title/abstract and cross-source checks did not identify an additional eligible public accession			https://pubmed.ncbi.nlm.nih.gov/32031575/
PubMed	32053824	Transcriptome analysis reveals dysregulation of genes involved in oxidative phosphorylation in a murine model of retinopathy of prematurity.	PUBMED_01	2026-08-11		title_abstract_and_accession_screening	NO_ADDITIONAL_ELIGIBLE_ACCESSION_IDENTIFIED	Title/abstract and cross-source checks did not identify an additional eligible public accession			https://pubmed.ncbi.nlm.nih.gov/32053824/
PubMed	32150307	Temporospatial distribution and transcriptional profile of retinal microglia in the oxygen-induced retinopathy mouse model.	PUBMED_01	2026-08-11	GSE132731	title_abstract_and_accession_screening	DUPLICATE_REPORT_LINKED_TO_GEO	Publication report linked to a screened GEO series	GSE132731	GSE132731	https://pubmed.ncbi.nlm.nih.gov/32150307/
PubMed	32346884	Overexpression of miR-181a-5p inhibits retinal neovascularization through endocan and the ERK1/2 signaling pathway.	PUBMED_01	2026-08-11		title_abstract_and_accession_screening	NO_ADDITIONAL_ELIGIBLE_ACCESSION_IDENTIFIED	Title/abstract and cross-source checks did not identify an additional eligible public accession			https://pubmed.ncbi.nlm.nih.gov/32346884/
PubMed	32444495	Disruption of profilin1 function suppresses developmental and pathological retinal neovascularization.	PUBMED_01	2026-08-11		title_abstract_and_accession_screening	NO_ADDITIONAL_ELIGIBLE_ACCESSION_IDENTIFIED	Title/abstract and cross-source checks did not identify an additional eligible public accession			https://pubmed.ncbi.nlm.nih.gov/32444495/
PubMed	32714074	Small RNA Sequencing Reveals Transfer RNA-derived Small RNA Expression Profiles in Retinal Neovascularization.	PUBMED_01	2026-08-11		title_abstract_and_accession_screening	NO_ADDITIONAL_ELIGIBLE_ACCESSION_IDENTIFIED	Title/abstract and cross-source checks did not identify an additional eligible public accession			https://pubmed.ncbi.nlm.nih.gov/32714074/
PubMed	33975909	Tribbles Homolog 3 Mediates the Development and Progression of Diabetic Retinopathy.	PUBMED_01	2026-08-11		title_abstract_and_accession_screening	NO_ADDITIONAL_ELIGIBLE_ACCESSION_IDENTIFIED	Title/abstract and cross-source checks did not identify an additional eligible public accession			https://pubmed.ncbi.nlm.nih.gov/33975909/
PubMed	34273276	Specialized endothelial tip cells guide neuroretina vascularization and blood-retina-barrier formation.	PUBMED_01	2026-08-11		title_abstract_and_accession_screening	NO_ADDITIONAL_ELIGIBLE_ACCESSION_IDENTIFIED	Title/abstract and cross-source checks did not identify an additional eligible public accession			https://pubmed.ncbi.nlm.nih.gov/34273276/
PubMed	34321516	Gene expression profile of the murine ischemic retina and its response to Aflibercept (VEGF-Trap).	PUBMED_01	2026-08-11	GSE124956	title_abstract_and_accession_screening	DUPLICATE_REPORT_LINKED_TO_GEO	Publication report linked to a screened GEO series	GSE124956;GSE137705	GSE124956	https://pubmed.ncbi.nlm.nih.gov/34321516/
PubMed	34469714	Competing endogenous RNA network associated with oxygen-induced retinopathy: Expression of the network and identification of the MALAT1/miR-124-3p/EGR1 regulatory axis.	PUBMED_01	2026-08-11		title_abstract_and_accession_screening	NO_ADDITIONAL_ELIGIBLE_ACCESSION_IDENTIFIED	Title/abstract and cross-source checks did not identify an additional eligible public accession			https://pubmed.ncbi.nlm.nih.gov/34469714/
PubMed	34690760	Effect of Probenecid on Endothelial Cell Growth Rate and Retinal Angiogenesis in an Oxygen-Induced Retinopathy Model.	PUBMED_01	2026-08-11		title_abstract_and_accession_screening	NO_ADDITIONAL_ELIGIBLE_ACCESSION_IDENTIFIED	Title/abstract and cross-source checks did not identify an additional eligible public accession			https://pubmed.ncbi.nlm.nih.gov/34690760/
PubMed	34971428	eNOS controls angiogenic sprouting and retinal neovascularization through the regulation of endothelial cell polarity.	PUBMED_01	2026-08-11	GSE174400	title_abstract_and_accession_screening	DUPLICATE_REPORT_LINKED_TO_GEO	Publication report linked to a screened GEO series	GSE174400		https://pubmed.ncbi.nlm.nih.gov/34971428/
PubMed	34999209	Targeting circular RNA-MET for anti-angiogenesis treatment via inhibiting endothelial tip cell specialization.	PUBMED_01	2026-08-11		title_abstract_and_accession_screening	NO_ADDITIONAL_ELIGIBLE_ACCESSION_IDENTIFIED	Title/abstract and cross-source checks did not identify an additional eligible public accession			https://pubmed.ncbi.nlm.nih.gov/34999209/
PubMed	35282140	MicroRNA Expression Analysis of Mice Retinas with Oxygen-Induced Retinopathy by RNA Sequencing.	PUBMED_01	2026-08-11		title_abstract_and_accession_screening	NO_ADDITIONAL_ELIGIBLE_ACCESSION_IDENTIFIED	Title/abstract and cross-source checks did not identify an additional eligible public accession			https://pubmed.ncbi.nlm.nih.gov/35282140/
PubMed	35366885	Graphene quantum dots rescue angiogenic retinopathy via blocking STAT3/Periostin/ERK signaling.	PUBMED_01	2026-08-11		title_abstract_and_accession_screening	NO_ADDITIONAL_ELIGIBLE_ACCESSION_IDENTIFIED	Title/abstract and cross-source checks did not identify an additional eligible public accession			https://pubmed.ncbi.nlm.nih.gov/35366885/
PubMed	35455951	HIF-1-Dependent Induction of β3 Adrenoceptor: Evidence from the Mouse Retina.	PUBMED_01	2026-08-11		title_abstract_and_accession_screening	NO_ADDITIONAL_ELIGIBLE_ACCESSION_IDENTIFIED	Title/abstract and cross-source checks did not identify an additional eligible public accession			https://pubmed.ncbi.nlm.nih.gov/35455951/
PubMed	35584758	N(6)-methyladenosine modifications of mRNAs and long noncoding RNAs in oxygen-induced retinopathy in mice.	PUBMED_01	2026-08-11		title_abstract_and_accession_screening	NO_ADDITIONAL_ELIGIBLE_ACCESSION_IDENTIFIED	Title/abstract and cross-source checks did not identify an additional eligible public accession			https://pubmed.ncbi.nlm.nih.gov/35584758/
PubMed	35814887	Ultrasound-targeted cationic microbubble-mediated gene transfection and inhibition of retinal neovascularization.	PUBMED_01	2026-08-11		title_abstract_and_accession_screening	NO_ADDITIONAL_ELIGIBLE_ACCESSION_IDENTIFIED	Title/abstract and cross-source checks did not identify an additional eligible public accession			https://pubmed.ncbi.nlm.nih.gov/35814887/
PubMed	35980290	MiR-375 mitigates retinal angiogenesis by depressing the JAK2/STAT3 pathway.	PUBMED_01	2026-08-11		title_abstract_and_accession_screening	NO_ADDITIONAL_ELIGIBLE_ACCESSION_IDENTIFIED	Title/abstract and cross-source checks did not identify an additional eligible public accession			https://pubmed.ncbi.nlm.nih.gov/35980290/
PubMed	36264636	Single-cell transcriptome analyses reveal microglia types associated with proliferative retinopathy.	PUBMED_01	2026-08-11	GSE199792	title_abstract_and_accession_screening	DUPLICATE_REPORT_LINKED_TO_GEO	Publication report linked to a screened GEO series	GSE199792		https://pubmed.ncbi.nlm.nih.gov/36264636/
PubMed	36322719	Anti-angiogenic properties of microRNA-29a in preclinical ocular models.	PUBMED_01	2026-08-11		title_abstract_and_accession_screening	NO_ADDITIONAL_ELIGIBLE_ACCESSION_IDENTIFIED	Title/abstract and cross-source checks did not identify an additional eligible public accession			https://pubmed.ncbi.nlm.nih.gov/36322719/
PubMed	36675807	Microglia-Derived Spp1 Promotes Pathological Retinal Neovascularization via Activating Endothelial Kit/Akt/mTOR Signaling.	PUBMED_01	2026-08-11		title_abstract_and_accession_screening	NO_ADDITIONAL_ELIGIBLE_ACCESSION_IDENTIFIED	Title/abstract and cross-source checks did not identify an additional eligible public accession			https://pubmed.ncbi.nlm.nih.gov/36675807/
PubMed	36794165	m(6)A modifications of circular RNAs in ischemia-induced retinal neovascularization.	PUBMED_01	2026-08-11		title_abstract_and_accession_screening	NO_ADDITIONAL_ELIGIBLE_ACCESSION_IDENTIFIED	Title/abstract and cross-source checks did not identify an additional eligible public accession			https://pubmed.ncbi.nlm.nih.gov/36794165/
PubMed	36870288	Role of Adrenomedullin 2/Intermedin in the Pathogenesis of Neovascular Age-Related Macular Degeneration.	PUBMED_01	2026-08-11		title_abstract_and_accession_screening	NO_ADDITIONAL_ELIGIBLE_ACCESSION_IDENTIFIED	Title/abstract and cross-source checks did not identify an additional eligible public accession			https://pubmed.ncbi.nlm.nih.gov/36870288/
PubMed	36942311	Exosomes incorporated with black phosphorus quantum dots attenuate retinal angiogenesis via disrupting glucose metabolism.	PUBMED_01	2026-08-11		title_abstract_and_accession_screening	NO_ADDITIONAL_ELIGIBLE_ACCESSION_IDENTIFIED	Title/abstract and cross-source checks did not identify an additional eligible public accession			https://pubmed.ncbi.nlm.nih.gov/36942311/
PubMed	37017325	Hypoxia-inducible factor stabilisation-related lncRNAs in retinopathy of prematurity.	PUBMED_01	2026-08-11		title_abstract_and_accession_screening	NO_ADDITIONAL_ELIGIBLE_ACCESSION_IDENTIFIED	Title/abstract and cross-source checks did not identify an additional eligible public accession			https://pubmed.ncbi.nlm.nih.gov/37017325/
PubMed	37179352	Vascular cell-adhesion molecule 1 (VCAM-1) regulates JunB-mediated IL-8/CXCL1 expression and pathological neovascularization.	PUBMED_01	2026-08-11	GSE209654	title_abstract_and_accession_screening	DUPLICATE_REPORT_LINKED_TO_GEO	Publication report linked to a screened GEO series	GSE209654		https://pubmed.ncbi.nlm.nih.gov/37179352/
PubMed	37213234	Oxygen-induced pathological angiogenesis promotes intense lipid synthesis and remodeling in the retina.	PUBMED_01	2026-08-11		title_abstract_and_accession_screening	NO_ADDITIONAL_ELIGIBLE_ACCESSION_IDENTIFIED	Title/abstract and cross-source checks did not identify an additional eligible public accession			https://pubmed.ncbi.nlm.nih.gov/37213234/
PubMed	37215579	Single-cell RNA sequencing reveals a unique pericyte type associated with capillary dysfunction.	PUBMED_01	2026-08-11		title_abstract_and_accession_screening	NO_ADDITIONAL_ELIGIBLE_ACCESSION_IDENTIFIED	Title/abstract and cross-source checks did not identify an additional eligible public accession			https://pubmed.ncbi.nlm.nih.gov/37215579/
PubMed	37322431	Galectin-1-dependent ceRNA network in HRMECs revealed its association with retinal neovascularization.	PUBMED_01	2026-08-11		title_abstract_and_accession_screening	NO_ADDITIONAL_ELIGIBLE_ACCESSION_IDENTIFIED	Title/abstract and cross-source checks did not identify an additional eligible public accession			https://pubmed.ncbi.nlm.nih.gov/37322431/
PubMed	37441592	Tsp-1(+) microglia attenuate retinal neovascularization by maintaining the expression of Smad3 in endothelial cells through exosomes with decreased miR-27a-5p.	PUBMED_01	2026-08-11		title_abstract_and_accession_screening	NO_ADDITIONAL_ELIGIBLE_ACCESSION_IDENTIFIED	Title/abstract and cross-source checks did not identify an additional eligible public accession			https://pubmed.ncbi.nlm.nih.gov/37441592/
PubMed	37942611	FAM222A, Part of the BET-Regulated Basal Endothelial Transcriptome, Is a Novel Determinant of Endothelial Biology and Angiogenesis-Brief Report.	PUBMED_01	2026-08-11		title_abstract_and_accession_screening	NO_ADDITIONAL_ELIGIBLE_ACCESSION_IDENTIFIED	Title/abstract and cross-source checks did not identify an additional eligible public accession			https://pubmed.ncbi.nlm.nih.gov/37942611/
PubMed	38027065	AAV2-antiVEGFscFv gene therapy for retinal neovascularization.	PUBMED_01	2026-08-11		title_abstract_and_accession_screening	NO_ADDITIONAL_ELIGIBLE_ACCESSION_IDENTIFIED	Title/abstract and cross-source checks did not identify an additional eligible public accession			https://pubmed.ncbi.nlm.nih.gov/38027065/
PubMed	38153746	Transcriptional Comparison of Human and Murine Retinal Neovascularization.	PUBMED_01	2026-08-11	GSE234447	title_abstract_and_accession_screening	DUPLICATE_REPORT_LINKED_TO_GEO	Publication report linked to a screened GEO series	GSE234447	GSE234447	https://pubmed.ncbi.nlm.nih.gov/38153746/
PubMed	38190125	Oncostatin M Reduces Pathological Neovascularization in the Retina Through Müller Cell Activation.	PUBMED_01	2026-08-11	GSE227350	title_abstract_and_accession_screening	DUPLICATE_REPORT_LINKED_TO_GEO	Publication report linked to a screened GEO series	GSE227350		https://pubmed.ncbi.nlm.nih.gov/38190125/
PubMed	38434621	Amelioration of oxygen-induced retinopathy in neonatal mice with fetal growth restriction.	PUBMED_01	2026-08-11		title_abstract_and_accession_screening	NO_ADDITIONAL_ELIGIBLE_ACCESSION_IDENTIFIED	Title/abstract and cross-source checks did not identify an additional eligible public accession			https://pubmed.ncbi.nlm.nih.gov/38434621/
PubMed	38505600	G protein subunit alpha i2's pivotal role in angiogenesis.	PUBMED_01	2026-08-11		title_abstract_and_accession_screening	NO_ADDITIONAL_ELIGIBLE_ACCESSION_IDENTIFIED	Title/abstract and cross-source checks did not identify an additional eligible public accession			https://pubmed.ncbi.nlm.nih.gov/38505600/
PubMed	38509306	RNA-binding proteins potentially regulate the alternative splicing of cell cycle-associated genes in proliferative diabetic retinopathy.	PUBMED_01	2026-08-11		title_abstract_and_accession_screening	NO_ADDITIONAL_ELIGIBLE_ACCESSION_IDENTIFIED	Title/abstract and cross-source checks did not identify an additional eligible public accession			https://pubmed.ncbi.nlm.nih.gov/38509306/
PubMed	38709389	IC100, a humanized therapeutic monoclonal anti-ASC antibody alleviates oxygen-induced retinopathy in mice.	PUBMED_01	2026-08-11		title_abstract_and_accession_screening	NO_ADDITIONAL_ELIGIBLE_ACCESSION_IDENTIFIED	Title/abstract and cross-source checks did not identify an additional eligible public accession			https://pubmed.ncbi.nlm.nih.gov/38709389/
PubMed	38739977	Upregulation of HMOX1 associated with M2 macrophage infiltration and ferroptosis in proliferative diabetic retinopathy.	PUBMED_01	2026-08-11		title_abstract_and_accession_screening	NO_ADDITIONAL_ELIGIBLE_ACCESSION_IDENTIFIED	Title/abstract and cross-source checks did not identify an additional eligible public accession			https://pubmed.ncbi.nlm.nih.gov/38739977/
PubMed	38958972	Epithelial Membrane Protein 2 (EMP2) Blockade Attenuates Pathological Neovascularization in Murine Oxygen-Induced Retinopathy.	PUBMED_01	2026-08-11		title_abstract_and_accession_screening	NO_ADDITIONAL_ELIGIBLE_ACCESSION_IDENTIFIED	Title/abstract and cross-source checks did not identify an additional eligible public accession			https://pubmed.ncbi.nlm.nih.gov/38958972/
PubMed	38978601	Timed topical dexamethasone eye drops improve mitochondrial function to prevent severe retinopathy of prematurity.	PUBMED_01	2026-08-11		title_abstract_and_accession_screening	NO_ADDITIONAL_ELIGIBLE_ACCESSION_IDENTIFIED	Title/abstract and cross-source checks did not identify an additional eligible public accession			https://pubmed.ncbi.nlm.nih.gov/38978601/
PubMed	39005408	Endothelial Zmiz1 modulates physiological and pathophysiological angiogenesis during retinal development.	PUBMED_01	2026-08-11		title_abstract_and_accession_screening	NO_ADDITIONAL_ELIGIBLE_ACCESSION_IDENTIFIED	Title/abstract and cross-source checks did not identify an additional eligible public accession			https://pubmed.ncbi.nlm.nih.gov/39005408/
PubMed	39153705	The STAT1-SLC31A1 axis: Potential regulation of cuproptosis in diabetic retinopathy.	PUBMED_01	2026-08-11		title_abstract_and_accession_screening	NO_ADDITIONAL_ELIGIBLE_ACCESSION_IDENTIFIED	Title/abstract and cross-source checks did not identify an additional eligible public accession			https://pubmed.ncbi.nlm.nih.gov/39153705/
PubMed	39287727	Timed topical dexamethasone eye drops improve mitochondrial function to prevent severe retinopathy of prematurity.	PUBMED_01	2026-08-11		title_abstract_and_accession_screening	NO_ADDITIONAL_ELIGIBLE_ACCESSION_IDENTIFIED	Title/abstract and cross-source checks did not identify an additional eligible public accession			https://pubmed.ncbi.nlm.nih.gov/39287727/
PubMed	39491782	Role of angiopoietin-like 4 in neovascularization associated with retinopathy of prematurity.	PUBMED_01	2026-08-11		title_abstract_and_accession_screening	NO_ADDITIONAL_ELIGIBLE_ACCESSION_IDENTIFIED	Title/abstract and cross-source checks did not identify an additional eligible public accession			https://pubmed.ncbi.nlm.nih.gov/39491782/
PubMed	39506758	m6A-methylase METTL3 promotes retinal angiogenesis through modulation of metabolic reprogramming in RPE cells.	PUBMED_01	2026-08-11		title_abstract_and_accession_screening	NO_ADDITIONAL_ELIGIBLE_ACCESSION_IDENTIFIED	Title/abstract and cross-source checks did not identify an additional eligible public accession			https://pubmed.ncbi.nlm.nih.gov/39506758/
PubMed	39565875	Monoclonal antibodies that block Roundabout 1 and 2 signaling target pathological ocular neovascularization through myeloid cells.	PUBMED_01	2026-08-11	GSE279825	title_abstract_and_accession_screening	DUPLICATE_REPORT_LINKED_TO_GEO	Publication report linked to a screened GEO series	GSE279825		https://pubmed.ncbi.nlm.nih.gov/39565875/
PubMed	39789310	Systemic regulation of retinal medium-chain fatty acid oxidation repletes TCA cycle flux in oxygen-induced retinopathy.	PUBMED_01	2026-08-11	GSE281854	title_abstract_and_accession_screening	DUPLICATE_REPORT_LINKED_TO_GEO	Publication report linked to a screened GEO series	GSE281854;GSE281855		https://pubmed.ncbi.nlm.nih.gov/39789310/
PubMed	39790557	Endothelial activating transcription factor 3 promotes angiogenesis and vascular repair in the mouse retina.	PUBMED_01	2026-08-11		title_abstract_and_accession_screening	NO_ADDITIONAL_ELIGIBLE_ACCESSION_IDENTIFIED	Title/abstract and cross-source checks did not identify an additional eligible public accession			https://pubmed.ncbi.nlm.nih.gov/39790557/
PubMed	39888634	Inhibition of Retinal Neovascularization by BEZ235: Targeting the Akt/4EBP1/Cyclin D1 Pathway in Endothelial Cells.	PUBMED_01	2026-08-11		title_abstract_and_accession_screening	NO_ADDITIONAL_ELIGIBLE_ACCESSION_IDENTIFIED	Title/abstract and cross-source checks did not identify an additional eligible public accession			https://pubmed.ncbi.nlm.nih.gov/39888634/
PubMed	39916601	The HAT Inhibitor ISOX-DUAL Diminishes Ischemic Areas in a Mouse Model of Oxygen-Induced Retinopathy.	PUBMED_01	2026-08-11		title_abstract_and_accession_screening	NO_ADDITIONAL_ELIGIBLE_ACCESSION_IDENTIFIED	Title/abstract and cross-source checks did not identify an additional eligible public accession			https://pubmed.ncbi.nlm.nih.gov/39916601/
PubMed	39946136	Targeting Runx1 in Pathological Retinal Angiogenesis: A Potential Therapeutic Approach.	PUBMED_01	2026-08-11		title_abstract_and_accession_screening	NO_ADDITIONAL_ELIGIBLE_ACCESSION_IDENTIFIED	Title/abstract and cross-source checks did not identify an additional eligible public accession			https://pubmed.ncbi.nlm.nih.gov/39946136/
PubMed	40042877	Fibronectin Mediates Endothelial-to-Mesenchymal Transition in Retina Angiogenesis.	PUBMED_01	2026-08-11	GSE289223	title_abstract_and_accession_screening	DUPLICATE_REPORT_LINKED_TO_GEO	Publication report linked to a screened GEO series	GSE289223	GSE289223	https://pubmed.ncbi.nlm.nih.gov/40042877/
PubMed	40069725	Single-cell analysis identifies MKI67(+) microglia as drivers of neovascularization in proliferative diabetic retinopathy.	PUBMED_01	2026-08-11		title_abstract_and_accession_screening	NO_ADDITIONAL_ELIGIBLE_ACCESSION_IDENTIFIED	Title/abstract and cross-source checks did not identify an additional eligible public accession			https://pubmed.ncbi.nlm.nih.gov/40069725/
PubMed	40083923	YBX1-driven TUBB6 upregulation facilitates ocular angiogenesis via WNT3A-FZD8 pathway.	PUBMED_01	2026-08-11		title_abstract_and_accession_screening	NO_ADDITIONAL_ELIGIBLE_ACCESSION_IDENTIFIED	Title/abstract and cross-source checks did not identify an additional eligible public accession			https://pubmed.ncbi.nlm.nih.gov/40083923/
PubMed	40279967	Targeting mitochondrial DNA-STING-NF-κB Axis-mediated microglia activation by cryptotanshinone alleviates ischemic retinopathy.	PUBMED_01	2026-08-11		title_abstract_and_accession_screening	NO_ADDITIONAL_ELIGIBLE_ACCESSION_IDENTIFIED	Title/abstract and cross-source checks did not identify an additional eligible public accession			https://pubmed.ncbi.nlm.nih.gov/40279967/
PubMed	40303324	BARD1-mediated stabilization of METTL14 promotes retinal neovascularization by m6A-modifying MXD1 mRNA on a YTHDF2-dependent manner.	PUBMED_01	2026-08-11		title_abstract_and_accession_screening	NO_ADDITIONAL_ELIGIBLE_ACCESSION_IDENTIFIED	Title/abstract and cross-source checks did not identify an additional eligible public accession			https://pubmed.ncbi.nlm.nih.gov/40303324/
PubMed	40303351	Serine supplementation suppresses hypoxia-induced pathological retinal angiogenesis.	PUBMED_01	2026-08-11		title_abstract_and_accession_screening	NO_ADDITIONAL_ELIGIBLE_ACCESSION_IDENTIFIED	Title/abstract and cross-source checks did not identify an additional eligible public accession			https://pubmed.ncbi.nlm.nih.gov/40303351/
PubMed	40305885	Ref-1 redox activity modulates canonical Wnt signaling in endothelial cells.	PUBMED_01	2026-08-11		title_abstract_and_accession_screening	NO_ADDITIONAL_ELIGIBLE_ACCESSION_IDENTIFIED	Title/abstract and cross-source checks did not identify an additional eligible public accession			https://pubmed.ncbi.nlm.nih.gov/40305885/
PubMed	40347925	Comprehensive multi-omics and pharmacokinetics reveal sclareol's role in inhibiting ocular neovascularization.	PUBMED_01	2026-08-11		title_abstract_and_accession_screening	NO_ADDITIONAL_ELIGIBLE_ACCESSION_IDENTIFIED	Title/abstract and cross-source checks did not identify an additional eligible public accession			https://pubmed.ncbi.nlm.nih.gov/40347925/
PubMed	40350953	[Mechanism of action of ginsenoside Rg_2 on diabetic retinopathy and angiogenesis based on YAP/TLRs pathway].	PUBMED_01	2026-08-11		title_abstract_and_accession_screening	NO_ADDITIONAL_ELIGIBLE_ACCESSION_IDENTIFIED	Title/abstract and cross-source checks did not identify an additional eligible public accession			https://pubmed.ncbi.nlm.nih.gov/40350953/
PubMed	40668060	Inhibition of Endothelial HIF-1α by IDF-11774 Attenuates Retinal Neovascularization and Vascular Leakage.	PUBMED_01	2026-08-11		title_abstract_and_accession_screening	NO_ADDITIONAL_ELIGIBLE_ACCESSION_IDENTIFIED	Title/abstract and cross-source checks did not identify an additional eligible public accession			https://pubmed.ncbi.nlm.nih.gov/40668060/
PubMed	40748026	Bispecific Peptide Binds to VEGFR2 and Integrin αvβ3, Forming an Artificial Extracellular Matrix for Anti-Ocular Neoangiogenesis.	PUBMED_01	2026-08-11		title_abstract_and_accession_screening	NO_ADDITIONAL_ELIGIBLE_ACCESSION_IDENTIFIED	Title/abstract and cross-source checks did not identify an additional eligible public accession			https://pubmed.ncbi.nlm.nih.gov/40748026/
PubMed	40754099	Notch activation downregulates EZH2 to thereby attenuate endothelial cell proliferation and angiogenesis via MYC destabilization.	PUBMED_01	2026-08-11		title_abstract_and_accession_screening	NO_ADDITIONAL_ELIGIBLE_ACCESSION_IDENTIFIED	Title/abstract and cross-source checks did not identify an additional eligible public accession			https://pubmed.ncbi.nlm.nih.gov/40754099/
PubMed	40924459	Sorting nexin 3 promotes ischemic retinopathy through RIP1- and RIP3-mediated myeloid cell necroptosis and mitochondrial fission.	PUBMED_01	2026-08-11		title_abstract_and_accession_screening	NO_ADDITIONAL_ELIGIBLE_ACCESSION_IDENTIFIED	Title/abstract and cross-source checks did not identify an additional eligible public accession			https://pubmed.ncbi.nlm.nih.gov/40924459/
PubMed	40964715	Nrf2 Deficiency in Müller Cells Exacerbates Pathological Neovascularization in Ischemic Retinopathy.	PUBMED_01	2026-08-11	GSE304959	title_abstract_and_accession_screening	DUPLICATE_REPORT_LINKED_TO_GEO	Publication report linked to a screened GEO series	GSE304959		https://pubmed.ncbi.nlm.nih.gov/40964715/
PubMed	40976555	Epac1 deletion attenuates Müller glial pathological activation and mitigates retinal neurodegeneration in ischemia-induced retinopathy.	PUBMED_01	2026-08-11	GSE328096	title_abstract_and_accession_screening	DUPLICATE_REPORT_LINKED_TO_GEO	Publication report linked to a screened GEO series	GSE328096		https://pubmed.ncbi.nlm.nih.gov/40976555/
PubMed	41041571	Polyunsaturated fatty acid balance modulates microglial state in a murine model of oxygen-induced neovascularization.	PUBMED_01	2026-08-11		title_abstract_and_accession_screening	NO_ADDITIONAL_ELIGIBLE_ACCESSION_IDENTIFIED	Title/abstract and cross-source checks did not identify an additional eligible public accession			https://pubmed.ncbi.nlm.nih.gov/41041571/
PubMed	41104017	Endothelial Zmiz1 modulates developmental angiogenesis in the retina.	PUBMED_01	2026-08-11		title_abstract_and_accession_screening	NO_ADDITIONAL_ELIGIBLE_ACCESSION_IDENTIFIED	Title/abstract and cross-source checks did not identify an additional eligible public accession			https://pubmed.ncbi.nlm.nih.gov/41104017/
PubMed	41116209	Alamandine inhibits pathological retinal neovascularization by targeting the MrgD-mediated HIF-1α/VEGF pathway.	PUBMED_01	2026-08-11		title_abstract_and_accession_screening	NO_ADDITIONAL_ELIGIBLE_ACCESSION_IDENTIFIED	Title/abstract and cross-source checks did not identify an additional eligible public accession			https://pubmed.ncbi.nlm.nih.gov/41116209/
PubMed	41120275	Proliferative diabetic retinopathy subtypes defined by immune defense and endothelial mitochondrial dysfunction.	PUBMED_01	2026-08-11		title_abstract_and_accession_screening	NO_ADDITIONAL_ELIGIBLE_ACCESSION_IDENTIFIED	Title/abstract and cross-source checks did not identify an additional eligible public accession			https://pubmed.ncbi.nlm.nih.gov/41120275/
PubMed	41230906	PRRX1 Orchestrates Pericyte-Myofibroblast Transition in Pathological Retinal Fibrosis.	PUBMED_01	2026-08-11		title_abstract_and_accession_screening	NO_ADDITIONAL_ELIGIBLE_ACCESSION_IDENTIFIED	Title/abstract and cross-source checks did not identify an additional eligible public accession			https://pubmed.ncbi.nlm.nih.gov/41230906/
PubMed	41232620	Microglial HMOX1 drives retinal angiogenesis via modulation of endothelial STAT3 signaling.	PUBMED_01	2026-08-11		title_abstract_and_accession_screening	NO_ADDITIONAL_ELIGIBLE_ACCESSION_IDENTIFIED	Title/abstract and cross-source checks did not identify an additional eligible public accession			https://pubmed.ncbi.nlm.nih.gov/41232620/
PubMed	41240786	N-acetylcysteine amide alleviates pathological neovascularization through mitochondrial protection and energy metabolism reprogramming of vascular endothelial cells.	PUBMED_01	2026-08-11		title_abstract_and_accession_screening	NO_ADDITIONAL_ELIGIBLE_ACCESSION_IDENTIFIED	Title/abstract and cross-source checks did not identify an additional eligible public accession			https://pubmed.ncbi.nlm.nih.gov/41240786/
PubMed	41328674	Copper Sulfide Nanoparticles Protect Against Fundus Neovascularization Diseases and Inhibit NF-κB Signaling Pathway.	PUBMED_01	2026-08-11		title_abstract_and_accession_screening	NO_ADDITIONAL_ELIGIBLE_ACCESSION_IDENTIFIED	Title/abstract and cross-source checks did not identify an additional eligible public accession			https://pubmed.ncbi.nlm.nih.gov/41328674/
PubMed	41347875	Conformational Dynamics of PKM2 Regulate Hypoxia-Induced Pathological Retinal Angiogenesis.	PUBMED_01	2026-08-11		title_abstract_and_accession_screening	NO_ADDITIONAL_ELIGIBLE_ACCESSION_IDENTIFIED	Title/abstract and cross-source checks did not identify an additional eligible public accession			https://pubmed.ncbi.nlm.nih.gov/41347875/
PubMed	41455369	The NLRP3 inflammasome inhibitor OLT1177 attenuates retinal neovascularization and microglial inflammation with neuroprotective effects.	PUBMED_01	2026-08-11		title_abstract_and_accession_screening	NO_ADDITIONAL_ELIGIBLE_ACCESSION_IDENTIFIED	Title/abstract and cross-source checks did not identify an additional eligible public accession			https://pubmed.ncbi.nlm.nih.gov/41455369/
PubMed	41534651	Non-neuronal cell microenvironment control retinal vascular remodeling by CST3 in the oxygen-induced retinopathy in mice.	PUBMED_01	2026-08-11		title_abstract_and_accession_screening	NO_ADDITIONAL_ELIGIBLE_ACCESSION_IDENTIFIED	Title/abstract and cross-source checks did not identify an additional eligible public accession			https://pubmed.ncbi.nlm.nih.gov/41534651/
PubMed	41548765	Endothelial JMJD1C drives pathological ocular neovascularization by activating SREBF2-dependent cholesterol biosynthesis.	PUBMED_01	2026-08-11		title_abstract_and_accession_screening	NO_ADDITIONAL_ELIGIBLE_ACCESSION_IDENTIFIED	Title/abstract and cross-source checks did not identify an additional eligible public accession			https://pubmed.ncbi.nlm.nih.gov/41548765/
PubMed	41627954	Ythdf2 loss in microglia aggravates ischemic retinopathy by increasing microglia activation and microvascular anomalies.	PUBMED_01	2026-08-11		title_abstract_and_accession_screening	NO_ADDITIONAL_ELIGIBLE_ACCESSION_IDENTIFIED	Title/abstract and cross-source checks did not identify an additional eligible public accession			https://pubmed.ncbi.nlm.nih.gov/41627954/
PubMed	41663366	Extraocular delivery of bioswitchable tri-miR-22-loaded tetrahedral DNA nanostructures for intraocular neovascular and neurodegenerative repair.	PUBMED_01	2026-08-11		title_abstract_and_accession_screening	NO_ADDITIONAL_ELIGIBLE_ACCESSION_IDENTIFIED	Title/abstract and cross-source checks did not identify an additional eligible public accession			https://pubmed.ncbi.nlm.nih.gov/41663366/
PubMed	41679587	The hypoxia-mediated HIF-1α/miR-381-3p signaling pathway promotes retinal neovascularization.	PUBMED_01	2026-08-11		title_abstract_and_accession_screening	NO_ADDITIONAL_ELIGIBLE_ACCESSION_IDENTIFIED	Title/abstract and cross-source checks did not identify an additional eligible public accession			https://pubmed.ncbi.nlm.nih.gov/41679587/
PubMed	41817688	Integrated intraocular-plasma proteomics reveals conserved biomarkers for diabetic retinopathy progression: a multi-fluid biopsy study.	PUBMED_01	2026-08-11		title_abstract_and_accession_screening	NO_ADDITIONAL_ELIGIBLE_ACCESSION_IDENTIFIED	Title/abstract and cross-source checks did not identify an additional eligible public accession			https://pubmed.ncbi.nlm.nih.gov/41817688/
PubMed	41829920	Polyunsaturated Fatty Acid Balance Modulates Microglial State in a Murine Model of Oxygen-Induced Neovascularization.	PUBMED_01	2026-08-11	GSE123945	title_abstract_and_accession_screening	DUPLICATE_REPORT_LINKED_TO_GEO	Publication report linked to a screened GEO series	GSE123945	GSE123945	https://pubmed.ncbi.nlm.nih.gov/41829920/
PubMed	41840419	Increased CD44 Expression in Endothelial Cells Induced by Advanced Glycation End Products Leads to Insufficient Maturation of Angiogenesis.	PUBMED_01	2026-08-11		title_abstract_and_accession_screening	NO_ADDITIONAL_ELIGIBLE_ACCESSION_IDENTIFIED	Title/abstract and cross-source checks did not identify an additional eligible public accession			https://pubmed.ncbi.nlm.nih.gov/41840419/
PubMed	41851718	Curcuma longa-derived extracellular vesicle-like particles ameliorate retinal neovascularization through HIF-1α and NRF2 signaling.	PUBMED_01	2026-08-11		title_abstract_and_accession_screening	NO_ADDITIONAL_ELIGIBLE_ACCESSION_IDENTIFIED	Title/abstract and cross-source checks did not identify an additional eligible public accession			https://pubmed.ncbi.nlm.nih.gov/41851718/
PubMed	41860321	An APE1 Redox Inhibitor Attenuates Pathological Retinal Vascularization by Suppressing FGF2 Angiogenic Signaling.	PUBMED_01	2026-08-11		title_abstract_and_accession_screening	NO_ADDITIONAL_ELIGIBLE_ACCESSION_IDENTIFIED	Title/abstract and cross-source checks did not identify an additional eligible public accession			https://pubmed.ncbi.nlm.nih.gov/41860321/
PubMed	41944819	Attenuation of Oxygen-Induced Neovascularization and Inflammation by Neutralizing VEGFA and/or ANG-2 With an Antibody.	PUBMED_01	2026-08-11	GSE315511	title_abstract_and_accession_screening	DUPLICATE_REPORT_LINKED_TO_GEO	Publication report linked to a screened GEO series	GSE315511	GSE315511	https://pubmed.ncbi.nlm.nih.gov/41944819/
PubMed	41963275	SDF-1 Inhibition Attenuates VEGF-Driven Retinal Leukostasis and Neovascularization in Ischemic Retinopathy.	PUBMED_01	2026-08-11		title_abstract_and_accession_screening	NO_ADDITIONAL_ELIGIBLE_ACCESSION_IDENTIFIED	Title/abstract and cross-source checks did not identify an additional eligible public accession			https://pubmed.ncbi.nlm.nih.gov/41963275/
PubMed	42057040	Comprehensive multiomics analyses identify guanylate cyclase activator 1A as a photoreceptor-specific target in a murine model of oxygen-induced retinopathy.	PUBMED_01	2026-08-11		title_abstract_and_accession_screening	NO_ADDITIONAL_ELIGIBLE_ACCESSION_IDENTIFIED	Title/abstract and cross-source checks did not identify an additional eligible public accession			https://pubmed.ncbi.nlm.nih.gov/42057040/
PubMed	42066435	Vitreous humor-mimetic liposomes enable effective gene delivery to the eye via intravitreal injection.	PUBMED_01	2026-08-11		title_abstract_and_accession_screening	NO_ADDITIONAL_ELIGIBLE_ACCESSION_IDENTIFIED	Title/abstract and cross-source checks did not identify an additional eligible public accession			https://pubmed.ncbi.nlm.nih.gov/42066435/
PubMed	42212336	Endothelial Klf9 fine-tunes Akt signaling to act as a transcriptional brake restraining retinal angiogenesis.	PUBMED_01	2026-08-11		title_abstract_and_accession_screening	NO_ADDITIONAL_ELIGIBLE_ACCESSION_IDENTIFIED	Title/abstract and cross-source checks did not identify an additional eligible public accession			https://pubmed.ncbi.nlm.nih.gov/42212336/
PubMed	42235340	Ndufa4l2 drives the pathological activation of Müller cells in ischemic retinopathy via the PI3K/AKT signaling pathway.	PUBMED_01	2026-08-11		title_abstract_and_accession_screening	NO_ADDITIONAL_ELIGIBLE_ACCESSION_IDENTIFIED	Title/abstract and cross-source checks did not identify an additional eligible public accession			https://pubmed.ncbi.nlm.nih.gov/42235340/
PubMed	42237060	Dopamine inhibits retinal pathological neovascularization in the oxygen-induced retinopathy mouse model.	PUBMED_01	2026-08-11		title_abstract_and_accession_screening	NO_ADDITIONAL_ELIGIBLE_ACCESSION_IDENTIFIED	Title/abstract and cross-source checks did not identify an additional eligible public accession			https://pubmed.ncbi.nlm.nih.gov/42237060/
PubMed	42272073	ScRNA-seq Data Reveal Gene Upregulation and Downregulation in Oxygen-Induced Retinopathy.	PUBMED_01	2026-08-11		title_abstract_and_accession_screening	NO_ADDITIONAL_ELIGIBLE_ACCESSION_IDENTIFIED	Title/abstract and cross-source checks did not identify an additional eligible public accession			https://pubmed.ncbi.nlm.nih.gov/42272073/
PubMed	42366514	Apolipoprotein C3 Promotes Retinal Angiogenesis via the MYC Pathway in Hypoxia.	PUBMED_01	2026-08-11		title_abstract_and_accession_screening	NO_ADDITIONAL_ELIGIBLE_ACCESSION_IDENTIFIED	Title/abstract and cross-source checks did not identify an additional eligible public accession			https://pubmed.ncbi.nlm.nih.gov/42366514/
PubMed	42555755	Disrupting galectin-3 and NET-mediated microglia-neutrophil cross-talk suppresses pathological retinal angiogenesis.	PUBMED_01	2026-08-11		title_abstract_and_accession_screening	NO_ADDITIONAL_ELIGIBLE_ACCESSION_IDENTIFIED	Title/abstract and cross-source checks did not identify an additional eligible public accession			https://pubmed.ncbi.nlm.nih.gov/42555755/
BioProject	PRJNA1453907	Single-cell RNA sequencing reveals that Epac1 deletion attenuates Müller glial pathological activation in ischemia-induced retinopathy	BIOPROJECT_01	2026-08-11	GSE328096	eligibility_assessment	DUPLICATE_DISCOVERY_RECORD_OF_GEO	BioProject record maps to GSE328096 (normalized-title similarity 1.000)	GSE328096		https://www.ncbi.nlm.nih.gov/bioproject/PRJNA1453907
BioProject	PRJNA1398191	Attenuation of oxygen-induced neovascularization and inflammation by neutralizing antibody to VEGFA and/or ANG-2	BIOPROJECT_01	2026-08-11	GSE315511	eligibility_assessment	DUPLICATE_DISCOVERY_RECORD_OF_GEO	BioProject record maps to GSE315511 (normalized-title similarity 1.000)	GSE315511		https://www.ncbi.nlm.nih.gov/bioproject/PRJNA1398191
BioProject	PRJEB78521	Single-cell RNA-seq of vascular endothelial cells in the mouse model of vascular injury	BIOPROJECT_01	2026-08-11		eligibility_assessment	EXCLUDE	one pooled P17 retina library per condition; no deposited between-library replication	PRJEB78521		https://www.ncbi.nlm.nih.gov/bioproject/PRJEB78521
BioProject	PRJNA1347474	Oxygen-Induced Retinopathy RNA-Seq (Ribo- libraries)	BIOPROJECT_01	2026-08-11	PRJNA483866	eligibility_assessment	INCLUDE_PRIMARY	P17 retinal OIR and control biological replicates; one effect retained for the PRJNA483866/PRJNA1347474 duplicate cohort	PRJNA483866	PRJNA1347474	https://www.ncbi.nlm.nih.gov/bioproject/PRJNA1347474
BioProject	PRJNA1303595	RiboTag-based profiling of actively translating transcripts in Nrf2-deficient and wildtype Müller cells in a mouse model of oxygen-induced retinopathy	BIOPROJECT_01	2026-08-11	GSE304959	eligibility_assessment	DUPLICATE_DISCOVERY_RECORD_OF_GEO	BioProject record maps to GSE304959 (normalized-title similarity 1.000)	GSE304959		https://www.ncbi.nlm.nih.gov/bioproject/PRJNA1303595
BioProject	PRJNA1284579	Injectable ROS-Responsive Hydrogel with Sustained Release of Procyanidin C1 for Selective Elimination of Senescent Cells to Remodel Pathological Retinal Angiogenesis	BIOPROJECT_01	2026-08-11	GSE301407	eligibility_assessment	EXCLUDE_DUPLICATE_COHORT	BioProject underlying GSE301407; already counted as that GEO accession	GSE301407		https://www.ncbi.nlm.nih.gov/bioproject/PRJNA1284579
BioProject	PRJDB15171	Spatial and temporal analyses of retinal inflammatory environment involving the onset and progression of photoreceptor degeneration	BIOPROJECT_01	2026-08-11		eligibility_assessment	EXCLUDE	one P17 retina library per relevant condition and treatment-context limitations	PRJDB15171		https://www.ncbi.nlm.nih.gov/bioproject/PRJDB15171
BioProject	PRJNA1236858	Targeting ATF6 Reduces Pathological Neovascularization and Improves Visual Outcomes in Retinal Disease Models	BIOPROJECT_01	2026-08-11	GSE292097	eligibility_assessment	DUPLICATE_DISCOVERY_RECORD_OF_GEO	BioProject record maps to GSE292097 (normalized-title similarity 1.000)	GSE292097		https://www.ncbi.nlm.nih.gov/bioproject/PRJNA1236858
BioProject	PRJNA1227125	Nanozyme Eye Drops for Retinal Barrier Penetration and Vasculopathy Repair	BIOPROJECT_01	2026-08-11		eligibility_assessment	INCLUDE_PRIMARY	P17 normal and PBS-treated OIR retinal libraries with three deposited replicates per group	PRJNA1227125	PRJNA1227125	https://www.ncbi.nlm.nih.gov/bioproject/PRJNA1227125
BioProject	PRJNA1221932	Fibronectin mediates Endothelial-to-mesenchymal Transition in retina angiogenesis	BIOPROJECT_01	2026-08-11	GSE289223	eligibility_assessment	DUPLICATE_DISCOVERY_RECORD_OF_GEO	BioProject record maps to GSE289223 (normalized-title similarity 1.000)	GSE289223		https://www.ncbi.nlm.nih.gov/bioproject/PRJNA1221932
BioProject	PRJNA1219573	Deletion of endothelial glycocalyx component endomucin impairs retinal vascularization and suppresses pathological neovascularization	BIOPROJECT_01	2026-08-11	GSE288833	eligibility_assessment	DUPLICATE_DISCOVERY_RECORD_OF_GEO	BioProject record maps to GSE288833 (normalized-title similarity 1.000)	GSE288833		https://www.ncbi.nlm.nih.gov/bioproject/PRJNA1219573
BioProject	PRJNA1193014	Single-Cell Multiomics Profiling Reveals Heterogeneity of Müller Cells in the Oxygen-Induced Retinopathy Model	BIOPROJECT_01	2026-08-11	GSE283276	eligibility_assessment	DUPLICATE_DISCOVERY_RECORD_OF_GEO	BioProject record maps to GSE283276 (normalized-title similarity 1.000)	GSE283276		https://www.ncbi.nlm.nih.gov/bioproject/PRJNA1193014
BioProject	PRJNA1186057	Systems level analysis of lipid metabolism in oxygen-induced retinopathy [liver RNA-Seq]	BIOPROJECT_01	2026-08-11	GSE281854	eligibility_assessment	DUPLICATE_DISCOVERY_RECORD_OF_GEO	BioProject record maps to GSE281854 (normalized-title similarity 1.000)	GSE281854		https://www.ncbi.nlm.nih.gov/bioproject/PRJNA1186057
BioProject	PRJNA1186056	Systems level analysis of lipid metabolism in oxygen-induced retinopathy [retina_RNAseq]	BIOPROJECT_01	2026-08-11	GSE281855	eligibility_assessment	DUPLICATE_DISCOVERY_RECORD_OF_GEO	BioProject record maps to GSE281855 (normalized-title similarity 1.000)	GSE281855		https://www.ncbi.nlm.nih.gov/bioproject/PRJNA1186056
BioProject	PRJNA1182806	Deubiquitinase USP9X regulates Wnt-signaling to control CNS vascular formation and barrier maintenance	BIOPROJECT_01	2026-08-11	GSE281249	eligibility_assessment	DUPLICATE_DISCOVERY_RECORD_OF_GEO	BioProject record maps to GSE281249 (normalized-title similarity 1.000)	GSE281249		https://www.ncbi.nlm.nih.gov/bioproject/PRJNA1182806
BioProject	PRJNA1174746	Monoclonal antibodies that block Roundabout 1 and 2 signaling target pathological ocular neovascularization through myeloid cells	BIOPROJECT_01	2026-08-11	GSE279825	eligibility_assessment	DUPLICATE_DISCOVERY_RECORD_OF_GEO	BioProject record maps to GSE279825 (normalized-title similarity 1.000)	GSE279825		https://www.ncbi.nlm.nih.gov/bioproject/PRJNA1174746
BioProject	PRJNA1150598	Global Characterization of Functional Microglia Heterogeneity in Relation to Neovascularization and Regression Phases of Oxygen-Induced Retinopathy in Mice	BIOPROJECT_01	2026-08-11	GSE275394	eligibility_assessment	DUPLICATE_DISCOVERY_RECORD_OF_GEO	BioProject record maps to GSE275394 (normalized-title similarity 1.000)	GSE275394		https://www.ncbi.nlm.nih.gov/bioproject/PRJNA1150598
BioProject	PRJNA1117071	Chronic intermittent hypoxia inhibits the revascularization of the ischemic retina and aggravates neurodegeneration and neovascularization	BIOPROJECT_01	2026-08-11	GSE268420	eligibility_assessment	DUPLICATE_DISCOVERY_RECORD_OF_GEO	BioProject record maps to GSE268420 (normalized-title similarity 1.000)	GSE268420		https://www.ncbi.nlm.nih.gov/bioproject/PRJNA1117071
BioProject	PRJNA1100496	mRNA expression profiles of oxygen-induced retinopathy (OIR) mouse retinas after knockdown treatment of lncRNA-MM2P	BIOPROJECT_01	2026-08-11	GSE263978	eligibility_assessment	DUPLICATE_DISCOVERY_RECORD_OF_GEO	BioProject record maps to GSE263978 (normalized-title similarity 1.000)	GSE263978		https://www.ncbi.nlm.nih.gov/bioproject/PRJNA1100496
BioProject	PRJNA1094884	FOXC1 regulates endothelial CD98 (LAT1/4F2hc) expression in retinal angiogenesis and blood-retina barrier formation	BIOPROJECT_01	2026-08-11	GSE262908	eligibility_assessment	DUPLICATE_DISCOVERY_RECORD_OF_GEO	BioProject record maps to GSE262908 (normalized-title similarity 1.000)	GSE262908		https://www.ncbi.nlm.nih.gov/bioproject/PRJNA1094884
BioProject	PRJNA1087306	A humanized therapeutic monoclonal anti-ASC antibody alleviates oxygen-induced retinopathy in mice	BIOPROJECT_01	2026-08-11	GSE261490	eligibility_assessment	DUPLICATE_DISCOVERY_RECORD_OF_GEO	BioProject record maps to GSE261490 (normalized-title similarity 1.000)	GSE261490		https://www.ncbi.nlm.nih.gov/bioproject/PRJNA1087306
BioProject	PRJNA1080537	BGN stimulates retinal pathological angiogenesis via up-regulation of CXCL12 expression in pericytes (mouse)	BIOPROJECT_01	2026-08-11	GSE259255	eligibility_assessment	DUPLICATE_DISCOVERY_RECORD_OF_GEO	BioProject record maps to GSE259255 (normalized-title similarity 1.000)	GSE259255		https://www.ncbi.nlm.nih.gov/bioproject/PRJNA1080537
BioProject	PRJNA1051126	Mechanism underlying long-term visual dysfunction in the mouse model of oxygen-induced retinopathy	BIOPROJECT_01	2026-08-11	GSE249919	eligibility_assessment	DUPLICATE_DISCOVERY_RECORD_OF_GEO	BioProject record maps to GSE249919 (normalized-title similarity 1.000)	GSE249919		https://www.ncbi.nlm.nih.gov/bioproject/PRJNA1051126
BioProject	PRJNA1028541	CUT&Tag of oxygen-induced retinopathy mouse retina	BIOPROJECT_01	2026-08-11	GSE245456	eligibility_assessment	DUPLICATE_DISCOVERY_RECORD_OF_GEO	BioProject record maps to GSE245456 (normalized-title similarity 1.000)	GSE245456		https://www.ncbi.nlm.nih.gov/bioproject/PRJNA1028541
BioProject	PRJNA1006773	RNA-sequencing of the oxygen induced retinopathy (OIR) model in C57BL/6 mice	BIOPROJECT_01	2026-08-11	GSE241239	eligibility_assessment	DUPLICATE_DISCOVERY_RECORD_OF_GEO	BioProject record maps to GSE241239 (normalized-title similarity 1.000)	GSE241239		https://www.ncbi.nlm.nih.gov/bioproject/PRJNA1006773
BioProject	PRJNA981457	Transcriptional Comparison of Human and Murine Retinal Neovascularization	BIOPROJECT_01	2026-08-11	GSE234447	eligibility_assessment	DUPLICATE_DISCOVERY_RECORD_OF_GEO	BioProject record maps to GSE234447 (normalized-title similarity 1.000)	GSE234447		https://www.ncbi.nlm.nih.gov/bioproject/PRJNA981457
BioProject	PRJNA962098	Effects of inhibitors in mice with oxygen-induced retinopathy	BIOPROJECT_01	2026-08-11	GSE230668	eligibility_assessment	DUPLICATE_DISCOVERY_RECORD_OF_GEO	BioProject record maps to GSE230668 (normalized-title similarity 1.000)	GSE230668		https://www.ncbi.nlm.nih.gov/bioproject/PRJNA962098
BioProject	PRJNA947200	Single-cell RNAseq analysis of wild type and Socs3 cKO retinal immune cells	BIOPROJECT_01	2026-08-11	GSE227861	eligibility_assessment	DUPLICATE_DISCOVERY_RECORD_OF_GEO	BioProject record maps to GSE227861 (normalized-title similarity 1.000)	GSE227861		https://www.ncbi.nlm.nih.gov/bioproject/PRJNA947200
BioProject	PRJNA944689	RNA sequencing of sorted P17 murine endothelial cells from the OIR model with OSM or PBS intravitreal injection at P12	BIOPROJECT_01	2026-08-11	GSE227350	eligibility_assessment	DUPLICATE_DISCOVERY_RECORD_OF_GEO	BioProject record maps to GSE227350 (normalized-title similarity 1.000)	GSE227350		https://www.ncbi.nlm.nih.gov/bioproject/PRJNA944689
BioProject	PRJNA880599	Profiles of N6-methyladenosine modifications of circular RNAs in oxygen-induced retinopathy	BIOPROJECT_01	2026-08-11	GSE213362	eligibility_assessment	DUPLICATE_DISCOVERY_RECORD_OF_GEO	BioProject record maps to GSE213362 (normalized-title similarity 1.000)	GSE213362		https://www.ncbi.nlm.nih.gov/bioproject/PRJNA880599
BioProject	PRJNA862060	Effect of Caspase1 deletion on oxygen-induced retinopathy in C57BL/6 mice	BIOPROJECT_01	2026-08-11	GSE209654	eligibility_assessment	DUPLICATE_DISCOVERY_RECORD_OF_GEO	BioProject record maps to GSE209654 (normalized-title similarity 1.000)	GSE209654		https://www.ncbi.nlm.nih.gov/bioproject/PRJNA862060
BioProject	PRJNA823657	Transcriptome analysis of the oxygen induced retinopathy (OIR) model at 5 different timepoints	BIOPROJECT_01	2026-08-11	GSE200195	eligibility_assessment	DUPLICATE_DISCOVERY_RECORD_OF_GEO	BioProject record maps to GSE200195 (normalized-title similarity 1.000)	GSE200195		https://www.ncbi.nlm.nih.gov/bioproject/PRJNA823657
BioProject	PRJNA821499	Single-cell Transcriptome Analyses Reveal Unique Microglia Types Associated with Retinal Pathological Angiogenesis	BIOPROJECT_01	2026-08-11	GSE199792	eligibility_assessment	DUPLICATE_DISCOVERY_RECORD_OF_GEO	BioProject record maps to GSE199792 (normalized-title similarity 1.000)	GSE199792		https://www.ncbi.nlm.nih.gov/bioproject/PRJNA821499
BioProject	PRJNA799358	Expression profiles of mRNAs in the retinas of OIR wildtype, OIR IL-19 knockout and room air control mice.	BIOPROJECT_01	2026-08-11	GSE194176	eligibility_assessment	DUPLICATE_DISCOVERY_RECORD_OF_GEO	BioProject record maps to GSE194176 (normalized-title similarity 1.000)	GSE194176		https://www.ncbi.nlm.nih.gov/bioproject/PRJNA799358
BioProject	PRJNA666571	C57Bl6J retina lysates in oxygen-induced retinopathy	BIOPROJECT_01	2026-08-11	GSE158799	eligibility_assessment	DUPLICATE_DISCOVERY_RECORD_OF_GEO	BioProject record maps to GSE158799 (normalized-title similarity 1.000)	GSE158799		https://www.ncbi.nlm.nih.gov/bioproject/PRJNA666571
BioProject	PRJNA641006	A specific RIP3+ subpopulation of microglia promotes retinopathy through a hypoxia-triggered necroptotic mechanism	BIOPROJECT_01	2026-08-11	GSE152928	eligibility_assessment	DUPLICATE_DISCOVERY_RECORD_OF_GEO	BioProject record maps to GSE152928 (normalized-title similarity 1.000)	GSE152928		https://www.ncbi.nlm.nih.gov/bioproject/PRJNA641006
BioProject	PRJNA633594	Effects of Aflibercept administration at 25 mg per kg body weight in retinas of mice subjected to the oxygen-induced retinopathy protocol [P50]	BIOPROJECT_01	2026-08-11	GSE150794	eligibility_assessment	DUPLICATE_DISCOVERY_RECORD_OF_GEO	BioProject record maps to GSE150794 (normalized-title similarity 1.000)	GSE150794		https://www.ncbi.nlm.nih.gov/bioproject/PRJNA633594
BioProject	PRJNA633178	Single-cell RNAseq of Normoxic and OIR mouse retina by Drop-seq	BIOPROJECT_01	2026-08-11	GSE150703	eligibility_assessment	DUPLICATE_DISCOVERY_RECORD_OF_GEO	BioProject record maps to GSE150703 (normalized-title similarity 1.000)	GSE150703		https://www.ncbi.nlm.nih.gov/bioproject/PRJNA633178
BioProject	PRJNA566356	Effects of Aflibercept administration at 25 mg per kg body weight in retinas of mice subjected to the oxygen-induced retinopathy protocol [P19]	BIOPROJECT_01	2026-08-11	GSE137705	eligibility_assessment	DUPLICATE_DISCOVERY_RECORD_OF_GEO	BioProject record maps to GSE137705 (normalized-title similarity 1.000)	GSE137705		https://www.ncbi.nlm.nih.gov/bioproject/PRJNA566356
BioProject	PRJNA560255	Progenitor cell combination normalizes retinal vascular development by enhancing pericyte ensheathment in the oxygen-induced retinopathy (OIR) model	BIOPROJECT_01	2026-08-11	GSE135844	eligibility_assessment	DUPLICATE_DISCOVERY_RECORD_OF_GEO	BioProject record maps to GSE135844 (normalized-title similarity 1.000)	GSE135844		https://www.ncbi.nlm.nih.gov/bioproject/PRJNA560255
BioProject	PRJNA548871	Temporo-spatial distribution and transcriptional profile of retinal microglia in the oxygen-induced retinopathy mouse model	BIOPROJECT_01	2026-08-11	GSE132731	eligibility_assessment	DUPLICATE_DISCOVERY_RECORD_OF_GEO	BioProject record maps to GSE132731 (normalized-title similarity 1.000)	GSE132731		https://www.ncbi.nlm.nih.gov/bioproject/PRJNA548871
BioProject	PRJNA539988	Murine model of oxygen-induced retinopathy - 3 time points [retina]	BIOPROJECT_01	2026-08-11	GSE130400	eligibility_assessment	DUPLICATE_DISCOVERY_RECORD_OF_GEO	BioProject record maps to GSE130400 (normalized-title similarity 1.000)	GSE130400		https://www.ncbi.nlm.nih.gov/bioproject/PRJNA539988
BioProject	PRJNA537864	Murine model of oxygen-induced retinopathy - 3 time points [blood]	BIOPROJECT_01	2026-08-11	GSE130347	eligibility_assessment	DUPLICATE_DISCOVERY_RECORD_OF_GEO	BioProject record maps to GSE130347 (normalized-title similarity 1.000)	GSE130347		https://www.ncbi.nlm.nih.gov/bioproject/PRJNA537864
BioProject	PRJNA514455	Effects of Aflibercept administration at 25 mg per kg body weight in retinas of mice subjected to the oxygen-induced retinopathy protocol	BIOPROJECT_01	2026-08-11	GSE124956	eligibility_assessment	DUPLICATE_DISCOVERY_RECORD_OF_GEO	BioProject record maps to GSE124956 (normalized-title similarity 1.000)	GSE124956		https://www.ncbi.nlm.nih.gov/bioproject/PRJNA514455
BioProject	PRJNA483866	Oxygen-Induced Retinopathy RNA-Seq	BIOPROJECT_01	2026-08-11	PRJNA1347474	eligibility_assessment	EXCLUDE_DUPLICATE_COHORT	Same 2013 P17 OIR time-series cohort as PRJNA1347474; older library preparation not counted separately	PRJNA1347474		https://www.ncbi.nlm.nih.gov/bioproject/PRJNA483866
BioProject	PRJNA476577	Expression profiling of microRNAs in oxygen-induced retinal neovascularization in mice	BIOPROJECT_01	2026-08-11	GSE115949	eligibility_assessment	DUPLICATE_DISCOVERY_RECORD_OF_GEO	BioProject record maps to GSE115949 (normalized-title similarity 1.000)	GSE115949		https://www.ncbi.nlm.nih.gov/bioproject/PRJNA476577
BioProject	PRJNA328782	Expressing profiles of small non-coding RNA in mouse models of oxygen-induced retinopathy (OIR)	BIOPROJECT_01	2026-08-11		eligibility_assessment	EXCLUDE	no public SRA experiment records permitting a recoverable P17 Adora2a contrast	PRJNA328782		https://www.ncbi.nlm.nih.gov/bioproject/PRJNA328782
BioProject	PRJNA299209	Comparative Systems Pharmacology of HIF Stabilization in the Prevention of Retinopathy of Prematurity	BIOPROJECT_01	2026-08-11		eligibility_assessment	EXCLUDE	HIF-stabilizer/PBS pharmacology study; not an OIR-versus-normoxia contrast	PRJNA299209		https://www.ncbi.nlm.nih.gov/bioproject/PRJNA299209
BioProject	PRJNA168565	Gene Expression Profiling In Murine Retina Neovascularization Models	BIOPROJECT_01	2026-08-11		eligibility_assessment	EXCLUDE	no public SRA experiment records permitting a recoverable P17 Adora2a contrast	PRJNA168565		https://www.ncbi.nlm.nih.gov/bioproject/PRJNA168565
BioProject	PRJNA122025	Gene Expression Profile of Hyperoxic/hypoxic Retinas in Mouse Model of Oxygen-induced Retinopathy	BIOPROJECT_01	2026-08-11		eligibility_assessment	EXCLUDE	no public SRA experiment records permitting a recoverable P17 Adora2a contrast	PRJNA122025		https://www.ncbi.nlm.nih.gov/bioproject/PRJNA122025
SRA	SRX32958681	GSM9672360: Retina, Epac1 KO, OIR, P17; Mus musculus; RNA-Seq	SRA_01	2026-08-11	PRJNA1453907	removed_before_screening	REMOVE_COMPONENT_EXPERIMENT_RECORD	SRA experiment component of a BioProject/GEO study record; not counted as a separate cohort.	GSE328096		https://www.ncbi.nlm.nih.gov/sra/SRX32958681
SRA	SRX32958680	GSM9672359: Retina, WT, OIR, P17; Mus musculus; RNA-Seq	SRA_01	2026-08-11	PRJNA1453907	removed_before_screening	REMOVE_COMPONENT_EXPERIMENT_RECORD	SRA experiment component of a BioProject/GEO study record; not counted as a separate cohort.	GSE328096		https://www.ncbi.nlm.nih.gov/sra/SRX32958680
SRA	ERX12801138	Single-cell RNA-seq of vascular endothelial cells in the mouse model of vascular injury	SRA_01	2026-08-11	PRJEB78521	removed_before_screening	REMOVE_COMPONENT_EXPERIMENT_RECORD	SRA experiment component of a BioProject/GEO study record; not counted as a separate cohort.	PRJEB78521		https://www.ncbi.nlm.nih.gov/sra/ERX12801138
SRA	ERX12801134	Single-cell RNA-seq of vascular endothelial cells in the mouse model of vascular injury	SRA_01	2026-08-11	PRJEB78521	removed_before_screening	REMOVE_COMPONENT_EXPERIMENT_RECORD	SRA experiment component of a BioProject/GEO study record; not counted as a separate cohort.	PRJEB78521		https://www.ncbi.nlm.nih.gov/sra/ERX12801134
SRA	ERX12801143	Single-cell RNA-seq of vascular endothelial cells in the mouse model of vascular injury	SRA_01	2026-08-11	PRJEB78521	removed_before_screening	REMOVE_COMPONENT_EXPERIMENT_RECORD	SRA experiment component of a BioProject/GEO study record; not counted as a separate cohort.	PRJEB78521		https://www.ncbi.nlm.nih.gov/sra/ERX12801143
SRA	ERX12801141	Single-cell RNA-seq of vascular endothelial cells in the mouse model of vascular injury	SRA_01	2026-08-11	PRJEB78521	removed_before_screening	REMOVE_COMPONENT_EXPERIMENT_RECORD	SRA experiment component of a BioProject/GEO study record; not counted as a separate cohort.	PRJEB78521		https://www.ncbi.nlm.nih.gov/sra/ERX12801141
SRA	ERX12801139	Single-cell RNA-seq of vascular endothelial cells in the mouse model of vascular injury	SRA_01	2026-08-11	PRJEB78521	removed_before_screening	REMOVE_COMPONENT_EXPERIMENT_RECORD	SRA experiment component of a BioProject/GEO study record; not counted as a separate cohort.	PRJEB78521		https://www.ncbi.nlm.nih.gov/sra/ERX12801139
SRA	ERX12801144	Single-cell RNA-seq of vascular endothelial cells in the mouse model of vascular injury	SRA_01	2026-08-11	PRJEB78521	removed_before_screening	REMOVE_COMPONENT_EXPERIMENT_RECORD	SRA experiment component of a BioProject/GEO study record; not counted as a separate cohort.	PRJEB78521		https://www.ncbi.nlm.nih.gov/sra/ERX12801144
SRA	ERX12801137	Single-cell RNA-seq of vascular endothelial cells in the mouse model of vascular injury	SRA_01	2026-08-11	PRJEB78521	removed_before_screening	REMOVE_COMPONENT_EXPERIMENT_RECORD	SRA experiment component of a BioProject/GEO study record; not counted as a separate cohort.	PRJEB78521		https://www.ncbi.nlm.nih.gov/sra/ERX12801137
SRA	ERX12801135	Single-cell RNA-seq of vascular endothelial cells in the mouse model of vascular injury	SRA_01	2026-08-11	PRJEB78521	removed_before_screening	REMOVE_COMPONENT_EXPERIMENT_RECORD	SRA experiment component of a BioProject/GEO study record; not counted as a separate cohort.	PRJEB78521		https://www.ncbi.nlm.nih.gov/sra/ERX12801135
SRA	ERX12801145	Single-cell RNA-seq of vascular endothelial cells in the mouse model of vascular injury	SRA_01	2026-08-11	PRJEB78521	removed_before_screening	REMOVE_COMPONENT_EXPERIMENT_RECORD	SRA experiment component of a BioProject/GEO study record; not counted as a separate cohort.	PRJEB78521		https://www.ncbi.nlm.nih.gov/sra/ERX12801145
SRA	ERX12801136	Single-cell RNA-seq of vascular endothelial cells in the mouse model of vascular injury	SRA_01	2026-08-11	PRJEB78521	removed_before_screening	REMOVE_COMPONENT_EXPERIMENT_RECORD	SRA experiment component of a BioProject/GEO study record; not counted as a separate cohort.	PRJEB78521		https://www.ncbi.nlm.nih.gov/sra/ERX12801136
SRA	ERX12801140	Single-cell RNA-seq of vascular endothelial cells in the mouse model of vascular injury	SRA_01	2026-08-11	PRJEB78521	removed_before_screening	REMOVE_COMPONENT_EXPERIMENT_RECORD	SRA experiment component of a BioProject/GEO study record; not counted as a separate cohort.	PRJEB78521		https://www.ncbi.nlm.nih.gov/sra/ERX12801140
SRA	ERX12801142	Single-cell RNA-seq of vascular endothelial cells in the mouse model of vascular injury	SRA_01	2026-08-11	PRJEB78521	removed_before_screening	REMOVE_COMPONENT_EXPERIMENT_RECORD	SRA experiment component of a BioProject/GEO study record; not counted as a separate cohort.	PRJEB78521		https://www.ncbi.nlm.nih.gov/sra/ERX12801142
SRA	SRX28014839	GSM8848860: Atf6KO_5; Mus musculus; RNA-Seq	SRA_01	2026-08-11	PRJNA1236858	removed_before_screening	REMOVE_COMPONENT_EXPERIMENT_RECORD	SRA experiment component of a BioProject/GEO study record; not counted as a separate cohort.	GSE292097		https://www.ncbi.nlm.nih.gov/sra/SRX28014839
SRA	SRX28014838	GSM8848859: Atf6KO_4; Mus musculus; RNA-Seq	SRA_01	2026-08-11	PRJNA1236858	removed_before_screening	REMOVE_COMPONENT_EXPERIMENT_RECORD	SRA experiment component of a BioProject/GEO study record; not counted as a separate cohort.	GSE292097		https://www.ncbi.nlm.nih.gov/sra/SRX28014838
SRA	SRX28014837	GSM8848858: Atf6KO_3; Mus musculus; RNA-Seq	SRA_01	2026-08-11	PRJNA1236858	removed_before_screening	REMOVE_COMPONENT_EXPERIMENT_RECORD	SRA experiment component of a BioProject/GEO study record; not counted as a separate cohort.	GSE292097		https://www.ncbi.nlm.nih.gov/sra/SRX28014837
SRA	SRX28014836	GSM8848857: Atf6KO_2; Mus musculus; RNA-Seq	SRA_01	2026-08-11	PRJNA1236858	removed_before_screening	REMOVE_COMPONENT_EXPERIMENT_RECORD	SRA experiment component of a BioProject/GEO study record; not counted as a separate cohort.	GSE292097		https://www.ncbi.nlm.nih.gov/sra/SRX28014836
SRA	SRX28014835	GSM8848856: Atf6KO_1; Mus musculus; RNA-Seq	SRA_01	2026-08-11	PRJNA1236858	removed_before_screening	REMOVE_COMPONENT_EXPERIMENT_RECORD	SRA experiment component of a BioProject/GEO study record; not counted as a separate cohort.	GSE292097		https://www.ncbi.nlm.nih.gov/sra/SRX28014835
SRA	SRX28014834	GSM8848855: WT_5; Mus musculus; RNA-Seq	SRA_01	2026-08-11	PRJNA1236858	removed_before_screening	REMOVE_COMPONENT_EXPERIMENT_RECORD	SRA experiment component of a BioProject/GEO study record; not counted as a separate cohort.	GSE292097		https://www.ncbi.nlm.nih.gov/sra/SRX28014834
SRA	SRX28014833	GSM8848854: WT_4; Mus musculus; RNA-Seq	SRA_01	2026-08-11	PRJNA1236858	removed_before_screening	REMOVE_COMPONENT_EXPERIMENT_RECORD	SRA experiment component of a BioProject/GEO study record; not counted as a separate cohort.	GSE292097		https://www.ncbi.nlm.nih.gov/sra/SRX28014833
SRA	SRX28014832	GSM8848853: WT_3; Mus musculus; RNA-Seq	SRA_01	2026-08-11	PRJNA1236858	removed_before_screening	REMOVE_COMPONENT_EXPERIMENT_RECORD	SRA experiment component of a BioProject/GEO study record; not counted as a separate cohort.	GSE292097		https://www.ncbi.nlm.nih.gov/sra/SRX28014832
SRA	SRX28014831	GSM8848852: WT_2; Mus musculus; RNA-Seq	SRA_01	2026-08-11	PRJNA1236858	removed_before_screening	REMOVE_COMPONENT_EXPERIMENT_RECORD	SRA experiment component of a BioProject/GEO study record; not counted as a separate cohort.	GSE292097		https://www.ncbi.nlm.nih.gov/sra/SRX28014831
SRA	SRX28014830	GSM8848851: WT_1; Mus musculus; RNA-Seq	SRA_01	2026-08-11	PRJNA1236858	removed_before_screening	REMOVE_COMPONENT_EXPERIMENT_RECORD	SRA experiment component of a BioProject/GEO study record; not counted as a separate cohort.	GSE292097		https://www.ncbi.nlm.nih.gov/sra/SRX28014830
SRA	SRX27585382	GSM8776321: 186; Mus musculus; RNA-Seq	SRA_01	2026-08-11	PRJNA1219573	removed_before_screening	REMOVE_COMPONENT_EXPERIMENT_RECORD	SRA experiment component of a BioProject/GEO study record; not counted as a separate cohort.	GSE288833		https://www.ncbi.nlm.nih.gov/sra/SRX27585382
SRA	SRX27585381	GSM8776320: 145; Mus musculus; RNA-Seq	SRA_01	2026-08-11	PRJNA1219573	removed_before_screening	REMOVE_COMPONENT_EXPERIMENT_RECORD	SRA experiment component of a BioProject/GEO study record; not counted as a separate cohort.	GSE288833		https://www.ncbi.nlm.nih.gov/sra/SRX27585381
SRA	SRX27585380	GSM8776319: 144; Mus musculus; RNA-Seq	SRA_01	2026-08-11	PRJNA1219573	removed_before_screening	REMOVE_COMPONENT_EXPERIMENT_RECORD	SRA experiment component of a BioProject/GEO study record; not counted as a separate cohort.	GSE288833		https://www.ncbi.nlm.nih.gov/sra/SRX27585380
SRA	SRX27585379	GSM8776318: 188; Mus musculus; RNA-Seq	SRA_01	2026-08-11	PRJNA1219573	removed_before_screening	REMOVE_COMPONENT_EXPERIMENT_RECORD	SRA experiment component of a BioProject/GEO study record; not counted as a separate cohort.	GSE288833		https://www.ncbi.nlm.nih.gov/sra/SRX27585379
SRA	SRX27585378	GSM8776317: 148; Mus musculus; RNA-Seq	SRA_01	2026-08-11	PRJNA1219573	removed_before_screening	REMOVE_COMPONENT_EXPERIMENT_RECORD	SRA experiment component of a BioProject/GEO study record; not counted as a separate cohort.	GSE288833		https://www.ncbi.nlm.nih.gov/sra/SRX27585378
SRA	SRX27585377	GSM8776316: 146; Mus musculus; RNA-Seq	SRA_01	2026-08-11	PRJNA1219573	removed_before_screening	REMOVE_COMPONENT_EXPERIMENT_RECORD	SRA experiment component of a BioProject/GEO study record; not counted as a separate cohort.	GSE288833		https://www.ncbi.nlm.nih.gov/sra/SRX27585377
SRA	SRX26932951	GSM8659074: snATAC, Mouse, OIR Model, retina, P17; Mus musculus; ATAC-seq	SRA_01	2026-08-11	PRJNA1193014	removed_before_screening	REMOVE_COMPONENT_EXPERIMENT_RECORD	SRA experiment component of a BioProject/GEO study record; not counted as a separate cohort.	GSE283276		https://www.ncbi.nlm.nih.gov/sra/SRX26932951
SRA	SRX26932950	GSM8659073: snRNA, Mouse, OIR Model, retina, P17; Mus musculus; RNA-Seq	SRA_01	2026-08-11	PRJNA1193014	removed_before_screening	REMOVE_COMPONENT_EXPERIMENT_RECORD	SRA experiment component of a BioProject/GEO study record; not counted as a separate cohort.	GSE283276		https://www.ncbi.nlm.nih.gov/sra/SRX26932950
SRA	SRX24255759	GSM8208247: AAV_sh4; Mus musculus; RNA-Seq	SRA_01	2026-08-11	PRJNA1100496	removed_before_screening	REMOVE_COMPONENT_EXPERIMENT_RECORD	SRA experiment component of a BioProject/GEO study record; not counted as a separate cohort.	GSE263978		https://www.ncbi.nlm.nih.gov/sra/SRX24255759
SRA	SRX24255758	GSM8208246: AAV_sh3; Mus musculus; RNA-Seq	SRA_01	2026-08-11	PRJNA1100496	removed_before_screening	REMOVE_COMPONENT_EXPERIMENT_RECORD	SRA experiment component of a BioProject/GEO study record; not counted as a separate cohort.	GSE263978		https://www.ncbi.nlm.nih.gov/sra/SRX24255758
SRA	SRX24255757	GSM8208245: AAV_sh2; Mus musculus; RNA-Seq	SRA_01	2026-08-11	PRJNA1100496	removed_before_screening	REMOVE_COMPONENT_EXPERIMENT_RECORD	SRA experiment component of a BioProject/GEO study record; not counted as a separate cohort.	GSE263978		https://www.ncbi.nlm.nih.gov/sra/SRX24255757
SRA	SRX24255756	GSM8208244: AAV_sh1; Mus musculus; RNA-Seq	SRA_01	2026-08-11	PRJNA1100496	removed_before_screening	REMOVE_COMPONENT_EXPERIMENT_RECORD	SRA experiment component of a BioProject/GEO study record; not counted as a separate cohort.	GSE263978		https://www.ncbi.nlm.nih.gov/sra/SRX24255756
SRA	SRX24255755	GSM8208243: AAV_NC4; Mus musculus; RNA-Seq	SRA_01	2026-08-11	PRJNA1100496	removed_before_screening	REMOVE_COMPONENT_EXPERIMENT_RECORD	SRA experiment component of a BioProject/GEO study record; not counted as a separate cohort.	GSE263978		https://www.ncbi.nlm.nih.gov/sra/SRX24255755
SRA	SRX24255754	GSM8208242: AAV_NC3; Mus musculus; RNA-Seq	SRA_01	2026-08-11	PRJNA1100496	removed_before_screening	REMOVE_COMPONENT_EXPERIMENT_RECORD	SRA experiment component of a BioProject/GEO study record; not counted as a separate cohort.	GSE263978		https://www.ncbi.nlm.nih.gov/sra/SRX24255754
SRA	SRX24255753	GSM8208241: AAV_NC2; Mus musculus; RNA-Seq	SRA_01	2026-08-11	PRJNA1100496	removed_before_screening	REMOVE_COMPONENT_EXPERIMENT_RECORD	SRA experiment component of a BioProject/GEO study record; not counted as a separate cohort.	GSE263978		https://www.ncbi.nlm.nih.gov/sra/SRX24255753
SRA	SRX24255752	GSM8208240: AAV_NC1; Mus musculus; RNA-Seq	SRA_01	2026-08-11	PRJNA1100496	removed_before_screening	REMOVE_COMPONENT_EXPERIMENT_RECORD	SRA experiment component of a BioProject/GEO study record; not counted as a separate cohort.	GSE263978		https://www.ncbi.nlm.nih.gov/sra/SRX24255752
SRA	SRX22865072	GSM7966943: OIR; Mus musculus; RNA-Seq	SRA_01	2026-08-11	PRJNA1051126	removed_before_screening	REMOVE_COMPONENT_EXPERIMENT_RECORD	SRA experiment component of a BioProject/GEO study record; not counted as a separate cohort.	GSE249919		https://www.ncbi.nlm.nih.gov/sra/SRX22865072
SRA	SRX22101197	GSM7843061: Retina, IgG_P17_OIR_rep2; Mus musculus; OTHER	SRA_01	2026-08-11	PRJNA1028541	removed_before_screening	REMOVE_COMPONENT_EXPERIMENT_RECORD	SRA experiment component of a BioProject/GEO study record; not counted as a separate cohort.	GSE245456		https://www.ncbi.nlm.nih.gov/sra/SRX22101197
SRA	SRX22101196	GSM7843060: Retina, IgG_P17_OIR_rep1; Mus musculus; OTHER	SRA_01	2026-08-11	PRJNA1028541	removed_before_screening	REMOVE_COMPONENT_EXPERIMENT_RECORD	SRA experiment component of a BioProject/GEO study record; not counted as a separate cohort.	GSE245456		https://www.ncbi.nlm.nih.gov/sra/SRX22101196
SRA	SRX22101193	GSM7843057: Retina, IgG_P14_OIR_rep2; Mus musculus; OTHER	SRA_01	2026-08-11	PRJNA1028541	removed_before_screening	REMOVE_COMPONENT_EXPERIMENT_RECORD	SRA experiment component of a BioProject/GEO study record; not counted as a separate cohort.	GSE245456		https://www.ncbi.nlm.nih.gov/sra/SRX22101193
SRA	SRX22101192	GSM7843056: Retina, IgG_P14_OIR_rep1; Mus musculus; OTHER	SRA_01	2026-08-11	PRJNA1028541	removed_before_screening	REMOVE_COMPONENT_EXPERIMENT_RECORD	SRA experiment component of a BioProject/GEO study record; not counted as a separate cohort.	GSE245456		https://www.ncbi.nlm.nih.gov/sra/SRX22101192
SRA	SRX22101189	GSM7843053: Retina, H3K4me3_P17_OIR_rep2; Mus musculus; OTHER	SRA_01	2026-08-11	PRJNA1028541	removed_before_screening	REMOVE_COMPONENT_EXPERIMENT_RECORD	SRA experiment component of a BioProject/GEO study record; not counted as a separate cohort.	GSE245456		https://www.ncbi.nlm.nih.gov/sra/SRX22101189
SRA	SRX22101188	GSM7843052: Retina, H3K4me3_P17_OIR_rep1; Mus musculus; OTHER	SRA_01	2026-08-11	PRJNA1028541	removed_before_screening	REMOVE_COMPONENT_EXPERIMENT_RECORD	SRA experiment component of a BioProject/GEO study record; not counted as a separate cohort.	GSE245456		https://www.ncbi.nlm.nih.gov/sra/SRX22101188
SRA	SRX22101185	GSM7843049: Retina, H3K4me3_P14_OIR_rep2; Mus musculus; OTHER	SRA_01	2026-08-11	PRJNA1028541	removed_before_screening	REMOVE_COMPONENT_EXPERIMENT_RECORD	SRA experiment component of a BioProject/GEO study record; not counted as a separate cohort.	GSE245456		https://www.ncbi.nlm.nih.gov/sra/SRX22101185
SRA	SRX22101184	GSM7843048: Retina, H3K4me3_P14_OIR_rep1; Mus musculus; OTHER	SRA_01	2026-08-11	PRJNA1028541	removed_before_screening	REMOVE_COMPONENT_EXPERIMENT_RECORD	SRA experiment component of a BioProject/GEO study record; not counted as a separate cohort.	GSE245456		https://www.ncbi.nlm.nih.gov/sra/SRX22101184
SRA	SRX22101181	GSM7843037: Retina, H3K27ac_P17_OIR_rep2; Mus musculus; OTHER	SRA_01	2026-08-11	PRJNA1028541	removed_before_screening	REMOVE_COMPONENT_EXPERIMENT_RECORD	SRA experiment component of a BioProject/GEO study record; not counted as a separate cohort.	GSE245456		https://www.ncbi.nlm.nih.gov/sra/SRX22101181
SRA	SRX22101180	GSM7843036: Retina, H3K27ac_P17_OIR_rep1; Mus musculus; OTHER	SRA_01	2026-08-11	PRJNA1028541	removed_before_screening	REMOVE_COMPONENT_EXPERIMENT_RECORD	SRA experiment component of a BioProject/GEO study record; not counted as a separate cohort.	GSE245456		https://www.ncbi.nlm.nih.gov/sra/SRX22101180
SRA	SRX22101177	GSM7843033: Retina, H3K27ac_P14_OIR_rep2; Mus musculus; OTHER	SRA_01	2026-08-11	PRJNA1028541	removed_before_screening	REMOVE_COMPONENT_EXPERIMENT_RECORD	SRA experiment component of a BioProject/GEO study record; not counted as a separate cohort.	GSE245456		https://www.ncbi.nlm.nih.gov/sra/SRX22101177
SRA	SRX22101176	GSM7843032: Retina, H3K27ac_P14_OIR_rep1; Mus musculus; OTHER	SRA_01	2026-08-11	PRJNA1028541	removed_before_screening	REMOVE_COMPONENT_EXPERIMENT_RECORD	SRA experiment component of a BioProject/GEO study record; not counted as a separate cohort.	GSE245456		https://www.ncbi.nlm.nih.gov/sra/SRX22101176
SRA	SRX22101173	GSM7843045: Retina, H3K27me3_P17_OIR_rep2; Mus musculus; OTHER	SRA_01	2026-08-11	PRJNA1028541	removed_before_screening	REMOVE_COMPONENT_EXPERIMENT_RECORD	SRA experiment component of a BioProject/GEO study record; not counted as a separate cohort.	GSE245456		https://www.ncbi.nlm.nih.gov/sra/SRX22101173
SRA	SRX22101172	GSM7843044: Retina, H3K27me3_P17_OIR_rep1; Mus musculus; OTHER	SRA_01	2026-08-11	PRJNA1028541	removed_before_screening	REMOVE_COMPONENT_EXPERIMENT_RECORD	SRA experiment component of a BioProject/GEO study record; not counted as a separate cohort.	GSE245456		https://www.ncbi.nlm.nih.gov/sra/SRX22101172
SRA	SRX22101169	GSM7843041: Retina, H3K27me3_P14_OIR_rep2; Mus musculus; OTHER	SRA_01	2026-08-11	PRJNA1028541	removed_before_screening	REMOVE_COMPONENT_EXPERIMENT_RECORD	SRA experiment component of a BioProject/GEO study record; not counted as a separate cohort.	GSE245456		https://www.ncbi.nlm.nih.gov/sra/SRX22101169
SRA	SRX22101168	GSM7843040: Retina, H3K27me3_P14_OIR_rep1; Mus musculus; OTHER	SRA_01	2026-08-11	PRJNA1028541	removed_before_screening	REMOVE_COMPONENT_EXPERIMENT_RECORD	SRA experiment component of a BioProject/GEO study record; not counted as a separate cohort.	GSE245456		https://www.ncbi.nlm.nih.gov/sra/SRX22101168
SRA	SRX22101165	GSM7843029: Retina, Fos_P17_OIR_rep2; Mus musculus; OTHER	SRA_01	2026-08-11	PRJNA1028541	removed_before_screening	REMOVE_COMPONENT_EXPERIMENT_RECORD	SRA experiment component of a BioProject/GEO study record; not counted as a separate cohort.	GSE245456		https://www.ncbi.nlm.nih.gov/sra/SRX22101165
SRA	SRX22101164	GSM7843028: Retina, Fos_P17_OIR_rep1; Mus musculus; OTHER	SRA_01	2026-08-11	PRJNA1028541	removed_before_screening	REMOVE_COMPONENT_EXPERIMENT_RECORD	SRA experiment component of a BioProject/GEO study record; not counted as a separate cohort.	GSE245456		https://www.ncbi.nlm.nih.gov/sra/SRX22101164
SRA	SRX22101161	GSM7843025: Retina, Fos_P14_OIR_rep2; Mus musculus; OTHER	SRA_01	2026-08-11	PRJNA1028541	removed_before_screening	REMOVE_COMPONENT_EXPERIMENT_RECORD	SRA experiment component of a BioProject/GEO study record; not counted as a separate cohort.	GSE245456		https://www.ncbi.nlm.nih.gov/sra/SRX22101161
SRA	SRX22101160	GSM7843024: Retina, Fos_P14_OIR_rep1; Mus musculus; OTHER	SRA_01	2026-08-11	PRJNA1028541	removed_before_screening	REMOVE_COMPONENT_EXPERIMENT_RECORD	SRA experiment component of a BioProject/GEO study record; not counted as a separate cohort.	GSE245456		https://www.ncbi.nlm.nih.gov/sra/SRX22101160
SRA	SRX21419398	GSM7719881: Retina, 75% oxygen, rep6; Mus musculus; RNA-Seq	SRA_01	2026-08-11	PRJNA1006773	removed_before_screening	REMOVE_COMPONENT_EXPERIMENT_RECORD	SRA experiment component of a BioProject/GEO study record; not counted as a separate cohort.	GSE241239	GSE241239	https://www.ncbi.nlm.nih.gov/sra/SRX21419398
SRA	SRX21419397	GSM7719880: Retina, 75% oxygen, rep5; Mus musculus; RNA-Seq	SRA_01	2026-08-11	PRJNA1006773	removed_before_screening	REMOVE_COMPONENT_EXPERIMENT_RECORD	SRA experiment component of a BioProject/GEO study record; not counted as a separate cohort.	GSE241239	GSE241239	https://www.ncbi.nlm.nih.gov/sra/SRX21419397
SRA	SRX21419396	GSM7719879: Retina, 75% oxygen, rep4; Mus musculus; RNA-Seq	SRA_01	2026-08-11	PRJNA1006773	removed_before_screening	REMOVE_COMPONENT_EXPERIMENT_RECORD	SRA experiment component of a BioProject/GEO study record; not counted as a separate cohort.	GSE241239	GSE241239	https://www.ncbi.nlm.nih.gov/sra/SRX21419396
SRA	SRX21419395	GSM7719878: Retina, 75% oxygen, rep3; Mus musculus; RNA-Seq	SRA_01	2026-08-11	PRJNA1006773	removed_before_screening	REMOVE_COMPONENT_EXPERIMENT_RECORD	SRA experiment component of a BioProject/GEO study record; not counted as a separate cohort.	GSE241239	GSE241239	https://www.ncbi.nlm.nih.gov/sra/SRX21419395
SRA	SRX21419394	GSM7719877: Retina, 75% oxygen, rep2; Mus musculus; RNA-Seq	SRA_01	2026-08-11	PRJNA1006773	removed_before_screening	REMOVE_COMPONENT_EXPERIMENT_RECORD	SRA experiment component of a BioProject/GEO study record; not counted as a separate cohort.	GSE241239	GSE241239	https://www.ncbi.nlm.nih.gov/sra/SRX21419394
SRA	SRX21419393	GSM7719876: Retina, 75% oxygen, rep1; Mus musculus; RNA-Seq	SRA_01	2026-08-11	PRJNA1006773	removed_before_screening	REMOVE_COMPONENT_EXPERIMENT_RECORD	SRA experiment component of a BioProject/GEO study record; not counted as a separate cohort.	GSE241239	GSE241239	https://www.ncbi.nlm.nih.gov/sra/SRX21419393
SRA	SRX21419392	GSM7719875: Retina, normoxic air, rep6; Mus musculus; RNA-Seq	SRA_01	2026-08-11	PRJNA1006773	removed_before_screening	REMOVE_COMPONENT_EXPERIMENT_RECORD	SRA experiment component of a BioProject/GEO study record; not counted as a separate cohort.	GSE241239	GSE241239	https://www.ncbi.nlm.nih.gov/sra/SRX21419392
SRA	SRX21419391	GSM7719874: Retina, normoxic air, rep5; Mus musculus; RNA-Seq	SRA_01	2026-08-11	PRJNA1006773	removed_before_screening	REMOVE_COMPONENT_EXPERIMENT_RECORD	SRA experiment component of a BioProject/GEO study record; not counted as a separate cohort.	GSE241239	GSE241239	https://www.ncbi.nlm.nih.gov/sra/SRX21419391
SRA	SRX21419390	GSM7719873: Retina, normoxic air, rep4; Mus musculus; RNA-Seq	SRA_01	2026-08-11	PRJNA1006773	removed_before_screening	REMOVE_COMPONENT_EXPERIMENT_RECORD	SRA experiment component of a BioProject/GEO study record; not counted as a separate cohort.	GSE241239	GSE241239	https://www.ncbi.nlm.nih.gov/sra/SRX21419390
SRA	SRX21419389	GSM7719872: Retina, normoxic air, rep3; Mus musculus; RNA-Seq	SRA_01	2026-08-11	PRJNA1006773	removed_before_screening	REMOVE_COMPONENT_EXPERIMENT_RECORD	SRA experiment component of a BioProject/GEO study record; not counted as a separate cohort.	GSE241239	GSE241239	https://www.ncbi.nlm.nih.gov/sra/SRX21419389
SRA	SRX21419388	GSM7719871: Retina, normoxic air, rep2; Mus musculus; RNA-Seq	SRA_01	2026-08-11	PRJNA1006773	removed_before_screening	REMOVE_COMPONENT_EXPERIMENT_RECORD	SRA experiment component of a BioProject/GEO study record; not counted as a separate cohort.	GSE241239	GSE241239	https://www.ncbi.nlm.nih.gov/sra/SRX21419388
SRA	SRX21419387	GSM7719870: Retina, normoxic air, rep1; Mus musculus; RNA-Seq	SRA_01	2026-08-11	PRJNA1006773	removed_before_screening	REMOVE_COMPONENT_EXPERIMENT_RECORD	SRA experiment component of a BioProject/GEO study record; not counted as a separate cohort.	GSE241239	GSE241239	https://www.ncbi.nlm.nih.gov/sra/SRX21419387
SRA	SRX19743799	GSM7109897: OIR Socs3 cKO P13, scRNAseq; Mus musculus; RNA-Seq	SRA_01	2026-08-11	PRJNA947200	removed_before_screening	REMOVE_COMPONENT_EXPERIMENT_RECORD	SRA experiment component of a BioProject/GEO study record; not counted as a separate cohort.	GSE227861		https://www.ncbi.nlm.nih.gov/sra/SRX19743799
SRA	SRX19743798	GSM7109896: OIR WT P13, scRNAseq; Mus musculus; RNA-Seq	SRA_01	2026-08-11	PRJNA947200	removed_before_screening	REMOVE_COMPONENT_EXPERIMENT_RECORD	SRA experiment component of a BioProject/GEO study record; not counted as a separate cohort.	GSE227861		https://www.ncbi.nlm.nih.gov/sra/SRX19743798
SRA	SRX18043935	GSM6685640: OIR.P14.CD31.Sirt3KO.S129_Joyal_r2; Mus musculus; RNA-Seq	SRA_01	2026-08-11	PRJNA894955	removed_before_screening	REMOVE_COMPONENT_EXPERIMENT_RECORD	SRA experiment component of a BioProject/GEO study record; not counted as a separate cohort.	PRJNA894955		https://www.ncbi.nlm.nih.gov/sra/SRX18043935
SRA	SRX18043934	GSM6685639: OIR.P14.CD31.WT.S129_Joyal_r2; Mus musculus; RNA-Seq	SRA_01	2026-08-11	PRJNA894955	removed_before_screening	REMOVE_COMPONENT_EXPERIMENT_RECORD	SRA experiment component of a BioProject/GEO study record; not counted as a separate cohort.	PRJNA894955		https://www.ncbi.nlm.nih.gov/sra/SRX18043934
SRA	SRX18043933	GSM6685638: OIR.P14.CD31.Sirt3KO.S129_Joyal_r1; Mus musculus; RNA-Seq	SRA_01	2026-08-11	PRJNA894955	removed_before_screening	REMOVE_COMPONENT_EXPERIMENT_RECORD	SRA experiment component of a BioProject/GEO study record; not counted as a separate cohort.	PRJNA894955		https://www.ncbi.nlm.nih.gov/sra/SRX18043933
SRA	SRX18043932	GSM6685637: OIR.P14.CD31.WT.S129_Joyal_r1; Mus musculus; RNA-Seq	SRA_01	2026-08-11	PRJNA894955	removed_before_screening	REMOVE_COMPONENT_EXPERIMENT_RECORD	SRA experiment component of a BioProject/GEO study record; not counted as a separate cohort.	PRJNA894955		https://www.ncbi.nlm.nih.gov/sra/SRX18043932
SRA	SRX18043931	GSM6685636: OIR.P17.CD31.Sirt3KO.S129_Joyal_r3; Mus musculus; RNA-Seq	SRA_01	2026-08-11	PRJNA894955	removed_before_screening	REMOVE_COMPONENT_EXPERIMENT_RECORD	SRA experiment component of a BioProject/GEO study record; not counted as a separate cohort.	PRJNA894955		https://www.ncbi.nlm.nih.gov/sra/SRX18043931
SRA	SRX18043930	GSM6685635: OIR.P17.CD31.WT.S129_Joyal_r3; Mus musculus; RNA-Seq	SRA_01	2026-08-11	PRJNA894955	removed_before_screening	REMOVE_COMPONENT_EXPERIMENT_RECORD	SRA experiment component of a BioProject/GEO study record; not counted as a separate cohort.	PRJNA894955		https://www.ncbi.nlm.nih.gov/sra/SRX18043930
SRA	SRX18043929	GSM6685634: OIR.P17.CD31.Sirt3KO.S129_Joyal_r2; Mus musculus; RNA-Seq	SRA_01	2026-08-11	PRJNA894955	removed_before_screening	REMOVE_COMPONENT_EXPERIMENT_RECORD	SRA experiment component of a BioProject/GEO study record; not counted as a separate cohort.	PRJNA894955		https://www.ncbi.nlm.nih.gov/sra/SRX18043929
SRA	SRX18043928	GSM6685633: OIR.P17.CD31.WT.S129_Joyal_r2; Mus musculus; RNA-Seq	SRA_01	2026-08-11	PRJNA894955	removed_before_screening	REMOVE_COMPONENT_EXPERIMENT_RECORD	SRA experiment component of a BioProject/GEO study record; not counted as a separate cohort.	PRJNA894955		https://www.ncbi.nlm.nih.gov/sra/SRX18043928
SRA	SRX18043925	GSM6685630: OIR.P17.CD31.Sirt3KO.S129_Joyal_r1; Mus musculus; RNA-Seq	SRA_01	2026-08-11	PRJNA894955	removed_before_screening	REMOVE_COMPONENT_EXPERIMENT_RECORD	SRA experiment component of a BioProject/GEO study record; not counted as a separate cohort.	PRJNA894955		https://www.ncbi.nlm.nih.gov/sra/SRX18043925
SRA	SRX18043924	GSM6685629: OIR.P17.CD31.WT.S129_Joyal_r1; Mus musculus; RNA-Seq	SRA_01	2026-08-11	PRJNA894955	removed_before_screening	REMOVE_COMPONENT_EXPERIMENT_RECORD	SRA experiment component of a BioProject/GEO study record; not counted as a separate cohort.	PRJNA894955		https://www.ncbi.nlm.nih.gov/sra/SRX18043924
SRA	SRX16645602	GSM6381835: Caspase1 knockout mice, Retina, Hypoxia, 3 day (post OIR), rep3; Mus musculus; RNA-Seq	SRA_01	2026-08-11	PRJNA862060	removed_before_screening	REMOVE_COMPONENT_EXPERIMENT_RECORD	SRA experiment component of a BioProject/GEO study record; not counted as a separate cohort.	GSE209654		https://www.ncbi.nlm.nih.gov/sra/SRX16645602
SRA	SRX16645601	GSM6381834: Caspase1 knockout mice, Retina, Hypoxia, 3 day (post OIR), rep2; Mus musculus; RNA-Seq	SRA_01	2026-08-11	PRJNA862060	removed_before_screening	REMOVE_COMPONENT_EXPERIMENT_RECORD	SRA experiment component of a BioProject/GEO study record; not counted as a separate cohort.	GSE209654		https://www.ncbi.nlm.nih.gov/sra/SRX16645601
SRA	SRX16645600	GSM6381833: Caspase1 knockout mice, Retina, Hypoxia, 3 day (post OIR), rep1; Mus musculus; RNA-Seq	SRA_01	2026-08-11	PRJNA862060	removed_before_screening	REMOVE_COMPONENT_EXPERIMENT_RECORD	SRA experiment component of a BioProject/GEO study record; not counted as a separate cohort.	GSE209654		https://www.ncbi.nlm.nih.gov/sra/SRX16645600
SRA	SRX16645596	GSM6381829: C57BL/6 mice, Retina, Hypoxia, 3 day (post OIR), rep3; Mus musculus; RNA-Seq	SRA_01	2026-08-11	PRJNA862060	removed_before_screening	REMOVE_COMPONENT_EXPERIMENT_RECORD	SRA experiment component of a BioProject/GEO study record; not counted as a separate cohort.	GSE209654		https://www.ncbi.nlm.nih.gov/sra/SRX16645596
SRA	SRX16645595	GSM6381828: C57BL/6 mice, Retina, Hypoxia, 3 day (post OIR), rep2; Mus musculus; RNA-Seq	SRA_01	2026-08-11	PRJNA862060	removed_before_screening	REMOVE_COMPONENT_EXPERIMENT_RECORD	SRA experiment component of a BioProject/GEO study record; not counted as a separate cohort.	GSE209654		https://www.ncbi.nlm.nih.gov/sra/SRX16645595
SRA	SRX16645594	GSM6381827: C57BL/6 mice, Retina, Hypoxia, 3 day (post OIR), rep1; Mus musculus; RNA-Seq	SRA_01	2026-08-11	PRJNA862060	removed_before_screening	REMOVE_COMPONENT_EXPERIMENT_RECORD	SRA experiment component of a BioProject/GEO study record; not counted as a separate cohort.	GSE209654		https://www.ncbi.nlm.nih.gov/sra/SRX16645594
SRA	SRX14746444	GSM6021875: OIR_hyperoxic_P16_3; Mus musculus; RNA-Seq	SRA_01	2026-08-11	PRJNA823657	removed_before_screening	REMOVE_COMPONENT_EXPERIMENT_RECORD	SRA experiment component of a BioProject/GEO study record; not counted as a separate cohort.	GSE200195		https://www.ncbi.nlm.nih.gov/sra/SRX14746444
SRA	SRX14746443	GSM6021874: OIR_hyperoxic_P16_2; Mus musculus; RNA-Seq	SRA_01	2026-08-11	PRJNA823657	removed_before_screening	REMOVE_COMPONENT_EXPERIMENT_RECORD	SRA experiment component of a BioProject/GEO study record; not counted as a separate cohort.	GSE200195		https://www.ncbi.nlm.nih.gov/sra/SRX14746443
SRA	SRX14746442	GSM6021873: OIR_hyperoxic_P16_1; Mus musculus; RNA-Seq	SRA_01	2026-08-11	PRJNA823657	removed_before_screening	REMOVE_COMPONENT_EXPERIMENT_RECORD	SRA experiment component of a BioProject/GEO study record; not counted as a separate cohort.	GSE200195		https://www.ncbi.nlm.nih.gov/sra/SRX14746442
SRA	SRX14746441	GSM6021872: OIR_hyperoxic_P15_3; Mus musculus; RNA-Seq	SRA_01	2026-08-11	PRJNA823657	removed_before_screening	REMOVE_COMPONENT_EXPERIMENT_RECORD	SRA experiment component of a BioProject/GEO study record; not counted as a separate cohort.	GSE200195		https://www.ncbi.nlm.nih.gov/sra/SRX14746441
SRA	SRX14746440	GSM6021871: OIR_hyperoxic_P15_2; Mus musculus; RNA-Seq	SRA_01	2026-08-11	PRJNA823657	removed_before_screening	REMOVE_COMPONENT_EXPERIMENT_RECORD	SRA experiment component of a BioProject/GEO study record; not counted as a separate cohort.	GSE200195		https://www.ncbi.nlm.nih.gov/sra/SRX14746440
SRA	SRX14746439	GSM6021870: OIR_hyperoxic_P15_1; Mus musculus; RNA-Seq	SRA_01	2026-08-11	PRJNA823657	removed_before_screening	REMOVE_COMPONENT_EXPERIMENT_RECORD	SRA experiment component of a BioProject/GEO study record; not counted as a separate cohort.	GSE200195		https://www.ncbi.nlm.nih.gov/sra/SRX14746439
SRA	SRX14746438	GSM6021869: OIR_hyperoxic_P14_3; Mus musculus; RNA-Seq	SRA_01	2026-08-11	PRJNA823657	removed_before_screening	REMOVE_COMPONENT_EXPERIMENT_RECORD	SRA experiment component of a BioProject/GEO study record; not counted as a separate cohort.	GSE200195		https://www.ncbi.nlm.nih.gov/sra/SRX14746438
SRA	SRX14746437	GSM6021868: OIR_hyperoxic_P14_2; Mus musculus; RNA-Seq	SRA_01	2026-08-11	PRJNA823657	removed_before_screening	REMOVE_COMPONENT_EXPERIMENT_RECORD	SRA experiment component of a BioProject/GEO study record; not counted as a separate cohort.	GSE200195		https://www.ncbi.nlm.nih.gov/sra/SRX14746437
SRA	SRX14746436	GSM6021867: OIR_hyperoxic_P14_1; Mus musculus; RNA-Seq	SRA_01	2026-08-11	PRJNA823657	removed_before_screening	REMOVE_COMPONENT_EXPERIMENT_RECORD	SRA experiment component of a BioProject/GEO study record; not counted as a separate cohort.	GSE200195		https://www.ncbi.nlm.nih.gov/sra/SRX14746436
SRA	SRX14746435	GSM6021866: OIR_hyperoxic_P13_3; Mus musculus; RNA-Seq	SRA_01	2026-08-11	PRJNA823657	removed_before_screening	REMOVE_COMPONENT_EXPERIMENT_RECORD	SRA experiment component of a BioProject/GEO study record; not counted as a separate cohort.	GSE200195		https://www.ncbi.nlm.nih.gov/sra/SRX14746435
SRA	SRX14746434	GSM6021865: OIR_hyperoxic_P13_2; Mus musculus; RNA-Seq	SRA_01	2026-08-11	PRJNA823657	removed_before_screening	REMOVE_COMPONENT_EXPERIMENT_RECORD	SRA experiment component of a BioProject/GEO study record; not counted as a separate cohort.	GSE200195		https://www.ncbi.nlm.nih.gov/sra/SRX14746434
SRA	SRX14746433	GSM6021864: OIR_hyperoxic_P13_1; Mus musculus; RNA-Seq	SRA_01	2026-08-11	PRJNA823657	removed_before_screening	REMOVE_COMPONENT_EXPERIMENT_RECORD	SRA experiment component of a BioProject/GEO study record; not counted as a separate cohort.	GSE200195		https://www.ncbi.nlm.nih.gov/sra/SRX14746433
SRA	SRX14746432	GSM6021863: OIR_hyperoxic_P12_4; Mus musculus; RNA-Seq	SRA_01	2026-08-11	PRJNA823657	removed_before_screening	REMOVE_COMPONENT_EXPERIMENT_RECORD	SRA experiment component of a BioProject/GEO study record; not counted as a separate cohort.	GSE200195		https://www.ncbi.nlm.nih.gov/sra/SRX14746432
SRA	SRX14746431	GSM6021862: OIR_hyperoxic_P12_3; Mus musculus; RNA-Seq	SRA_01	2026-08-11	PRJNA823657	removed_before_screening	REMOVE_COMPONENT_EXPERIMENT_RECORD	SRA experiment component of a BioProject/GEO study record; not counted as a separate cohort.	GSE200195		https://www.ncbi.nlm.nih.gov/sra/SRX14746431
SRA	SRX14746430	GSM6021861: OIR_hyperoxic_P12_2; Mus musculus; RNA-Seq	SRA_01	2026-08-11	PRJNA823657	removed_before_screening	REMOVE_COMPONENT_EXPERIMENT_RECORD	SRA experiment component of a BioProject/GEO study record; not counted as a separate cohort.	GSE200195		https://www.ncbi.nlm.nih.gov/sra/SRX14746430
SRA	SRX14746429	GSM6021860: OIR_hyperoxic_P12_1; Mus musculus; RNA-Seq	SRA_01	2026-08-11	PRJNA823657	removed_before_screening	REMOVE_COMPONENT_EXPERIMENT_RECORD	SRA experiment component of a BioProject/GEO study record; not counted as a separate cohort.	GSE200195		https://www.ncbi.nlm.nih.gov/sra/SRX14746429
SRA	SRX14746428	GSM6021859: OIR_control_P16_3; Mus musculus; RNA-Seq	SRA_01	2026-08-11	PRJNA823657	removed_before_screening	REMOVE_COMPONENT_EXPERIMENT_RECORD	SRA experiment component of a BioProject/GEO study record; not counted as a separate cohort.	GSE200195		https://www.ncbi.nlm.nih.gov/sra/SRX14746428
SRA	SRX14746427	GSM6021858: OIR_control_P16_2; Mus musculus; RNA-Seq	SRA_01	2026-08-11	PRJNA823657	removed_before_screening	REMOVE_COMPONENT_EXPERIMENT_RECORD	SRA experiment component of a BioProject/GEO study record; not counted as a separate cohort.	GSE200195		https://www.ncbi.nlm.nih.gov/sra/SRX14746427
SRA	SRX14746426	GSM6021857: OIR_control_P16_1; Mus musculus; RNA-Seq	SRA_01	2026-08-11	PRJNA823657	removed_before_screening	REMOVE_COMPONENT_EXPERIMENT_RECORD	SRA experiment component of a BioProject/GEO study record; not counted as a separate cohort.	GSE200195		https://www.ncbi.nlm.nih.gov/sra/SRX14746426
SRA	SRX14746425	GSM6021856: OIR_control_P15_3; Mus musculus; RNA-Seq	SRA_01	2026-08-11	PRJNA823657	removed_before_screening	REMOVE_COMPONENT_EXPERIMENT_RECORD	SRA experiment component of a BioProject/GEO study record; not counted as a separate cohort.	GSE200195		https://www.ncbi.nlm.nih.gov/sra/SRX14746425
SRA	SRX14746424	GSM6021855: OIR_control_P15_2; Mus musculus; RNA-Seq	SRA_01	2026-08-11	PRJNA823657	removed_before_screening	REMOVE_COMPONENT_EXPERIMENT_RECORD	SRA experiment component of a BioProject/GEO study record; not counted as a separate cohort.	GSE200195		https://www.ncbi.nlm.nih.gov/sra/SRX14746424
SRA	SRX14746423	GSM6021854: OIR_control_P15_1; Mus musculus; RNA-Seq	SRA_01	2026-08-11	PRJNA823657	removed_before_screening	REMOVE_COMPONENT_EXPERIMENT_RECORD	SRA experiment component of a BioProject/GEO study record; not counted as a separate cohort.	GSE200195		https://www.ncbi.nlm.nih.gov/sra/SRX14746423
SRA	SRX14746422	GSM6021853: OIR_control_P14_3; Mus musculus; RNA-Seq	SRA_01	2026-08-11	PRJNA823657	removed_before_screening	REMOVE_COMPONENT_EXPERIMENT_RECORD	SRA experiment component of a BioProject/GEO study record; not counted as a separate cohort.	GSE200195		https://www.ncbi.nlm.nih.gov/sra/SRX14746422
SRA	SRX14746421	GSM6021852: OIR_control_P14_2; Mus musculus; RNA-Seq	SRA_01	2026-08-11	PRJNA823657	removed_before_screening	REMOVE_COMPONENT_EXPERIMENT_RECORD	SRA experiment component of a BioProject/GEO study record; not counted as a separate cohort.	GSE200195		https://www.ncbi.nlm.nih.gov/sra/SRX14746421
SRA	SRX14746420	GSM6021851: OIR_control_P14_1; Mus musculus; RNA-Seq	SRA_01	2026-08-11	PRJNA823657	removed_before_screening	REMOVE_COMPONENT_EXPERIMENT_RECORD	SRA experiment component of a BioProject/GEO study record; not counted as a separate cohort.	GSE200195		https://www.ncbi.nlm.nih.gov/sra/SRX14746420
SRA	SRX14746419	GSM6021850: OIR_control_P13_3; Mus musculus; RNA-Seq	SRA_01	2026-08-11	PRJNA823657	removed_before_screening	REMOVE_COMPONENT_EXPERIMENT_RECORD	SRA experiment component of a BioProject/GEO study record; not counted as a separate cohort.	GSE200195		https://www.ncbi.nlm.nih.gov/sra/SRX14746419
SRA	SRX14746418	GSM6021849: OIR_control_P13_2; Mus musculus; RNA-Seq	SRA_01	2026-08-11	PRJNA823657	removed_before_screening	REMOVE_COMPONENT_EXPERIMENT_RECORD	SRA experiment component of a BioProject/GEO study record; not counted as a separate cohort.	GSE200195		https://www.ncbi.nlm.nih.gov/sra/SRX14746418
SRA	SRX14746417	GSM6021848: OIR_control_P13_1; Mus musculus; RNA-Seq	SRA_01	2026-08-11	PRJNA823657	removed_before_screening	REMOVE_COMPONENT_EXPERIMENT_RECORD	SRA experiment component of a BioProject/GEO study record; not counted as a separate cohort.	GSE200195		https://www.ncbi.nlm.nih.gov/sra/SRX14746417
SRA	SRX14746416	GSM6021847: OIR_control_P12_4; Mus musculus; RNA-Seq	SRA_01	2026-08-11	PRJNA823657	removed_before_screening	REMOVE_COMPONENT_EXPERIMENT_RECORD	SRA experiment component of a BioProject/GEO study record; not counted as a separate cohort.	GSE200195		https://www.ncbi.nlm.nih.gov/sra/SRX14746416
SRA	SRX14746415	GSM6021846: OIR_control_P12_3; Mus musculus; RNA-Seq	SRA_01	2026-08-11	PRJNA823657	removed_before_screening	REMOVE_COMPONENT_EXPERIMENT_RECORD	SRA experiment component of a BioProject/GEO study record; not counted as a separate cohort.	GSE200195		https://www.ncbi.nlm.nih.gov/sra/SRX14746415
SRA	SRX14746414	GSM6021845: OIR_control_P12_2; Mus musculus; RNA-Seq	SRA_01	2026-08-11	PRJNA823657	removed_before_screening	REMOVE_COMPONENT_EXPERIMENT_RECORD	SRA experiment component of a BioProject/GEO study record; not counted as a separate cohort.	GSE200195		https://www.ncbi.nlm.nih.gov/sra/SRX14746414
SRA	SRX14746413	GSM6021844: OIR_control_P12_1; Mus musculus; RNA-Seq	SRA_01	2026-08-11	PRJNA823657	removed_before_screening	REMOVE_COMPONENT_EXPERIMENT_RECORD	SRA experiment component of a BioProject/GEO study record; not counted as a separate cohort.	GSE200195		https://www.ncbi.nlm.nih.gov/sra/SRX14746413
SRA	SRX14669989	GSM5984356: scRNAseq of myeloid cells from OIR mice; Mus musculus; RNA-Seq	SRA_01	2026-08-11	PRJNA821499	removed_before_screening	REMOVE_COMPONENT_EXPERIMENT_RECORD	SRA experiment component of a BioProject/GEO study record; not counted as a separate cohort.	GSE199792		https://www.ncbi.nlm.nih.gov/sra/SRX14669989
SRA	SRX13858872	GSM5830147: OIR WT-3; Mus musculus; RNA-Seq	SRA_01	2026-08-11	PRJNA799358	removed_before_screening	REMOVE_COMPONENT_EXPERIMENT_RECORD	SRA experiment component of a BioProject/GEO study record; not counted as a separate cohort.	GSE194176	GSE194176	https://www.ncbi.nlm.nih.gov/sra/SRX13858872
SRA	SRX13858871	GSM5830146: OIR WT-2; Mus musculus; RNA-Seq	SRA_01	2026-08-11	PRJNA799358	removed_before_screening	REMOVE_COMPONENT_EXPERIMENT_RECORD	SRA experiment component of a BioProject/GEO study record; not counted as a separate cohort.	GSE194176	GSE194176	https://www.ncbi.nlm.nih.gov/sra/SRX13858871
SRA	SRX13858870	GSM5830145: OIR WT-1; Mus musculus; RNA-Seq	SRA_01	2026-08-11	PRJNA799358	removed_before_screening	REMOVE_COMPONENT_EXPERIMENT_RECORD	SRA experiment component of a BioProject/GEO study record; not counted as a separate cohort.	GSE194176	GSE194176	https://www.ncbi.nlm.nih.gov/sra/SRX13858870
SRA	SRX13858869	GSM5830144: OIR KO-3; Mus musculus; RNA-Seq	SRA_01	2026-08-11	PRJNA799358	removed_before_screening	REMOVE_COMPONENT_EXPERIMENT_RECORD	SRA experiment component of a BioProject/GEO study record; not counted as a separate cohort.	GSE194176	GSE194176	https://www.ncbi.nlm.nih.gov/sra/SRX13858869
SRA	SRX13858868	GSM5830143: OIR KO-2; Mus musculus; RNA-Seq	SRA_01	2026-08-11	PRJNA799358	removed_before_screening	REMOVE_COMPONENT_EXPERIMENT_RECORD	SRA experiment component of a BioProject/GEO study record; not counted as a separate cohort.	GSE194176	GSE194176	https://www.ncbi.nlm.nih.gov/sra/SRX13858868
SRA	SRX13858867	GSM5830142: OIR KO-1; Mus musculus; RNA-Seq	SRA_01	2026-08-11	PRJNA799358	removed_before_screening	REMOVE_COMPONENT_EXPERIMENT_RECORD	SRA experiment component of a BioProject/GEO study record; not counted as a separate cohort.	GSE194176	GSE194176	https://www.ncbi.nlm.nih.gov/sra/SRX13858867
SRA	SRX10868861	GSM5293877: Enos KO retina rep 3; Mus musculus; RNA-Seq	SRA_01	2026-08-11	PRJNA729749	removed_before_screening	REMOVE_COMPONENT_EXPERIMENT_RECORD	SRA experiment component of a BioProject/GEO study record; not counted as a separate cohort.	PRJNA729749		https://www.ncbi.nlm.nih.gov/sra/SRX10868861
SRA	SRX10868860	GSM5293876: Enos KO retina rep 2; Mus musculus; RNA-Seq	SRA_01	2026-08-11	PRJNA729749	removed_before_screening	REMOVE_COMPONENT_EXPERIMENT_RECORD	SRA experiment component of a BioProject/GEO study record; not counted as a separate cohort.	PRJNA729749		https://www.ncbi.nlm.nih.gov/sra/SRX10868860
SRA	SRX10868859	GSM5293875: Enos KO retina rep 1; Mus musculus; RNA-Seq	SRA_01	2026-08-11	PRJNA729749	removed_before_screening	REMOVE_COMPONENT_EXPERIMENT_RECORD	SRA experiment component of a BioProject/GEO study record; not counted as a separate cohort.	PRJNA729749		https://www.ncbi.nlm.nih.gov/sra/SRX10868859
SRA	SRX10868858	GSM5293880: Enos WT retina rep 3; Mus musculus; RNA-Seq	SRA_01	2026-08-11	PRJNA729749	removed_before_screening	REMOVE_COMPONENT_EXPERIMENT_RECORD	SRA experiment component of a BioProject/GEO study record; not counted as a separate cohort.	PRJNA729749		https://www.ncbi.nlm.nih.gov/sra/SRX10868858
SRA	SRX10868857	GSM5293879: Enos WT retina rep 2; Mus musculus; RNA-Seq	SRA_01	2026-08-11	PRJNA729749	removed_before_screening	REMOVE_COMPONENT_EXPERIMENT_RECORD	SRA experiment component of a BioProject/GEO study record; not counted as a separate cohort.	PRJNA729749		https://www.ncbi.nlm.nih.gov/sra/SRX10868857
SRA	SRX10868856	GSM5293878: Enos WT retina rep 1; Mus musculus; RNA-Seq	SRA_01	2026-08-11	PRJNA729749	removed_before_screening	REMOVE_COMPONENT_EXPERIMENT_RECORD	SRA experiment component of a BioProject/GEO study record; not counted as a separate cohort.	PRJNA729749		https://www.ncbi.nlm.nih.gov/sra/SRX10868856
SRA	SRX8594247	GSM4629873: retinal microglia, OIR; Mus musculus; RNA-Seq	SRA_01	2026-08-11	PRJNA641006	removed_before_screening	REMOVE_COMPONENT_EXPERIMENT_RECORD	SRA experiment component of a BioProject/GEO study record; not counted as a separate cohort.	GSE152928		https://www.ncbi.nlm.nih.gov/sra/SRX8594247
Europe PMC	42237060	Dopamine inhibits retinal pathological neovascularization in the oxygen-induced retinopathy mouse model.	EPMC_01	2026-08-11	PMID:42237060	removed_before_screening	DUPLICATE_REPORT_OF_PUBMED	Duplicate bibliographic report retrieved in PubMed.			https://europepmc.org/article/MED/42237060
Europe PMC	42272073	ScRNA-seq Data Reveal Gene Upregulation and Downregulation in Oxygen-Induced Retinopathy.	EPMC_01	2026-08-11	PMID:42272073	removed_before_screening	DUPLICATE_REPORT_OF_PUBMED	Duplicate bibliographic report retrieved in PubMed.			https://europepmc.org/article/MED/42272073
Europe PMC	41534651	Non-neuronal cell microenvironment control retinal vascular remodeling by CST3 in the oxygen-induced retinopathy in mice.	EPMC_01	2026-08-11	PMID:41534651	removed_before_screening	DUPLICATE_REPORT_OF_PUBMED	Duplicate bibliographic report retrieved in PubMed.			https://europepmc.org/article/MED/41534651
Europe PMC	42057040	Comprehensive multiomics analyses identify guanylate cyclase activator 1A as a photoreceptor-specific target in a murine model of oxygen-induced retinopathy.	EPMC_01	2026-08-11	PMID:42057040	removed_before_screening	DUPLICATE_REPORT_OF_PUBMED	Duplicate bibliographic report retrieved in PubMed.			https://europepmc.org/article/MED/42057040
Europe PMC	42555755	Disrupting galectin-3 and NET-mediated microglia-neutrophil cross-talk suppresses pathological retinal angiogenesis.	EPMC_01	2026-08-11	PMID:42555755	removed_before_screening	DUPLICATE_REPORT_OF_PUBMED	Duplicate bibliographic report retrieved in PubMed.			https://europepmc.org/article/MED/42555755
Europe PMC	41944819	Attenuation of Oxygen-Induced Neovascularization and Inflammation by Neutralizing VEGFA and/or ANG-2 With an Antibody.	EPMC_01	2026-08-11	PMID:41944819	removed_before_screening	DUPLICATE_REPORT_OF_PUBMED	Duplicate bibliographic report retrieved in PubMed.	GSE315511	GSE315511	https://europepmc.org/article/MED/41944819
Europe PMC	41829920	Polyunsaturated Fatty Acid Balance Modulates Microglial State in a Murine Model of Oxygen-Induced Neovascularization.	EPMC_01	2026-08-11	PMID:41829920	removed_before_screening	DUPLICATE_REPORT_OF_PUBMED	Duplicate bibliographic report retrieved in PubMed.	GSE123945	GSE123945	https://europepmc.org/article/MED/41829920
Europe PMC	42366514	Apolipoprotein C3 Promotes Retinal Angiogenesis via the MYC Pathway in Hypoxia.	EPMC_01	2026-08-11	PMID:42366514	removed_before_screening	DUPLICATE_REPORT_OF_PUBMED	Duplicate bibliographic report retrieved in PubMed.			https://europepmc.org/article/MED/42366514
Europe PMC	41230906	PRRX1 Orchestrates Pericyte-Myofibroblast Transition in Pathological Retinal Fibrosis.	EPMC_01	2026-08-11	PMID:41230906	removed_before_screening	DUPLICATE_REPORT_OF_PUBMED	Duplicate bibliographic report retrieved in PubMed.			https://europepmc.org/article/MED/41230906
Europe PMC	42235340	Ndufa4l2 drives the pathological activation of Müller cells in ischemic retinopathy via the PI3K/AKT signaling pathway.	EPMC_01	2026-08-11	PMID:42235340	removed_before_screening	DUPLICATE_REPORT_OF_PUBMED	Duplicate bibliographic report retrieved in PubMed.			https://europepmc.org/article/MED/42235340
Europe PMC	41455369	The NLRP3 inflammasome inhibitor OLT1177 attenuates retinal neovascularization and microglial inflammation with neuroprotective effects.	EPMC_01	2026-08-11	PMID:41455369	removed_before_screening	DUPLICATE_REPORT_OF_PUBMED	Duplicate bibliographic report retrieved in PubMed.			https://europepmc.org/article/MED/41455369
Europe PMC	39916601	The HAT Inhibitor ISOX-DUAL Diminishes Ischemic Areas in a Mouse Model of Oxygen-Induced Retinopathy.	EPMC_01	2026-08-11	PMID:39916601	removed_before_screening	DUPLICATE_REPORT_OF_PUBMED	Duplicate bibliographic report retrieved in PubMed.			https://europepmc.org/article/MED/39916601
Europe PMC	PPR1090095	Polyunsaturated fatty acid balance modulates microglial state in a murine model of oxygen-induced neovascularization	EPMC_01	2026-08-11		title_abstract_and_accession_screening	NO_ADDITIONAL_ELIGIBLE_COHORT_IDENTIFIED	No additional unique eligible P17 mouse retinal transcriptomic cohort was linked from this report.			https://europepmc.org/article/PPR/PPR1090095
Europe PMC	39789310	Systemic regulation of retinal medium-chain fatty acid oxidation repletes TCA cycle flux in oxygen-induced retinopathy.	EPMC_01	2026-08-11	PMID:39789310	removed_before_screening	DUPLICATE_REPORT_OF_PUBMED	Duplicate bibliographic report retrieved in PubMed.	GSE281854;GSE281855		https://europepmc.org/article/MED/39789310
Europe PMC	42212336	Endothelial Klf9 fine-tunes Akt signaling to act as a transcriptional brake restraining retinal angiogenesis.	EPMC_01	2026-08-11	PMID:42212336	removed_before_screening	DUPLICATE_REPORT_OF_PUBMED	Duplicate bibliographic report retrieved in PubMed.			https://europepmc.org/article/MED/42212336
Europe PMC	41627954	Ythdf2 loss in microglia aggravates ischemic retinopathy by increasing microglia activation and microvascular anomalies.	EPMC_01	2026-08-11	PMID:41627954	removed_before_screening	DUPLICATE_REPORT_OF_PUBMED	Duplicate bibliographic report retrieved in PubMed.			https://europepmc.org/article/MED/41627954
Europe PMC	40042877	Fibronectin Mediates Endothelial-to-Mesenchymal Transition in Retina Angiogenesis.	EPMC_01	2026-08-11	PMID:40042877	removed_before_screening	DUPLICATE_REPORT_OF_PUBMED	Duplicate bibliographic report retrieved in PubMed.	GSE289223	GSE289223	https://europepmc.org/article/MED/40042877
Europe PMC	40964715	Nrf2 Deficiency in Müller Cells Exacerbates Pathological Neovascularization in Ischemic Retinopathy.	EPMC_01	2026-08-11	PMID:40964715	removed_before_screening	DUPLICATE_REPORT_OF_PUBMED	Duplicate bibliographic report retrieved in PubMed.	GSE304959		https://europepmc.org/article/MED/40964715
Europe PMC	41679587	The hypoxia-mediated HIF-1α/miR-381-3p signaling pathway promotes retinal neovascularization.	EPMC_01	2026-08-11	PMID:41679587	removed_before_screening	DUPLICATE_REPORT_OF_PUBMED	Duplicate bibliographic report retrieved in PubMed.			https://europepmc.org/article/MED/41679587
Europe PMC	38434621	Amelioration of oxygen-induced retinopathy in neonatal mice with fetal growth restriction.	EPMC_01	2026-08-11	PMID:38434621	removed_before_screening	DUPLICATE_REPORT_OF_PUBMED	Duplicate bibliographic report retrieved in PubMed.			https://europepmc.org/article/MED/38434621
Europe PMC	41860321	An APE1 Redox Inhibitor Attenuates Pathological Retinal Vascularization by Suppressing FGF2 Angiogenic Signaling.	EPMC_01	2026-08-11	PMID:41860321	removed_before_screening	DUPLICATE_REPORT_OF_PUBMED	Duplicate bibliographic report retrieved in PubMed.			https://europepmc.org/article/MED/41860321
Europe PMC	40924459	Sorting nexin 3 promotes ischemic retinopathy through RIP1- and RIP3-mediated myeloid cell necroptosis and mitochondrial fission.	EPMC_01	2026-08-11	PMID:40924459	removed_before_screening	DUPLICATE_REPORT_OF_PUBMED	Duplicate bibliographic report retrieved in PubMed.			https://europepmc.org/article/MED/40924459
Europe PMC	40303324	BARD1-mediated stabilization of METTL14 promotes retinal neovascularization by m6A-modifying MXD1 mRNA on a YTHDF2-dependent manner.	EPMC_01	2026-08-11	PMID:40303324	removed_before_screening	DUPLICATE_REPORT_OF_PUBMED	Duplicate bibliographic report retrieved in PubMed.			https://europepmc.org/article/MED/40303324
Europe PMC	40976555	Epac1 deletion attenuates Müller glial pathological activation and mitigates retinal neurodegeneration in ischemia-induced retinopathy.	EPMC_01	2026-08-11	PMID:40976555	removed_before_screening	DUPLICATE_REPORT_OF_PUBMED	Duplicate bibliographic report retrieved in PubMed.	GSE328096		https://europepmc.org/article/MED/40976555
Europe PMC	41116209	Alamandine inhibits pathological retinal neovascularization by targeting the MrgD-mediated HIF-1α/VEGF pathway.	EPMC_01	2026-08-11	PMID:41116209	removed_before_screening	DUPLICATE_REPORT_OF_PUBMED	Duplicate bibliographic report retrieved in PubMed.			https://europepmc.org/article/MED/41116209
Europe PMC	40748026	Bispecific Peptide Binds to VEGFR2 and Integrin αvβ3, Forming an Artificial Extracellular Matrix for Anti-Ocular Neoangiogenesis.	EPMC_01	2026-08-11	PMID:40748026	removed_before_screening	DUPLICATE_REPORT_OF_PUBMED	Duplicate bibliographic report retrieved in PubMed.			https://europepmc.org/article/MED/40748026
Europe PMC	41548765	Endothelial JMJD1C drives pathological ocular neovascularization by activating SREBF2-dependent cholesterol biosynthesis.	EPMC_01	2026-08-11	PMID:41548765	removed_before_screening	DUPLICATE_REPORT_OF_PUBMED	Duplicate bibliographic report retrieved in PubMed.			https://europepmc.org/article/MED/41548765
Europe PMC	41232620	Microglial HMOX1 drives retinal angiogenesis via modulation of endothelial STAT3 signaling.	EPMC_01	2026-08-11	PMID:41232620	removed_before_screening	DUPLICATE_REPORT_OF_PUBMED	Duplicate bibliographic report retrieved in PubMed.			https://europepmc.org/article/MED/41232620
Europe PMC	41851718	Curcuma longa-derived extracellular vesicle-like particles ameliorate retinal neovascularization through HIF-1α and NRF2 signaling.	EPMC_01	2026-08-11	PMID:41851718	removed_before_screening	DUPLICATE_REPORT_OF_PUBMED	Duplicate bibliographic report retrieved in PubMed.			https://europepmc.org/article/MED/41851718
Europe PMC	41120275	Proliferative diabetic retinopathy subtypes defined by immune defense and endothelial mitochondrial dysfunction.	EPMC_01	2026-08-11	PMID:41120275	removed_before_screening	DUPLICATE_REPORT_OF_PUBMED	Duplicate bibliographic report retrieved in PubMed.			https://europepmc.org/article/MED/41120275
Europe PMC	PPR1104278	ACE2 Phosphorylation Modulates Angiogenesis via the Activator Protein-1	EPMC_01	2026-08-11		title_abstract_and_accession_screening	NO_ADDITIONAL_ELIGIBLE_COHORT_IDENTIFIED	No additional unique eligible P17 mouse retinal transcriptomic cohort was linked from this report.			https://europepmc.org/article/PPR/PPR1104278
Europe PMC	41347875	Conformational Dynamics of PKM2 Regulate Hypoxia-Induced Pathological Retinal Angiogenesis.	EPMC_01	2026-08-11	PMID:41347875	removed_before_screening	DUPLICATE_REPORT_OF_PUBMED	Duplicate bibliographic report retrieved in PubMed.			https://europepmc.org/article/MED/41347875
Europe PMC	41104017	Endothelial &lt;i&gt;Zmiz1&lt;/i&gt; modulates developmental angiogenesis in the retina.	EPMC_01	2026-08-11	PMID:41104017	removed_before_screening	DUPLICATE_REPORT_OF_PUBMED	Duplicate bibliographic report retrieved in PubMed.			https://europepmc.org/article/MED/41104017
Europe PMC	42066435	Vitreous humor-mimetic liposomes enable effective gene delivery to the eye via intravitreal injection.	EPMC_01	2026-08-11	PMID:42066435	removed_before_screening	DUPLICATE_REPORT_OF_PUBMED	Duplicate bibliographic report retrieved in PubMed.			https://europepmc.org/article/MED/42066435
Europe PMC	40668060	Inhibition of Endothelial HIF-1α by IDF-11774 Attenuates Retinal Neovascularization and Vascular Leakage.	EPMC_01	2026-08-11	PMID:40668060	removed_before_screening	DUPLICATE_REPORT_OF_PUBMED	Duplicate bibliographic report retrieved in PubMed.			https://europepmc.org/article/MED/40668060
Europe PMC	40083923	YBX1-driven TUBB6 upregulation facilitates ocular angiogenesis via WNT3A-FZD8 pathway.	EPMC_01	2026-08-11	PMID:40083923	removed_before_screening	DUPLICATE_REPORT_OF_PUBMED	Duplicate bibliographic report retrieved in PubMed.			https://europepmc.org/article/MED/40083923
Europe PMC	39888634	Inhibition of Retinal Neovascularization by BEZ235: Targeting the Akt/4EBP1/Cyclin D1 Pathway in Endothelial Cells.	EPMC_01	2026-08-11	PMID:39888634	removed_before_screening	DUPLICATE_REPORT_OF_PUBMED	Duplicate bibliographic report retrieved in PubMed.			https://europepmc.org/article/MED/39888634
Europe PMC	38958972	Epithelial Membrane Protein 2 (EMP2) Blockade Attenuates Pathological Neovascularization in Murine Oxygen-Induced Retinopathy.	EPMC_01	2026-08-11	PMID:38958972	removed_before_screening	DUPLICATE_REPORT_OF_PUBMED	Duplicate bibliographic report retrieved in PubMed.			https://europepmc.org/article/MED/38958972
Europe PMC	40279967	Targeting mitochondrial DNA-STING-NF-κB Axis-mediated microglia activation by cryptotanshinone alleviates ischemic retinopathy.	EPMC_01	2026-08-11	PMID:40279967	removed_before_screening	DUPLICATE_REPORT_OF_PUBMED	Duplicate bibliographic report retrieved in PubMed.			https://europepmc.org/article/MED/40279967
Europe PMC	40347925	Comprehensive multi-omics and pharmacokinetics reveal sclareol's role in inhibiting ocular neovascularization.	EPMC_01	2026-08-11	PMID:40347925	removed_before_screening	DUPLICATE_REPORT_OF_PUBMED	Duplicate bibliographic report retrieved in PubMed.			https://europepmc.org/article/MED/40347925
Europe PMC	41663366	Extraocular delivery of bioswitchable tri-miR-22-loaded tetrahedral DNA nanostructures for intraocular neovascular and neurodegenerative repair.	EPMC_01	2026-08-11	PMID:41663366	removed_before_screening	DUPLICATE_REPORT_OF_PUBMED	Duplicate bibliographic report retrieved in PubMed.			https://europepmc.org/article/MED/41663366
Europe PMC	38709389	IC100, a humanized therapeutic monoclonal anti-ASC antibody alleviates oxygen-induced retinopathy in mice.	EPMC_01	2026-08-11	PMID:38709389	removed_before_screening	DUPLICATE_REPORT_OF_PUBMED	Duplicate bibliographic report retrieved in PubMed.			https://europepmc.org/article/MED/38709389
Europe PMC	39287727	Timed topical dexamethasone eye drops improve mitochondrial function to prevent severe retinopathy of prematurity.	EPMC_01	2026-08-11	PMID:39287727	removed_before_screening	DUPLICATE_REPORT_OF_PUBMED	Duplicate bibliographic report retrieved in PubMed.			https://europepmc.org/article/MED/39287727
Europe PMC	40350953	[Mechanism of action of ginsenoside Rg_2 on diabetic retinopathy and angiogenesis based on YAP/TLRs pathway].	EPMC_01	2026-08-11	PMID:40350953	removed_before_screening	DUPLICATE_REPORT_OF_PUBMED	Duplicate bibliographic report retrieved in PubMed.			https://europepmc.org/article/MED/40350953
Europe PMC	41840419	Increased CD44 Expression in Endothelial Cells Induced by Advanced Glycation End Products Leads to Insufficient Maturation of Angiogenesis.	EPMC_01	2026-08-11	PMID:41840419	removed_before_screening	DUPLICATE_REPORT_OF_PUBMED	Duplicate bibliographic report retrieved in PubMed.			https://europepmc.org/article/MED/41840419
Europe PMC	PPR939618	Cryptotanshinone Alleviates Ischemic Retinopathy by Targeting Mitochondrial DNA- STING-NF-κB Axis-Mediated Microglia Activation	EPMC_01	2026-08-11		title_abstract_and_accession_screening	NO_ADDITIONAL_ELIGIBLE_COHORT_IDENTIFIED	No additional unique eligible P17 mouse retinal transcriptomic cohort was linked from this report.			https://europepmc.org/article/PPR/PPR939618
Europe PMC	40754099	Notch activation downregulates EZH2 to thereby attenuate endothelial cell proliferation and angiogenesis via MYC destabilization.	EPMC_01	2026-08-11	PMID:40754099	removed_before_screening	DUPLICATE_REPORT_OF_PUBMED	Duplicate bibliographic report retrieved in PubMed.			https://europepmc.org/article/MED/40754099
Europe PMC	39565875	Monoclonal antibodies that block Roundabout 1 and 2 signaling target pathological ocular neovascularization through myeloid cells.	EPMC_01	2026-08-11	PMID:39565875	removed_before_screening	DUPLICATE_REPORT_OF_PUBMED	Duplicate bibliographic report retrieved in PubMed.	GSE279825		https://europepmc.org/article/MED/39565875
Europe PMC	41963275	SDF-1 Inhibition Attenuates VEGF-Driven Retinal Leukostasis and Neovascularization in Ischemic Retinopathy.	EPMC_01	2026-08-11	PMID:41963275	removed_before_screening	DUPLICATE_REPORT_OF_PUBMED	Duplicate bibliographic report retrieved in PubMed.			https://europepmc.org/article/MED/41963275
Europe PMC	40069725	Single-cell analysis identifies MKI67&lt;sup&gt;+&lt;/sup&gt; microglia as drivers of neovascularization in proliferative diabetic retinopathy.	EPMC_01	2026-08-11	PMID:40069725	removed_before_screening	DUPLICATE_REPORT_OF_PUBMED	Duplicate bibliographic report retrieved in PubMed.			https://europepmc.org/article/MED/40069725
Europe PMC	39491782	Role of angiopoietin-like 4 in neovascularization associated with retinopathy of prematurity.	EPMC_01	2026-08-11	PMID:39491782	removed_before_screening	DUPLICATE_REPORT_OF_PUBMED	Duplicate bibliographic report retrieved in PubMed.			https://europepmc.org/article/MED/39491782
Europe PMC	41240786	N-acetylcysteine amide alleviates pathological neovascularization through mitochondrial protection and energy metabolism reprogramming of vascular endothelial cells.	EPMC_01	2026-08-11	PMID:41240786	removed_before_screening	DUPLICATE_REPORT_OF_PUBMED	Duplicate bibliographic report retrieved in PubMed.			https://europepmc.org/article/MED/41240786
Europe PMC	40303351	Serine supplementation suppresses hypoxia-induced pathological retinal angiogenesis.	EPMC_01	2026-08-11	PMID:40303351	removed_before_screening	DUPLICATE_REPORT_OF_PUBMED	Duplicate bibliographic report retrieved in PubMed.			https://europepmc.org/article/MED/40303351
Europe PMC	PPR872884	Timed topical dexamethasone eye drops improve mitochondrial function to prevent severe retinopathy of prematurity.	EPMC_01	2026-08-11		title_abstract_and_accession_screening	NO_ADDITIONAL_ELIGIBLE_COHORT_IDENTIFIED	No additional unique eligible P17 mouse retinal transcriptomic cohort was linked from this report.			https://europepmc.org/article/PPR/PPR872884
Europe PMC	41817688	Integrated intraocular-plasma proteomics reveals conserved biomarkers for diabetic retinopathy progression: a multi-fluid biopsy study.	EPMC_01	2026-08-11	PMID:41817688	removed_before_screening	DUPLICATE_REPORT_OF_PUBMED	Duplicate bibliographic report retrieved in PubMed.			https://europepmc.org/article/MED/41817688
Europe PMC	38153746	Transcriptional Comparison of Human and Murine Retinal Neovascularization.	EPMC_01	2026-08-11	PMID:38153746	removed_before_screening	DUPLICATE_REPORT_OF_PUBMED	Duplicate bibliographic report retrieved in PubMed.	GSE234447	GSE234447	https://europepmc.org/article/MED/38153746
Europe PMC	38190125	Oncostatin M Reduces Pathological Neovascularization in the Retina Through Müller Cell Activation.	EPMC_01	2026-08-11	PMID:38190125	removed_before_screening	DUPLICATE_REPORT_OF_PUBMED	Duplicate bibliographic report retrieved in PubMed.	GSE227350		https://europepmc.org/article/MED/38190125
Europe PMC	38739977	Upregulation of HMOX1 associated with M2 macrophage infiltration and ferroptosis in proliferative diabetic retinopathy.	EPMC_01	2026-08-11	PMID:38739977	removed_before_screening	DUPLICATE_REPORT_OF_PUBMED	Duplicate bibliographic report retrieved in PubMed.			https://europepmc.org/article/MED/38739977
Europe PMC	39506758	m6A-methylase METTL3 promotes retinal angiogenesis through modulation of metabolic reprogramming in RPE cells.	EPMC_01	2026-08-11	PMID:39506758	removed_before_screening	DUPLICATE_REPORT_OF_PUBMED	Duplicate bibliographic report retrieved in PubMed.			https://europepmc.org/article/MED/39506758
Europe PMC	41328674	Copper Sulfide Nanoparticles Protect Against Fundus Neovascularization Diseases and Inhibit NF-κB Signaling Pathway.	EPMC_01	2026-08-11	PMID:41328674	removed_before_screening	DUPLICATE_REPORT_OF_PUBMED	Duplicate bibliographic report retrieved in PubMed.			https://europepmc.org/article/MED/41328674
Europe PMC	PPR875526	Endothelial Zmiz1 modulates physiological and pathophysiological angiogenesis during retinal development	EPMC_01	2026-08-11		title_abstract_and_accession_screening	NO_ADDITIONAL_ELIGIBLE_COHORT_IDENTIFIED	No additional unique eligible P17 mouse retinal transcriptomic cohort was linked from this report.			https://europepmc.org/article/PPR/PPR875526
Europe PMC	38505600	G protein subunit alpha i2's pivotal role in angiogenesis.	EPMC_01	2026-08-11	PMID:38505600	removed_before_screening	DUPLICATE_REPORT_OF_PUBMED	Duplicate bibliographic report retrieved in PubMed.			https://europepmc.org/article/MED/38505600
Europe PMC	35282140	MicroRNA Expression Analysis of Mice Retinas with Oxygen-Induced Retinopathy by RNA Sequencing.	EPMC_01	2026-08-11	PMID:35282140	removed_before_screening	DUPLICATE_REPORT_OF_PUBMED	Duplicate bibliographic report retrieved in PubMed.			https://europepmc.org/article/MED/35282140
Europe PMC	39153705	The STAT1-SLC31A1 axis: Potential regulation of cuproptosis in diabetic retinopathy.	EPMC_01	2026-08-11	PMID:39153705	removed_before_screening	DUPLICATE_REPORT_OF_PUBMED	Duplicate bibliographic report retrieved in PubMed.			https://europepmc.org/article/MED/39153705
Europe PMC	PPR734052	Copper oxide nanoparticles suppress retinal angiogenesis via inducing endothelial cell cuproptosis	EPMC_01	2026-08-11		title_abstract_and_accession_screening	NO_ADDITIONAL_ELIGIBLE_COHORT_IDENTIFIED	No additional unique eligible P17 mouse retinal transcriptomic cohort was linked from this report.			https://europepmc.org/article/PPR/PPR734052
Europe PMC	37942611	FAM222A, Part of the BET-Regulated Basal Endothelial Transcriptome, Is a Novel Determinant of Endothelial Biology and Angiogenesis-Brief Report.	EPMC_01	2026-08-11	PMID:37942611	removed_before_screening	DUPLICATE_REPORT_OF_PUBMED	Duplicate bibliographic report retrieved in PubMed.			https://europepmc.org/article/MED/37942611
Europe PMC	35584758	N<sup>6</sup>-methyladenosine modifications of mRNAs and long noncoding RNAs in oxygen-induced retinopathy in mice.	EPMC_01	2026-08-11	PMID:35584758	removed_before_screening	DUPLICATE_REPORT_OF_PUBMED	Duplicate bibliographic report retrieved in PubMed.			https://europepmc.org/article/MED/35584758
Europe PMC	38027065	AAV2-antiVEGFscFv gene therapy for retinal neovascularization.	EPMC_01	2026-08-11	PMID:38027065	removed_before_screening	DUPLICATE_REPORT_OF_PUBMED	Duplicate bibliographic report retrieved in PubMed.			https://europepmc.org/article/MED/38027065
Europe PMC	40305885	Ref-1 redox activity modulates canonical Wnt signaling in endothelial cells.	EPMC_01	2026-08-11	PMID:40305885	removed_before_screening	DUPLICATE_REPORT_OF_PUBMED	Duplicate bibliographic report retrieved in PubMed.			https://europepmc.org/article/MED/40305885
Europe PMC	31578039	Short- and long-term impact of hyperoxia on the blood and retinal cells' transcriptome in a mouse model of oxygen-induced retinopathy.	EPMC_01	2026-08-11	PMID:31578039	removed_before_screening	DUPLICATE_REPORT_OF_PUBMED	Duplicate bibliographic report retrieved in PubMed.			https://europepmc.org/article/MED/31578039
Europe PMC	39946136	Targeting Runx1 in Pathological Retinal Angiogenesis: A Potential Therapeutic Approach.	EPMC_01	2026-08-11	PMID:39946136	removed_before_screening	DUPLICATE_REPORT_OF_PUBMED	Duplicate bibliographic report retrieved in PubMed.			https://europepmc.org/article/MED/39946136
Europe PMC	35366885	Graphene quantum dots rescue angiogenic retinopathy via blocking STAT3/Periostin/ERK signaling.	EPMC_01	2026-08-11	PMID:35366885	removed_before_screening	DUPLICATE_REPORT_OF_PUBMED	Duplicate bibliographic report retrieved in PubMed.			https://europepmc.org/article/MED/35366885
Europe PMC	PPR453087	Graphene quantum dots rescue angiogenic retinopathy via blocking STAT3/Periostin/ERK signaling	EPMC_01	2026-08-11		title_abstract_and_accession_screening	NO_ADDITIONAL_ELIGIBLE_COHORT_IDENTIFIED	No additional unique eligible P17 mouse retinal transcriptomic cohort was linked from this report.			https://europepmc.org/article/PPR/PPR453087
Europe PMC	38509306	RNA-binding proteins potentially regulate the alternative splicing of cell cycle-associated genes in proliferative diabetic retinopathy.	EPMC_01	2026-08-11	PMID:38509306	removed_before_screening	DUPLICATE_REPORT_OF_PUBMED	Duplicate bibliographic report retrieved in PubMed.			https://europepmc.org/article/MED/38509306
Europe PMC	39790557	Endothelial activating transcription factor 3 promotes angiogenesis and vascular repair in the mouse retina.	EPMC_01	2026-08-11	PMID:39790557	removed_before_screening	DUPLICATE_REPORT_OF_PUBMED	Duplicate bibliographic report retrieved in PubMed.			https://europepmc.org/article/MED/39790557
Europe PMC	32150307	Temporospatial distribution and transcriptional profile of retinal microglia in the oxygen-induced retinopathy mouse model.	EPMC_01	2026-08-11	PMID:32150307	removed_before_screening	DUPLICATE_REPORT_OF_PUBMED	Duplicate bibliographic report retrieved in PubMed.	GSE132731	GSE132731	https://europepmc.org/article/MED/32150307
Europe PMC	34321516	Gene expression profile of the murine ischemic retina and its response to Aflibercept (VEGF-Trap).	EPMC_01	2026-08-11	PMID:34321516	removed_before_screening	DUPLICATE_REPORT_OF_PUBMED	Duplicate bibliographic report retrieved in PubMed.	GSE124956;GSE137705	GSE124956	https://europepmc.org/article/MED/34321516
Europe PMC	37441592	Tsp-1<sup>+</sup> microglia attenuate retinal neovascularization by maintaining the expression of Smad3 in endothelial cells through exosomes with decreased miR-27a-5p.	EPMC_01	2026-08-11	PMID:37441592	removed_before_screening	DUPLICATE_REPORT_OF_PUBMED	Duplicate bibliographic report retrieved in PubMed.			https://europepmc.org/article/MED/37441592
Europe PMC	36794165	m<sup>6</sup>A modifications of circular RNAs in ischemia-induced retinal neovascularization.	EPMC_01	2026-08-11	PMID:36794165	removed_before_screening	DUPLICATE_REPORT_OF_PUBMED	Duplicate bibliographic report retrieved in PubMed.			https://europepmc.org/article/MED/36794165
Europe PMC	32031575	Epithelial Membrane Protein 2 (EMP2) Promotes VEGF-Induced Pathological Neovascularization in Murine Oxygen-Induced Retinopathy.	EPMC_01	2026-08-11	PMID:32031575	removed_before_screening	DUPLICATE_REPORT_OF_PUBMED	Duplicate bibliographic report retrieved in PubMed.			https://europepmc.org/article/MED/32031575
Europe PMC	34690760	Effect of Probenecid on Endothelial Cell Growth Rate and Retinal Angiogenesis in an Oxygen-Induced Retinopathy Model.	EPMC_01	2026-08-11	PMID:34690760	removed_before_screening	DUPLICATE_REPORT_OF_PUBMED	Duplicate bibliographic report retrieved in PubMed.			https://europepmc.org/article/MED/34690760
Europe PMC	34971428	eNOS controls angiogenic sprouting and retinal neovascularization through the regulation of endothelial cell polarity.	EPMC_01	2026-08-11	PMID:34971428	removed_before_screening	DUPLICATE_REPORT_OF_PUBMED	Duplicate bibliographic report retrieved in PubMed.	GSE174400		https://europepmc.org/article/MED/34971428
Europe PMC	32053824	Transcriptome analysis reveals dysregulation of genes involved in oxidative phosphorylation in a murine model of retinopathy of prematurity.	EPMC_01	2026-08-11	PMID:32053824	removed_before_screening	DUPLICATE_REPORT_OF_PUBMED	Duplicate bibliographic report retrieved in PubMed.			https://europepmc.org/article/MED/32053824
Europe PMC	36675807	Microglia-Derived Spp1 Promotes Pathological Retinal Neovascularization via Activating Endothelial Kit/Akt/mTOR Signaling.	EPMC_01	2026-08-11	PMID:36675807	removed_before_screening	DUPLICATE_REPORT_OF_PUBMED	Duplicate bibliographic report retrieved in PubMed.			https://europepmc.org/article/MED/36675807
Europe PMC	36942311	Exosomes incorporated with black phosphorus quantum dots attenuate retinal angiogenesis via disrupting glucose metabolism.	EPMC_01	2026-08-11	PMID:36942311	removed_before_screening	DUPLICATE_REPORT_OF_PUBMED	Duplicate bibliographic report retrieved in PubMed.			https://europepmc.org/article/MED/36942311
Europe PMC	32714074	Small RNA Sequencing Reveals Transfer RNA-derived Small RNA Expression Profiles in Retinal Neovascularization.	EPMC_01	2026-08-11	PMID:32714074	removed_before_screening	DUPLICATE_REPORT_OF_PUBMED	Duplicate bibliographic report retrieved in PubMed.			https://europepmc.org/article/MED/32714074
Europe PMC	35455951	HIF-1-Dependent Induction of β3 Adrenoceptor: Evidence from the Mouse Retina.	EPMC_01	2026-08-11	PMID:35455951	removed_before_screening	DUPLICATE_REPORT_OF_PUBMED	Duplicate bibliographic report retrieved in PubMed.			https://europepmc.org/article/MED/35455951
Europe PMC	31171905	Microarray Analysis of Long Non-Coding RNAs and Messenger RNAs in a Mouse Model of Oxygen-Induced Retinopathy.	EPMC_01	2026-08-11	PMID:31171905	removed_before_screening	DUPLICATE_REPORT_OF_PUBMED	Duplicate bibliographic report retrieved in PubMed.			https://europepmc.org/article/MED/31171905
Europe PMC	31314602	Stanniocalcin-1 is a Modifier of Oxygen-Induced Retinopathy Severity.	EPMC_01	2026-08-11	PMID:31314602	removed_before_screening	DUPLICATE_REPORT_OF_PUBMED	Duplicate bibliographic report retrieved in PubMed.			https://europepmc.org/article/MED/31314602
Europe PMC	32346884	Overexpression of miR-181a-5p inhibits retinal neovascularization through endocan and the ERK1/2 signaling pathway.	EPMC_01	2026-08-11	PMID:32346884	removed_before_screening	DUPLICATE_REPORT_OF_PUBMED	Duplicate bibliographic report retrieved in PubMed.			https://europepmc.org/article/MED/32346884
Europe PMC	36322719	Anti-angiogenic properties of microRNA-29a in preclinical ocular models.	EPMC_01	2026-08-11	PMID:36322719	removed_before_screening	DUPLICATE_REPORT_OF_PUBMED	Duplicate bibliographic report retrieved in PubMed.			https://europepmc.org/article/MED/36322719
Europe PMC	31131231	Identification of altered microRNAs in retinas of mice with oxygen-induced retinopathy.	EPMC_01	2026-08-11	PMID:31131231	removed_before_screening	DUPLICATE_REPORT_OF_PUBMED	Duplicate bibliographic report retrieved in PubMed.	GSE115949		https://europepmc.org/article/MED/31131231
Europe PMC	37213234	Oxygen-induced pathological angiogenesis promotes intense lipid synthesis and remodeling in the retina.	EPMC_01	2026-08-11	PMID:37213234	removed_before_screening	DUPLICATE_REPORT_OF_PUBMED	Duplicate bibliographic report retrieved in PubMed.			https://europepmc.org/article/MED/37213234
Europe PMC	31672944	Progenitor cell combination normalizes retinal vascular development in the oxygen-induced retinopathy (OIR) model.	EPMC_01	2026-08-11	PMID:31672944	removed_before_screening	DUPLICATE_REPORT_OF_PUBMED	Duplicate bibliographic report retrieved in PubMed.	GSE135844	GSE135844	https://europepmc.org/article/MED/31672944
Europe PMC	35814887	Ultrasound-targeted cationic microbubble-mediated gene transfection and inhibition of retinal neovascularization.	EPMC_01	2026-08-11	PMID:35814887	removed_before_screening	DUPLICATE_REPORT_OF_PUBMED	Duplicate bibliographic report retrieved in PubMed.			https://europepmc.org/article/MED/35814887
Europe PMC	35980290	MiR-375 mitigates retinal angiogenesis by depressing the JAK2/STAT3 pathway.	EPMC_01	2026-08-11	PMID:35980290	removed_before_screening	DUPLICATE_REPORT_OF_PUBMED	Duplicate bibliographic report retrieved in PubMed.			https://europepmc.org/article/MED/35980290
Europe PMC	31692917	Identifying circRNA-associated-ceRNA networks in retinal neovascularization in mice.	EPMC_01	2026-08-11	PMID:31692917	removed_before_screening	DUPLICATE_REPORT_OF_PUBMED	Duplicate bibliographic report retrieved in PubMed.			https://europepmc.org/article/MED/31692917
Europe PMC	31452702	Oxygen-induced circRNA profiles and coregulatory networks in a retinopathy of prematurity mouse model.	EPMC_01	2026-08-11	PMID:31452702	removed_before_screening	DUPLICATE_REPORT_OF_PUBMED	Duplicate bibliographic report retrieved in PubMed.			https://europepmc.org/article/MED/31452702
Europe PMC	27922698	Differentially expressed miRNAs in oxygen‑induced retinopathy newborn mouse models.	EPMC_01	2026-08-11	PMID:27922698	removed_before_screening	DUPLICATE_REPORT_OF_PUBMED	Duplicate bibliographic report retrieved in PubMed.			https://europepmc.org/article/MED/27922698
Europe PMC	31846472	A transcriptome-based signature of pathological angiogenesis predicts breast cancer patient survival.	EPMC_01	2026-08-11	PMID:31846472	removed_before_screening	DUPLICATE_REPORT_OF_PUBMED	Duplicate bibliographic report retrieved in PubMed.			https://europepmc.org/article/MED/31846472
Europe PMC	33975909	Tribbles Homolog 3 Mediates the Development and Progression of Diabetic Retinopathy.	EPMC_01	2026-08-11	PMID:33975909	removed_before_screening	DUPLICATE_REPORT_OF_PUBMED	Duplicate bibliographic report retrieved in PubMed.			https://europepmc.org/article/MED/33975909
Europe PMC	34469714	Competing endogenous RNA network associated with oxygen-induced retinopathy: Expression of the network and identification of the MALAT1/miR-124-3p/EGR1 regulatory axis.	EPMC_01	2026-08-11	PMID:34469714	removed_before_screening	DUPLICATE_REPORT_OF_PUBMED	Duplicate bibliographic report retrieved in PubMed.			https://europepmc.org/article/MED/34469714
Europe PMC	36870288	Role of Adrenomedullin 2/Intermedin in the Pathogenesis of Neovascular Age-Related Macular Degeneration.	EPMC_01	2026-08-11	PMID:36870288	removed_before_screening	DUPLICATE_REPORT_OF_PUBMED	Duplicate bibliographic report retrieved in PubMed.			https://europepmc.org/article/MED/36870288
Europe PMC	30097694	Anti-angiogenic effects of the DPP-4 inhibitor linagliptin via inhibition of VEGFR signalling in the mouse model of oxygen-induced retinopathy.	EPMC_01	2026-08-11	PMID:30097694	removed_before_screening	DUPLICATE_REPORT_OF_PUBMED	Duplicate bibliographic report retrieved in PubMed.			https://europepmc.org/article/MED/30097694
Europe PMC	34999209	Targeting circular RNA-MET for anti-angiogenesis treatment via inhibiting endothelial tip cell specialization.	EPMC_01	2026-08-11	PMID:34999209	removed_before_screening	DUPLICATE_REPORT_OF_PUBMED	Duplicate bibliographic report retrieved in PubMed.			https://europepmc.org/article/MED/34999209
Europe PMC	37215579	Single-cell RNA sequencing reveals a unique pericyte type associated with capillary dysfunction.	EPMC_01	2026-08-11	PMID:37215579	removed_before_screening	DUPLICATE_REPORT_OF_PUBMED	Duplicate bibliographic report retrieved in PubMed.			https://europepmc.org/article/MED/37215579
Europe PMC	37322431	Galectin-1-dependent ceRNA network in HRMECs revealed its association with retinal neovascularization.	EPMC_01	2026-08-11	PMID:37322431	removed_before_screening	DUPLICATE_REPORT_OF_PUBMED	Duplicate bibliographic report retrieved in PubMed.			https://europepmc.org/article/MED/37322431
Europe PMC	756229	The role of inflammation in retinal ischaemia	EPMC_01	2026-08-11		title_abstract_and_accession_screening	NO_ADDITIONAL_ELIGIBLE_COHORT_IDENTIFIED	No additional unique eligible P17 mouse retinal transcriptomic cohort was linked from this report.			https://europepmc.org/article/ETH/756229
Europe PMC	27091985	Comparative systems pharmacology of HIF stabilization in the prevention of retinopathy of prematurity.	EPMC_01	2026-08-11	PMID:27091985	removed_before_screening	DUPLICATE_REPORT_OF_PUBMED	Duplicate bibliographic report retrieved in PubMed.	GSE74170		https://europepmc.org/article/MED/27091985
Europe PMC	31199961	The long dystrophin gene product Dp427 modulates retinal function and vascular morphology in response to age and retinal ischemia.	EPMC_01	2026-08-11	PMID:31199961	removed_before_screening	DUPLICATE_REPORT_OF_PUBMED	Duplicate bibliographic report retrieved in PubMed.			https://europepmc.org/article/MED/31199961
Europe PMC	37179352	Vascular cell-adhesion molecule 1 (VCAM-1) regulates JunB-mediated IL-8/CXCL1 expression and pathological neovascularization.	EPMC_01	2026-08-11	PMID:37179352	removed_before_screening	DUPLICATE_REPORT_OF_PUBMED	Duplicate bibliographic report retrieved in PubMed.	GSE209654		https://europepmc.org/article/MED/37179352
Europe PMC	27653551	Retinal expression of small non-coding RNAs in a murine model of proliferative retinopathy.	EPMC_01	2026-08-11	PMID:27653551	removed_before_screening	DUPLICATE_REPORT_OF_PUBMED	Duplicate bibliographic report retrieved in PubMed.			https://europepmc.org/article/MED/27653551
Europe PMC	26264147	Inhibitory effect of Samul-tang on retinal neovascularization in oxygen-induced retinopathy.	EPMC_01	2026-08-11	PMID:26264147	removed_before_screening	DUPLICATE_REPORT_OF_PUBMED	Duplicate bibliographic report retrieved in PubMed.			https://europepmc.org/article/MED/26264147
Europe PMC	28469167	Interplay between CCN1 and Wnt5a in endothelial cells and pericytes determines the angiogenic outcome in a model of ischemic retinopathy.	EPMC_01	2026-08-11	PMID:28469167	removed_before_screening	DUPLICATE_REPORT_OF_PUBMED	Duplicate bibliographic report retrieved in PubMed.			https://europepmc.org/article/MED/28469167
Europe PMC	PPR494278	Detailed investigation on the role of lipid metabolizing enzymes in the pathogenesis of retinopathy of prematurity among preterm infants	EPMC_01	2026-08-11		title_abstract_and_accession_screening	NO_ADDITIONAL_ELIGIBLE_COHORT_IDENTIFIED	No additional unique eligible P17 mouse retinal transcriptomic cohort was linked from this report.			https://europepmc.org/article/PPR/PPR494278
Europe PMC	32444495	Disruption of profilin1 function suppresses developmental and pathological retinal neovascularization.	EPMC_01	2026-08-11	PMID:32444495	removed_before_screening	DUPLICATE_REPORT_OF_PUBMED	Duplicate bibliographic report retrieved in PubMed.			https://europepmc.org/article/MED/32444495
Europe PMC	23942974	Modulation of angiogenesis by genetic manipulation of ATF4 in mouse model of oxygen-induced retinopathy [corrected].	EPMC_01	2026-08-11	PMID:23942974	removed_before_screening	DUPLICATE_REPORT_OF_PUBMED	Duplicate bibliographic report retrieved in PubMed.			https://europepmc.org/article/MED/23942974
Europe PMC	36264636	Single-cell transcriptome analyses reveal microglia types associated with proliferative retinopathy.	EPMC_01	2026-08-11	PMID:36264636	removed_before_screening	DUPLICATE_REPORT_OF_PUBMED	Duplicate bibliographic report retrieved in PubMed.	GSE199792		https://europepmc.org/article/MED/36264636
Europe PMC	20220049	Gene expression profile of hyperoxic and hypoxic retinas in a mouse model of oxygen-induced retinopathy.	EPMC_01	2026-08-11	PMID:20220049	removed_before_screening	DUPLICATE_REPORT_OF_PUBMED	Duplicate bibliographic report retrieved in PubMed.	GSE19886		https://europepmc.org/article/MED/20220049
Europe PMC	30250985	Contribution of the clock gene DEC2 to VEGF mRNA upregulation by modulation of HIF1α protein levels in hypoxic MIO-M1 cells, a human cell line of retinal glial (Müller) cells.	EPMC_01	2026-08-11	PMID:30250985	removed_before_screening	DUPLICATE_REPORT_OF_PUBMED	Duplicate bibliographic report retrieved in PubMed.			https://europepmc.org/article/MED/30250985
Europe PMC	23592914	Profiling of genes associated with the murine model of oxygen-induced retinopathy.	EPMC_01	2026-08-11	PMID:23592914	removed_before_screening	DUPLICATE_REPORT_OF_PUBMED	Duplicate bibliographic report retrieved in PubMed.	GSE38762		https://europepmc.org/article/MED/23592914
Europe PMC	28400392	Identification of RUNX1 as a Mediator of Aberrant Retinal Angiogenesis.	EPMC_01	2026-08-11	PMID:28400392	removed_before_screening	DUPLICATE_REPORT_OF_PUBMED	Duplicate bibliographic report retrieved in PubMed.			https://europepmc.org/article/MED/28400392
Europe PMC	18838407	Comprehensive gene-expression profile in murine oxygen-induced retinopathy.	EPMC_01	2026-08-11	PMID:18838407	removed_before_screening	DUPLICATE_REPORT_OF_PUBMED	Duplicate bibliographic report retrieved in PubMed.			https://europepmc.org/article/MED/18838407
Europe PMC	22491401	Propranolol inhibition of β-adrenergic receptor does not suppress pathologic neovascularization in oxygen-induced retinopathy.	EPMC_01	2026-08-11	PMID:22491401	removed_before_screening	DUPLICATE_REPORT_OF_PUBMED	Duplicate bibliographic report retrieved in PubMed.			https://europepmc.org/article/MED/22491401
Europe PMC	21912378	Bone marrow-derived monocyte lineage cells recruited by MIP-1β promote physiological revascularization in mouse model of oxygen-induced retinopathy.	EPMC_01	2026-08-11	PMID:21912378	removed_before_screening	DUPLICATE_REPORT_OF_PUBMED	Duplicate bibliographic report retrieved in PubMed.			https://europepmc.org/article/MED/21912378
Europe PMC	24106122	Involvement of Nox2 NADPH oxidase in retinal neovascularization.	EPMC_01	2026-08-11	PMID:24106122	removed_before_screening	DUPLICATE_REPORT_OF_PUBMED	Duplicate bibliographic report retrieved in PubMed.			https://europepmc.org/article/MED/24106122
Europe PMC	27658786	An Eye on Age-Related Macular Degeneration: The Role of MicroRNAs in Disease Pathology.	EPMC_01	2026-08-11	PMID:27658786	removed_before_screening	DUPLICATE_REPORT_OF_PUBMED	Duplicate bibliographic report retrieved in PubMed.			https://europepmc.org/article/MED/27658786
Europe PMC	22714897	β-LGND2, an ERβ selective agonist, inhibits pathologic retinal neovascularization.	EPMC_01	2026-08-11	PMID:22714897	removed_before_screening	DUPLICATE_REPORT_OF_PUBMED	Duplicate bibliographic report retrieved in PubMed.			https://europepmc.org/article/MED/22714897
Europe PMC	20610844	Genetic inactivation of the adenosine A2A receptor attenuates pathologic but not developmental angiogenesis in the mouse retina.	EPMC_01	2026-08-11	PMID:20610844	removed_before_screening	DUPLICATE_REPORT_OF_PUBMED	Duplicate bibliographic report retrieved in PubMed.			https://europepmc.org/article/MED/20610844
Europe PMC	19834031	Identification of genes and pathways involved in retinal neovascularization by microarray analysis of two animal models of retinal angiogenesis.	EPMC_01	2026-08-11	PMID:19834031	removed_before_screening	DUPLICATE_REPORT_OF_PUBMED	Duplicate bibliographic report retrieved in PubMed.			https://europepmc.org/article/MED/19834031
Europe PMC	16259558	Adeno-associated virus-mediated expression of vascular endothelial growth factor peptides inhibits retinal neovascularization in a mouse model of oxygen-induced retinopathy.	EPMC_01	2026-08-11	PMID:16259558	removed_before_screening	DUPLICATE_REPORT_OF_PUBMED	Duplicate bibliographic report retrieved in PubMed.			https://europepmc.org/article/MED/16259558
Europe PMC	24566275	Anti-angiogenic effect of bare titanium dioxide nanoparticles on pathologic neovascularization without unbearable toxicity.	EPMC_01	2026-08-11	PMID:24566275	removed_before_screening	DUPLICATE_REPORT_OF_PUBMED	Duplicate bibliographic report retrieved in PubMed.			https://europepmc.org/article/MED/24566275
Europe PMC	24875598	Hypoxia-mediated retinal neovascularization and vascular leakage in diabetic retina is suppressed by HIF-1α destabilization by SH-1242 and SH-1280, novel hsp90 inhibitors.	EPMC_01	2026-08-11	PMID:24875598	removed_before_screening	DUPLICATE_REPORT_OF_PUBMED	Duplicate bibliographic report retrieved in PubMed.			https://europepmc.org/article/MED/24875598
Europe PMC	21414312	Inhibition of hypoxia-induced retinal neovascularization in mice with short hairpin RNA targeting Rac1, possibly via blockading redox signaling.	EPMC_01	2026-08-11	PMID:21414312	removed_before_screening	DUPLICATE_REPORT_OF_PUBMED	Duplicate bibliographic report retrieved in PubMed.			https://europepmc.org/article/MED/21414312
Europe PMC	26242736	Single and Compound Knock-outs of MicroRNA (miRNA)-155 and Its Angiogenic Gene Target CCN1 in Mice Alter Vascular and Neovascular Growth in the Retina via Resident Microglia.	EPMC_01	2026-08-11	PMID:26242736	removed_before_screening	DUPLICATE_REPORT_OF_PUBMED	Duplicate bibliographic report retrieved in PubMed.			https://europepmc.org/article/MED/26242736
Europe PMC	23048035	Connective tissue growth factor regulates retinal neovascularization through p53 protein-dependent transactivation of the matrix metalloproteinase (MMP)-2 gene.	EPMC_01	2026-08-11	PMID:23048035	removed_before_screening	DUPLICATE_REPORT_OF_PUBMED	Duplicate bibliographic report retrieved in PubMed.			https://europepmc.org/article/MED/23048035
Europe PMC	17065527	Pathological but not physiological retinal neovascularization is altered in TNF-Rp55-receptor-deficient mice.	EPMC_01	2026-08-11	PMID:17065527	removed_before_screening	DUPLICATE_REPORT_OF_PUBMED	Duplicate bibliographic report retrieved in PubMed.			https://europepmc.org/article/MED/17065527
Europe PMC	19718802	N-hydroxy-7-(2-naphthylthio) heptanomide inhibits retinal and choroidal angiogenesis.	EPMC_01	2026-08-11	PMID:19718802	removed_before_screening	DUPLICATE_REPORT_OF_PUBMED	Duplicate bibliographic report retrieved in PubMed.			https://europepmc.org/article/MED/19718802
Europe PMC	24947526	Endothelial deletion of phospholipase D2 reduces hypoxic response and pathological angiogenesis.	EPMC_01	2026-08-11	PMID:24947526	removed_before_screening	DUPLICATE_REPORT_OF_PUBMED	Duplicate bibliographic report retrieved in PubMed.			https://europepmc.org/article/MED/24947526
Europe PMC	23959876	Hypoxic retinal Muller cells promote vascular permeability by HIF-1-dependent up-regulation of angiopoietin-like 4.	EPMC_01	2026-08-11	PMID:23959876	removed_before_screening	DUPLICATE_REPORT_OF_PUBMED	Duplicate bibliographic report retrieved in PubMed.			https://europepmc.org/article/MED/23959876
Europe PMC	16198337	Downregulation of vascular endothelial growth factor and integrinbeta3 by endostatin in a mouse model of retinal neovascularization.	EPMC_01	2026-08-11	PMID:16198337	removed_before_screening	DUPLICATE_REPORT_OF_PUBMED	Duplicate bibliographic report retrieved in PubMed.			https://europepmc.org/article/MED/16198337
Europe PMC	23798676	Degradome products of the matricellular protein CCN1 as modulators of pathological angiogenesis in the retina.	EPMC_01	2026-08-11	PMID:23798676	removed_before_screening	DUPLICATE_REPORT_OF_PUBMED	Duplicate bibliographic report retrieved in PubMed.			https://europepmc.org/article/MED/23798676
Europe PMC	17685494	Helper-dependent adenovirus for the gene therapy of proliferative retinopathies: stable gene transfer, regulated gene expression and therapeutic efficacy.	EPMC_01	2026-08-11	PMID:17685494	removed_before_screening	DUPLICATE_REPORT_OF_PUBMED	Duplicate bibliographic report retrieved in PubMed.			https://europepmc.org/article/MED/17685494
Europe PMC	21731737	Blockade of VEGFR1 and 2 suppresses pathological angiogenesis and vascular leakage in the eye.	EPMC_01	2026-08-11	PMID:21731737	removed_before_screening	DUPLICATE_REPORT_OF_PUBMED	Duplicate bibliographic report retrieved in PubMed.			https://europepmc.org/article/MED/21731737
BioStudies	S-EPMC10178533	Proteomics Analysis of R-Ras Deficiency in Oxygen Induced Retinopathy.	BIOSTUDIES_01	2026-08-11	10178533	removed_before_screening	DUPLICATE_LITERATURE_OR_REPOSITORY_MIRROR	Mirror of a literature or linked repository record; not a separate cohort.			https://www.ebi.ac.uk/biostudies/studies/S-EPMC10178533
BioStudies	S-EPMC8913133	MicroRNA Expression Analysis of Mice Retinas with Oxygen-Induced Retinopathy by RNA Sequencing.	BIOSTUDIES_01	2026-08-11	8913133	removed_before_screening	DUPLICATE_LITERATURE_OR_REPOSITORY_MIRROR	Mirror of a literature or linked repository record; not a separate cohort.			https://www.ebi.ac.uk/biostudies/studies/S-EPMC8913133
BioStudies	S-EPMC4456185	Proteomic profiling of the retinas in a neonatal rat model of oxygen-induced retinopathy with a reproducible ion-current-based MS1 approach.	BIOSTUDIES_01	2026-08-11	4456185	removed_before_screening	DUPLICATE_LITERATURE_OR_REPOSITORY_MIRROR	Mirror of a literature or linked repository record; not a separate cohort.			https://www.ebi.ac.uk/biostudies/studies/S-EPMC4456185
BioStudies	S-EPMC9233294	Irisin Attenuates Pathological Neovascularization in Oxygen-Induced Retinopathy Mice.	BIOSTUDIES_01	2026-08-11	9233294	removed_before_screening	DUPLICATE_LITERATURE_OR_REPOSITORY_MIRROR	Mirror of a literature or linked repository record; not a separate cohort.			https://www.ebi.ac.uk/biostudies/studies/S-EPMC9233294
BioStudies	S-EPMC10904624	Amelioration of oxygen-induced retinopathy in neonatal mice with fetal growth restriction.	BIOSTUDIES_01	2026-08-11	10904624	removed_before_screening	DUPLICATE_LITERATURE_OR_REPOSITORY_MIRROR	Mirror of a literature or linked repository record; not a separate cohort.			https://www.ebi.ac.uk/biostudies/studies/S-EPMC10904624
BioStudies	S-EPMC5459839	The Effect of Interleukin 38 on Angiogenesis in a Model of Oxygen-induced Retinopathy.	BIOSTUDIES_01	2026-08-11	5459839	removed_before_screening	DUPLICATE_LITERATURE_OR_REPOSITORY_MIRROR	Mirror of a literature or linked repository record; not a separate cohort.			https://www.ebi.ac.uk/biostudies/studies/S-EPMC5459839
BioStudies	S-EPMC5030702	Pharmacologic synergism of ocular ketorolac and systemic caffeine citrate in rat oxygen-induced retinopathy.	BIOSTUDIES_01	2026-08-11	5030702	removed_before_screening	DUPLICATE_LITERATURE_OR_REPOSITORY_MIRROR	Mirror of a literature or linked repository record; not a separate cohort.			https://www.ebi.ac.uk/biostudies/studies/S-EPMC5030702
BioStudies	S-EPMC4911585	Interleukin-12 inhibits pathological neovascularization in mouse model of oxygen-induced retinopathy.	BIOSTUDIES_01	2026-08-11	4911585	removed_before_screening	DUPLICATE_LITERATURE_OR_REPOSITORY_MIRROR	Mirror of a literature or linked repository record; not a separate cohort.			https://www.ebi.ac.uk/biostudies/studies/S-EPMC4911585
BioStudies	S-EPMC5484470	Accelerated oxygen-induced retinopathy is a reliable model of ischemia-induced retinal neovascularization.	BIOSTUDIES_01	2026-08-11	5484470	removed_before_screening	DUPLICATE_LITERATURE_OR_REPOSITORY_MIRROR	Mirror of a literature or linked repository record; not a separate cohort.			https://www.ebi.ac.uk/biostudies/studies/S-EPMC5484470
BioStudies	S-EPMC6520261	Identification of altered microRNAs in retinas of mice with oxygen-induced retinopathy.	BIOSTUDIES_01	2026-08-11	6520261	removed_before_screening	DUPLICATE_LITERATURE_OR_REPOSITORY_MIRROR	Mirror of a literature or linked repository record; not a separate cohort.			https://www.ebi.ac.uk/biostudies/studies/S-EPMC6520261
BioStudies	S-EPMC8581343	An imbalance in autophagy contributes to retinal damage in a rat model of oxygen-induced retinopathy.	BIOSTUDIES_01	2026-08-11	8581343	removed_before_screening	DUPLICATE_LITERATURE_OR_REPOSITORY_MIRROR	Mirror of a literature or linked repository record; not a separate cohort.			https://www.ebi.ac.uk/biostudies/studies/S-EPMC8581343
BioStudies	S-EPMC4974503	In Vivo Imaging of Retinal Hypoxia in a Model of Oxygen-Induced Retinopathy.	BIOSTUDIES_01	2026-08-11	4974503	removed_before_screening	DUPLICATE_LITERATURE_OR_REPOSITORY_MIRROR	Mirror of a literature or linked repository record; not a separate cohort.			https://www.ebi.ac.uk/biostudies/studies/S-EPMC4974503
BioStudies	S-EPMC3944241	Arginase 2 deficiency reduces hyperoxia-mediated retinal neurodegeneration through the regulation of polyamine metabolism.	BIOSTUDIES_01	2026-08-11	3944241	removed_before_screening	DUPLICATE_LITERATURE_OR_REPOSITORY_MIRROR	Mirror of a literature or linked repository record; not a separate cohort.			https://www.ebi.ac.uk/biostudies/studies/S-EPMC3944241
BioStudies	S-EPMC6626703	Anti-secretogranin III therapy of oxygen-induced retinopathy with optimal safety.	BIOSTUDIES_01	2026-08-11	6626703	removed_before_screening	DUPLICATE_LITERATURE_OR_REPOSITORY_MIRROR	Mirror of a literature or linked repository record; not a separate cohort.			https://www.ebi.ac.uk/biostudies/studies/S-EPMC6626703
BioStudies	S-EPMC8745183	Optimal Efficacy and Safety of Humanized Anti-Scg3 Antibody to Alleviate Oxygen-Induced Retinopathy.	BIOSTUDIES_01	2026-08-11	8745183	removed_before_screening	DUPLICATE_LITERATURE_OR_REPOSITORY_MIRROR	Mirror of a literature or linked repository record; not a separate cohort.			https://www.ebi.ac.uk/biostudies/studies/S-EPMC8745183
BioStudies	S-EPMC10648252	Early Depletion of Neutrophils Reduces Retinal Inflammation and Neovascularization in Mice with Oxygen-Induced Retinopathy.	BIOSTUDIES_01	2026-08-11	10648252	removed_before_screening	DUPLICATE_LITERATURE_OR_REPOSITORY_MIRROR	Mirror of a literature or linked repository record; not a separate cohort.			https://www.ebi.ac.uk/biostudies/studies/S-EPMC10648252
BioStudies	S-EPMC2821581	Gene expression microarray analysis of early oxygen-induced retinopathy in the rat.	BIOSTUDIES_01	2026-08-11	2821581	removed_before_screening	DUPLICATE_LITERATURE_OR_REPOSITORY_MIRROR	Mirror of a literature or linked repository record; not a separate cohort.			https://www.ebi.ac.uk/biostudies/studies/S-EPMC2821581
BioStudies	S-EPMC11817893	Alpha-1 antitrypsin reduces inflammation and vasculopathy in mice with oxygen-induced retinopathy.	BIOSTUDIES_01	2026-08-11	11817893	removed_before_screening	DUPLICATE_LITERATURE_OR_REPOSITORY_MIRROR	Mirror of a literature or linked repository record; not a separate cohort.			https://www.ebi.ac.uk/biostudies/studies/S-EPMC11817893
BioStudies	S-EPMC5752269	Fully automated, deep learning segmentation of oxygen-induced retinopathy images.	BIOSTUDIES_01	2026-08-11	5752269	removed_before_screening	DUPLICATE_LITERATURE_OR_REPOSITORY_MIRROR	Mirror of a literature or linked repository record; not a separate cohort.			https://www.ebi.ac.uk/biostudies/studies/S-EPMC5752269
BioStudies	S-EPMC9284469	Interleukin-19 Promotes Retinal Neovascularization in a Mouse Model of Oxygen-Induced Retinopathy.	BIOSTUDIES_01	2026-08-11	9284469	removed_before_screening	DUPLICATE_LITERATURE_OR_REPOSITORY_MIRROR	Mirror of a literature or linked repository record; not a separate cohort.			https://www.ebi.ac.uk/biostudies/studies/S-EPMC9284469
BioStudies	S-EPMC5663365	Mast cell hyperactivity underpins the development of oxygen-induced retinopathy.	BIOSTUDIES_01	2026-08-11	5663365	removed_before_screening	DUPLICATE_LITERATURE_OR_REPOSITORY_MIRROR	Mirror of a literature or linked repository record; not a separate cohort.			https://www.ebi.ac.uk/biostudies/studies/S-EPMC5663365
BioStudies	S-EPMC7356323	Ursodeoxycholic Acid Halts Pathological Neovascularization in a Mouse Model of Oxygen-Induced Retinopathy.	BIOSTUDIES_01	2026-08-11	7356323	removed_before_screening	DUPLICATE_LITERATURE_OR_REPOSITORY_MIRROR	Mirror of a literature or linked repository record; not a separate cohort.			https://www.ebi.ac.uk/biostudies/studies/S-EPMC7356323
BioStudies	S-EPMC11620014	Development of an Open-Source Dataset of Flat-Mounted Images for the Murine Oxygen-Induced Retinopathy Model of Ischemic Retinopathy.	BIOSTUDIES_01	2026-08-11	11620014	removed_before_screening	DUPLICATE_LITERATURE_OR_REPOSITORY_MIRROR	Mirror of a literature or linked repository record; not a separate cohort.			https://www.ebi.ac.uk/biostudies/studies/S-EPMC11620014
BioStudies	S-EPMC11353024	Novel Small Molecules with Anti-Inflammatory and Anti-Angiogenic Activity in a Mouse Model of Oxygen-Induced Retinopathy.	BIOSTUDIES_01	2026-08-11	11353024	removed_before_screening	DUPLICATE_LITERATURE_OR_REPOSITORY_MIRROR	Mirror of a literature or linked repository record; not a separate cohort.			https://www.ebi.ac.uk/biostudies/studies/S-EPMC11353024
BioStudies	S-EPMC6488934	Blockade of TREM-1 prevents vitreoretinal neovascularization in mice with oxygen-induced retinopathy.	BIOSTUDIES_01	2026-08-11	6488934	removed_before_screening	DUPLICATE_LITERATURE_OR_REPOSITORY_MIRROR	Mirror of a literature or linked repository record; not a separate cohort.			https://www.ebi.ac.uk/biostudies/studies/S-EPMC6488934
BioStudies	S-EPMC11361380	Agonism of β3-Adrenoceptors Inhibits Pathological Retinal Angiogenesis in the Model of Oxygen-Induced Retinopathy.	BIOSTUDIES_01	2026-08-11	11361380	removed_before_screening	DUPLICATE_LITERATURE_OR_REPOSITORY_MIRROR	Mirror of a literature or linked repository record; not a separate cohort.			https://www.ebi.ac.uk/biostudies/studies/S-EPMC11361380
BioStudies	S-EPMC11803434	The HAT Inhibitor ISOX-DUAL Diminishes Ischemic Areas in a Mouse Model of Oxygen-Induced Retinopathy.	BIOSTUDIES_01	2026-08-11	11803434	removed_before_screening	DUPLICATE_LITERATURE_OR_REPOSITORY_MIRROR	Mirror of a literature or linked repository record; not a separate cohort.			https://www.ebi.ac.uk/biostudies/studies/S-EPMC11803434
BioStudies	S-EPMC10492320	Enhanced therapeutic effect of PEDF-loaded mesenchymal stem cell-derived small extracellular vesicles against oxygen-induced retinopathy through increased stability and penetrability of PEDF.	BIOSTUDIES_01	2026-08-11	10492320	removed_before_screening	DUPLICATE_LITERATURE_OR_REPOSITORY_MIRROR	Mirror of a literature or linked repository record; not a separate cohort.			https://www.ebi.ac.uk/biostudies/studies/S-EPMC10492320
BioStudies	S-EPMC6561584	MicroRNA expression profile in retina and choroid in oxygen-induced retinopathy model.	BIOSTUDIES_01	2026-08-11	6561584	removed_before_screening	DUPLICATE_LITERATURE_OR_REPOSITORY_MIRROR	Mirror of a literature or linked repository record; not a separate cohort.			https://www.ebi.ac.uk/biostudies/studies/S-EPMC6561584
BioStudies	S-EPMC9604577	Distinguished Functions of Microglia in the Two Stages of Oxygen-Induced Retinopathy: A Novel Target in the Treatment of Ischemic Retinopathy.	BIOSTUDIES_01	2026-08-11	9604577	removed_before_screening	DUPLICATE_LITERATURE_OR_REPOSITORY_MIRROR	Mirror of a literature or linked repository record; not a separate cohort.			https://www.ebi.ac.uk/biostudies/studies/S-EPMC9604577
BioStudies	S-EPMC5040126	17β-estradiol ameliorates oxygen-induced retinopathy in the early hyperoxic phase.	BIOSTUDIES_01	2026-08-11	5040126	removed_before_screening	DUPLICATE_LITERATURE_OR_REPOSITORY_MIRROR	Mirror of a literature or linked repository record; not a separate cohort.			https://www.ebi.ac.uk/biostudies/studies/S-EPMC5040126
BioStudies	S-EPMC3626293	Profiling of genes associated with the murine model of oxygen-induced retinopathy.	BIOSTUDIES_01	2026-08-11	3626293	removed_before_screening	DUPLICATE_LITERATURE_OR_REPOSITORY_MIRROR	Mirror of a literature or linked repository record; not a separate cohort.			https://www.ebi.ac.uk/biostudies/studies/S-EPMC3626293
BioStudies	S-EPMC9467611	Celastrol inhibits pathologic neovascularization in oxygen-induced retinopathy by targeting the miR-17-5p/HIF-1α/VEGF pathway.	BIOSTUDIES_01	2026-08-11	9467611	removed_before_screening	DUPLICATE_LITERATURE_OR_REPOSITORY_MIRROR	Mirror of a literature or linked repository record; not a separate cohort.			https://www.ebi.ac.uk/biostudies/studies/S-EPMC9467611
BioStudies	S-EPMC3378855	MEF2C ablation in endothelial cells reduces retinal vessel loss and suppresses pathologic retinal neovascularization in oxygen-induced retinopathy.	BIOSTUDIES_01	2026-08-11	3378855	removed_before_screening	DUPLICATE_LITERATURE_OR_REPOSITORY_MIRROR	Mirror of a literature or linked repository record; not a separate cohort.			https://www.ebi.ac.uk/biostudies/studies/S-EPMC3378855
BioStudies	S-EPMC8565612	Nrf2 promotes reparative angiogenesis through regulation of NADPH oxidase-2 in oxygen-induced retinopathy.	BIOSTUDIES_01	2026-08-11	8565612	removed_before_screening	DUPLICATE_LITERATURE_OR_REPOSITORY_MIRROR	Mirror of a literature or linked repository record; not a separate cohort.			https://www.ebi.ac.uk/biostudies/studies/S-EPMC8565612
BioStudies	S-EPMC5647464	Ocular coherence tomography image data of the retinal laminar structure in a mouse model of oxygen-induced retinopathy.	BIOSTUDIES_01	2026-08-11	5647464	removed_before_screening	DUPLICATE_LITERATURE_OR_REPOSITORY_MIRROR	Mirror of a literature or linked repository record; not a separate cohort.			https://www.ebi.ac.uk/biostudies/studies/S-EPMC5647464
BioStudies	S-EPMC11970769	Spermine oxidase inhibitor, MDL 72527, reduced neovascularization, vascular permeability, and acrolein-conjugated proteins in a mouse model of ischemic retinopathy.	BIOSTUDIES_01	2026-08-11	11970769	removed_before_screening	DUPLICATE_LITERATURE_OR_REPOSITORY_MIRROR	Mirror of a literature or linked repository record; not a separate cohort.			https://www.ebi.ac.uk/biostudies/studies/S-EPMC11970769
BioStudies	S-EPMC10687918	Neuroprotective Effects of Human Adipose-Derived Mesenchymal Stem Cells in Oxygen-Induced Retinopathy.	BIOSTUDIES_01	2026-08-11	10687918	removed_before_screening	DUPLICATE_LITERATURE_OR_REPOSITORY_MIRROR	Mirror of a literature or linked repository record; not a separate cohort.			https://www.ebi.ac.uk/biostudies/studies/S-EPMC10687918
BioStudies	S-EPMC9007175	Secretogranin III stringently regulates pathological but not physiological angiogenesis in oxygen-induced retinopathy.	BIOSTUDIES_01	2026-08-11	9007175	removed_before_screening	DUPLICATE_LITERATURE_OR_REPOSITORY_MIRROR	Mirror of a literature or linked repository record; not a separate cohort.			https://www.ebi.ac.uk/biostudies/studies/S-EPMC9007175
BioStudies	S-EPMC3762331	Modulation of angiogenesis by genetic manipulation of ATF4 in mouse model of oxygen-induced retinopathy [corrected].	BIOSTUDIES_01	2026-08-11	3762331	removed_before_screening	DUPLICATE_LITERATURE_OR_REPOSITORY_MIRROR	Mirror of a literature or linked repository record; not a separate cohort.			https://www.ebi.ac.uk/biostudies/studies/S-EPMC3762331
BioStudies	S-EPMC4986766	CNTF Attenuates Vasoproliferative Changes Through Upregulation of SOCS3 in a Mouse-Model of Oxygen-Induced Retinopathy.	BIOSTUDIES_01	2026-08-11	4986766	removed_before_screening	DUPLICATE_LITERATURE_OR_REPOSITORY_MIRROR	Mirror of a literature or linked repository record; not a separate cohort.			https://www.ebi.ac.uk/biostudies/studies/S-EPMC4986766
BioStudies	S-EPMC4209716	Characterization of oxygen-induced retinopathy in mice carrying an inactivating point mutation in the catalytic site of ADAM15.	BIOSTUDIES_01	2026-08-11	4209716	removed_before_screening	DUPLICATE_LITERATURE_OR_REPOSITORY_MIRROR	Mirror of a literature or linked repository record; not a separate cohort.			https://www.ebi.ac.uk/biostudies/studies/S-EPMC4209716
BioStudies	S-EPMC5314378	PEDF mediates pathological neovascularization by regulating macrophage recruitment and polarization in the mouse model of oxygen-induced retinopathy.	BIOSTUDIES_01	2026-08-11	5314378	removed_before_screening	DUPLICATE_LITERATURE_OR_REPOSITORY_MIRROR	Mirror of a literature or linked repository record; not a separate cohort.			https://www.ebi.ac.uk/biostudies/studies/S-EPMC5314378
BioStudies	S-EPMC11547256	Single-Cell Multiomics Profiling Reveals Heterogeneity of Muller Cells in the Oxygen-Induced Retinopathy Model.	BIOSTUDIES_01	2026-08-11	11547256	removed_before_screening	DUPLICATE_LITERATURE_OR_REPOSITORY_MIRROR	Mirror of a literature or linked repository record; not a separate cohort.			https://www.ebi.ac.uk/biostudies/studies/S-EPMC11547256
BioStudies	S-EPMC7401846	Endothelial Yes-Associated Protein 1 Promotes Astrocyte Proliferation and Maturation via Cytoplasmic Leukemia Inhibitory Factor Secretion in Oxygen-Induced Retinopathy.	BIOSTUDIES_01	2026-08-11	7401846	removed_before_screening	DUPLICATE_LITERATURE_OR_REPOSITORY_MIRROR	Mirror of a literature or linked repository record; not a separate cohort.			https://www.ebi.ac.uk/biostudies/studies/S-EPMC7401846
BioStudies	S-EPMC3302428	Aberrant kinetics of bone marrow-derived endothelial progenitor cells in the murine oxygen-induced retinopathy model.	BIOSTUDIES_01	2026-08-11	3302428	removed_before_screening	DUPLICATE_LITERATURE_OR_REPOSITORY_MIRROR	Mirror of a literature or linked repository record; not a separate cohort.			https://www.ebi.ac.uk/biostudies/studies/S-EPMC3302428
BioStudies	S-EPMC4425238	The mechanism of CCN1-enhanced retinal neovascularization in oxygen-induced retinopathy through PI3K/Akt-VEGF signaling pathway.	BIOSTUDIES_01	2026-08-11	4425238	removed_before_screening	DUPLICATE_LITERATURE_OR_REPOSITORY_MIRROR	Mirror of a literature or linked repository record; not a separate cohort.			https://www.ebi.ac.uk/biostudies/studies/S-EPMC4425238
BioStudies	S-EPMC5307308	Protective effect of maternal uteroplacental insufficiency on oxygen-induced retinopathy in offspring: removing bias of premature birth.	BIOSTUDIES_01	2026-08-11	5307308	removed_before_screening	DUPLICATE_LITERATURE_OR_REPOSITORY_MIRROR	Mirror of a literature or linked repository record; not a separate cohort.			https://www.ebi.ac.uk/biostudies/studies/S-EPMC5307308
BioStudies	S-EPMC10975314	Comparison of Glutathione Nanoparticles, CoEnzyme Q10, and Fish Oil for Prevention of Oxygen-Induced Retinopathy in Neonatal Rats.	BIOSTUDIES_01	2026-08-11	10975314	removed_before_screening	DUPLICATE_LITERATURE_OR_REPOSITORY_MIRROR	Mirror of a literature or linked repository record; not a separate cohort.			https://www.ebi.ac.uk/biostudies/studies/S-EPMC10975314
BioStudies	S-EPMC3172807	Hypoxia-inducible factor-1 drives annexin A2 system-mediated perivascular fibrin clearance in oxygen-induced retinopathy in mice.	BIOSTUDIES_01	2026-08-11	3172807	removed_before_screening	DUPLICATE_LITERATURE_OR_REPOSITORY_MIRROR	Mirror of a literature or linked repository record; not a separate cohort.			https://www.ebi.ac.uk/biostudies/studies/S-EPMC3172807
BioStudies	S-EPMC6535665	Microarray Analysis of Long Non-Coding RNAs and Messenger RNAs in a Mouse Model of Oxygen-Induced Retinopathy.	BIOSTUDIES_01	2026-08-11	6535665	removed_before_screening	DUPLICATE_LITERATURE_OR_REPOSITORY_MIRROR	Mirror of a literature or linked repository record; not a separate cohort.			https://www.ebi.ac.uk/biostudies/studies/S-EPMC6535665
BioStudies	S-EPMC6948778	Progenitor cell combination normalizes retinal vascular development in the oxygen-induced retinopathy (OIR) model.	BIOSTUDIES_01	2026-08-11	6948778	removed_before_screening	DUPLICATE_LITERATURE_OR_REPOSITORY_MIRROR	Mirror of a literature or linked repository record; not a separate cohort.			https://www.ebi.ac.uk/biostudies/studies/S-EPMC6948778
BioStudies	S-EPMC7325623	Epithelial Membrane Protein 2 (EMP2) Promotes VEGF-Induced Pathological Neovascularization in Murine Oxygen-Induced Retinopathy.	BIOSTUDIES_01	2026-08-11	7325623	removed_before_screening	DUPLICATE_LITERATURE_OR_REPOSITORY_MIRROR	Mirror of a literature or linked repository record; not a separate cohort.			https://www.ebi.ac.uk/biostudies/studies/S-EPMC7325623
BioStudies	S-EPMC10108734	Prenatal Carotenoid Supplementation With Lutein or Zeaxanthin Ameliorates Oxygen-Induced Retinopathy (OIR) in Bco2-/- Macular Pigment Mice.	BIOSTUDIES_01	2026-08-11	10108734	removed_before_screening	DUPLICATE_LITERATURE_OR_REPOSITORY_MIRROR	Mirror of a literature or linked repository record; not a separate cohort.			https://www.ebi.ac.uk/biostudies/studies/S-EPMC10108734
BioStudies	S-EPMC5742711	Potential role of the methylation of VEGF gene promoter in response to hypoxia in oxygen-induced retinopathy: beneficial effect of the absence of AQP4.	BIOSTUDIES_01	2026-08-11	5742711	removed_before_screening	DUPLICATE_LITERATURE_OR_REPOSITORY_MIRROR	Mirror of a literature or linked repository record; not a separate cohort.			https://www.ebi.ac.uk/biostudies/studies/S-EPMC5742711
BioStudies	S-EPMC4406844	MicroRNA-184 modulates canonical Wnt signaling through the regulation of frizzled-7 expression in the retina with ischemia-induced neovascularization.	BIOSTUDIES_01	2026-08-11	4406844	removed_before_screening	DUPLICATE_LITERATURE_OR_REPOSITORY_MIRROR	Mirror of a literature or linked repository record; not a separate cohort.			https://www.ebi.ac.uk/biostudies/studies/S-EPMC4406844
BioStudies	S-EPMC10488245	Novel Function of Nogo-A as Negative Regulator of Endothelial Progenitor Cell Angiogenic Activity: Impact in Oxygen-Induced Retinopathy.	BIOSTUDIES_01	2026-08-11	10488245	removed_before_screening	DUPLICATE_LITERATURE_OR_REPOSITORY_MIRROR	Mirror of a literature or linked repository record; not a separate cohort.			https://www.ebi.ac.uk/biostudies/studies/S-EPMC10488245
BioStudies	S-EPMC8088655	Blocking the interaction between interleukin-17A and endoplasmic reticulum stress in macrophage attenuates retinal neovascularization in oxygen-induced retinopathy.	BIOSTUDIES_01	2026-08-11	8088655	removed_before_screening	DUPLICATE_LITERATURE_OR_REPOSITORY_MIRROR	Mirror of a literature or linked repository record; not a separate cohort.			https://www.ebi.ac.uk/biostudies/studies/S-EPMC8088655
BioStudies	S-EPMC5834630	A machine learning approach for automated assessment of retinal vasculature in the oxygen induced retinopathy model.	BIOSTUDIES_01	2026-08-11	5834630	removed_before_screening	DUPLICATE_LITERATURE_OR_REPOSITORY_MIRROR	Mirror of a literature or linked repository record; not a separate cohort.			https://www.ebi.ac.uk/biostudies/studies/S-EPMC5834630
BioStudies	S-EPMC10128940	Identification of reference genes for the normalization of retinal mRNA expression by RT-qPCR in oxygen induced retinopathy, anemia, and erythropoietin administration.	BIOSTUDIES_01	2026-08-11	10128940	removed_before_screening	DUPLICATE_LITERATURE_OR_REPOSITORY_MIRROR	Mirror of a literature or linked repository record; not a separate cohort.			https://www.ebi.ac.uk/biostudies/studies/S-EPMC10128940
BioStudies	E-GEOD-18998	Gene expression microarray analysis of early oxygen-induced retinopathy (OIR)	BIOSTUDIES_01	2026-08-11		title_metadata_screening	NO_ADDITIONAL_ELIGIBLE_COHORT_IDENTIFIED	No additional unique eligible P17 mouse retinal transcriptomic cohort was identified from the item metadata.			https://www.ebi.ac.uk/biostudies/studies/E-GEOD-18998
BioStudies	S-EPMC9233289	Sema3A Antibody BI-X Prevents Cell Permeability and Cytoskeletal Collapse in HRMECs and Increases Tip Cell Density in Mouse Oxygen-Induced Retinopathy.	BIOSTUDIES_01	2026-08-11	9233289	removed_before_screening	DUPLICATE_LITERATURE_OR_REPOSITORY_MIRROR	Mirror of a literature or linked repository record; not a separate cohort.			https://www.ebi.ac.uk/biostudies/studies/S-EPMC9233289
BioStudies	S-EPMC11303442	IC100, a humanized therapeutic monoclonal anti-ASC antibody alleviates oxygen-induced retinopathy in mice.	BIOSTUDIES_01	2026-08-11	11303442	removed_before_screening	DUPLICATE_LITERATURE_OR_REPOSITORY_MIRROR	Mirror of a literature or linked repository record; not a separate cohort.			https://www.ebi.ac.uk/biostudies/studies/S-EPMC11303442
BioStudies	S-EPMC8194284	Tyrosine-Protein Phosphatase Non-receptor Type 9 (PTPN9) Negatively Regulates the Paracrine Vasoprotective Activity of Bone-Marrow Derived Pro-angiogenic Cells: Impact on Vascular Degeneration in Oxygen-Induced Retinopathy.	BIOSTUDIES_01	2026-08-11	8194284	removed_before_screening	DUPLICATE_LITERATURE_OR_REPOSITORY_MIRROR	Mirror of a literature or linked repository record; not a separate cohort.			https://www.ebi.ac.uk/biostudies/studies/S-EPMC8194284
BioStudies	S-EPMC11194953	Molecular hydrogen promotes retinal vascular regeneration and attenuates neovascularization and neuroglial dysfunction in oxygen-induced retinopathy mice.	BIOSTUDIES_01	2026-08-11	11194953	removed_before_screening	DUPLICATE_LITERATURE_OR_REPOSITORY_MIRROR	Mirror of a literature or linked repository record; not a separate cohort.			https://www.ebi.ac.uk/biostudies/studies/S-EPMC11194953
BioStudies	S-EPMC4973993	Fzd4 Haploinsufficiency Delays Retinal Revascularization in the Mouse Model of Oxygen Induced Retinopathy.	BIOSTUDIES_01	2026-08-11	4973993	removed_before_screening	DUPLICATE_LITERATURE_OR_REPOSITORY_MIRROR	Mirror of a literature or linked repository record; not a separate cohort.			https://www.ebi.ac.uk/biostudies/studies/S-EPMC4973993
BioStudies	S-EPMC5770647	The Beta Adrenergic Receptor Blocker Propranolol Counteracts Retinal Dysfunction in a Mouse Model of Oxygen Induced Retinopathy: Restoring the Balance between Apoptosis and Autophagy.	BIOSTUDIES_01	2026-08-11	5770647	removed_before_screening	DUPLICATE_LITERATURE_OR_REPOSITORY_MIRROR	Mirror of a literature or linked repository record; not a separate cohort.			https://www.ebi.ac.uk/biostudies/studies/S-EPMC5770647
BioStudies	S-EPMC8319207	Gene expression profile of the murine ischemic retina and its response to Aflibercept (VEGF-Trap).	BIOSTUDIES_01	2026-08-11	8319207	removed_before_screening	DUPLICATE_LITERATURE_OR_REPOSITORY_MIRROR	Mirror of a literature or linked repository record; not a separate cohort.			https://www.ebi.ac.uk/biostudies/studies/S-EPMC8319207
BioStudies	S-EPMC8977040	Graphene quantum dots rescue angiogenic retinopathy via blocking STAT3/Periostin/ERK signaling.	BIOSTUDIES_01	2026-08-11	8977040	removed_before_screening	DUPLICATE_LITERATURE_OR_REPOSITORY_MIRROR	Mirror of a literature or linked repository record; not a separate cohort.			https://www.ebi.ac.uk/biostudies/studies/S-EPMC8977040
BioStudies	S-EPMC2789602	TRAIL-deficient mice exhibit delayed regression of retinal neovascularization.	BIOSTUDIES_01	2026-08-11	2789602	removed_before_screening	DUPLICATE_LITERATURE_OR_REPOSITORY_MIRROR	Mirror of a literature or linked repository record; not a separate cohort.			https://www.ebi.ac.uk/biostudies/studies/S-EPMC2789602
BioStudies	S-EPMC12574687	Nrf2 Deficiency in Muller Cells Exacerbates Pathological Neovascularization in Ischemic Retinopathy.	BIOSTUDIES_01	2026-08-11	12574687	removed_before_screening	DUPLICATE_LITERATURE_OR_REPOSITORY_MIRROR	Mirror of a literature or linked repository record; not a separate cohort.			https://www.ebi.ac.uk/biostudies/studies/S-EPMC12574687
BioStudies	E-GEOD-36037	Use of microarray analyses to determine the effect of hyperoxia and hypoxia on gene expression in early oxygen-induced retinopathy (OIR).	BIOSTUDIES_01	2026-08-11		title_metadata_screening	NO_ADDITIONAL_ELIGIBLE_COHORT_IDENTIFIED	No additional unique eligible P17 mouse retinal transcriptomic cohort was identified from the item metadata.			https://www.ebi.ac.uk/biostudies/studies/E-GEOD-36037
BioStudies	S-EPMC12617673	PRRX1 Orchestrates Pericyte-Myofibroblast Transition in Pathological Retinal Fibrosis.	BIOSTUDIES_01	2026-08-11	12617673	removed_before_screening	DUPLICATE_LITERATURE_OR_REPOSITORY_MIRROR	Mirror of a literature or linked repository record; not a separate cohort.			https://www.ebi.ac.uk/biostudies/studies/S-EPMC12617673
BioStudies	S-EPMC3538026	PGC-1α regulates normal and pathological angiogenesis in the retina.	BIOSTUDIES_01	2026-08-11	3538026	removed_before_screening	DUPLICATE_LITERATURE_OR_REPOSITORY_MIRROR	Mirror of a literature or linked repository record; not a separate cohort.			https://www.ebi.ac.uk/biostudies/studies/S-EPMC3538026
BioStudies	S-EPMC11761142	ENO2-Regulated Glycolysis in Endothelial Cells Contributes to FGF2-Induced Retinal Neovascularization.	BIOSTUDIES_01	2026-08-11	11761142	removed_before_screening	DUPLICATE_LITERATURE_OR_REPOSITORY_MIRROR	Mirror of a literature or linked repository record; not a separate cohort.			https://www.ebi.ac.uk/biostudies/studies/S-EPMC11761142
BioStudies	S-EPMC5524639	Genome editing abrogates angiogenesis in vivo.	BIOSTUDIES_01	2026-08-11	5524639	removed_before_screening	DUPLICATE_LITERATURE_OR_REPOSITORY_MIRROR	Mirror of a literature or linked repository record; not a separate cohort.			https://www.ebi.ac.uk/biostudies/studies/S-EPMC5524639
BioStudies	S-EPMC12453065	Endothelial-Pericyte Interactions Regulate Angiogenesis Via VEGFR2 Signaling During Retinal Development and Disease.	BIOSTUDIES_01	2026-08-11	12453065	removed_before_screening	DUPLICATE_LITERATURE_OR_REPOSITORY_MIRROR	Mirror of a literature or linked repository record; not a separate cohort.			https://www.ebi.ac.uk/biostudies/studies/S-EPMC12453065
BioStudies	S-EPMC9520515	SZN-413, a FZD4 Agonist, as a Potential Novel Therapeutic for the Treatment of Diabetic Retinopathy.	BIOSTUDIES_01	2026-08-11	9520515	removed_before_screening	DUPLICATE_LITERATURE_OR_REPOSITORY_MIRROR	Mirror of a literature or linked repository record; not a separate cohort.			https://www.ebi.ac.uk/biostudies/studies/S-EPMC9520515
BioStudies	S-EPMC10469388	Leverage of nuclease-deficient CasX for preventing pathological angiogenesis.	BIOSTUDIES_01	2026-08-11	10469388	removed_before_screening	DUPLICATE_LITERATURE_OR_REPOSITORY_MIRROR	Mirror of a literature or linked repository record; not a separate cohort.			https://www.ebi.ac.uk/biostudies/studies/S-EPMC10469388
BioStudies	S-EPMC10436462	Targeting FSCN1 with an oral small-molecule inhibitor for treating ocular neovascularization.	BIOSTUDIES_01	2026-08-11	10436462	removed_before_screening	DUPLICATE_LITERATURE_OR_REPOSITORY_MIRROR	Mirror of a literature or linked repository record; not a separate cohort.			https://www.ebi.ac.uk/biostudies/studies/S-EPMC10436462
BioStudies	S-EPMC5429352	The microRNA-7-mediated reduction in EPAC-1 contributes to vascular endothelial permeability and eNOS uncoupling in murine experimental retinopathy.	BIOSTUDIES_01	2026-08-11	5429352	removed_before_screening	DUPLICATE_LITERATURE_OR_REPOSITORY_MIRROR	Mirror of a literature or linked repository record; not a separate cohort.			https://www.ebi.ac.uk/biostudies/studies/S-EPMC5429352
BioStudies	E-GEOD-38762	Gene Expression Profiling In Murine Retina Neovascularization Models	BIOSTUDIES_01	2026-08-11		title_metadata_screening	NO_ADDITIONAL_ELIGIBLE_COHORT_IDENTIFIED	No additional unique eligible P17 mouse retinal transcriptomic cohort was identified from the item metadata.			https://www.ebi.ac.uk/biostudies/studies/E-GEOD-38762
BioStudies	S-EPMC8304924	Hyperoxia Inhibits Proliferation of Retinal Endothelial Cells in a Myc-Dependent Manner.	BIOSTUDIES_01	2026-08-11	8304924	removed_before_screening	DUPLICATE_LITERATURE_OR_REPOSITORY_MIRROR	Mirror of a literature or linked repository record; not a separate cohort.			https://www.ebi.ac.uk/biostudies/studies/S-EPMC8304924
BioStudies	S-EPMC5482092	Identification of RUNX1 as a Mediator of Aberrant Retinal Angiogenesis.	BIOSTUDIES_01	2026-08-11	5482092	removed_before_screening	DUPLICATE_LITERATURE_OR_REPOSITORY_MIRROR	Mirror of a literature or linked repository record; not a separate cohort.			https://www.ebi.ac.uk/biostudies/studies/S-EPMC5482092
BioStudies	S-EPMC7566718	IGF1, serum glucose, and retinopathy of prematurity in extremely preterm infants.	BIOSTUDIES_01	2026-08-11	7566718	removed_before_screening	DUPLICATE_LITERATURE_OR_REPOSITORY_MIRROR	Mirror of a literature or linked repository record; not a separate cohort.			https://www.ebi.ac.uk/biostudies/studies/S-EPMC7566718
BioStudies	S-EPMC4659437	SOCS3 in retinal neurons and glial cells suppresses VEGF signaling to prevent pathological neovascular growth.	BIOSTUDIES_01	2026-08-11	4659437	removed_before_screening	DUPLICATE_LITERATURE_OR_REPOSITORY_MIRROR	Mirror of a literature or linked repository record; not a separate cohort.			https://www.ebi.ac.uk/biostudies/studies/S-EPMC4659437
BioStudies	S-EPMC4005334	Cytochrome P450 2C8 ω3-long-chain polyunsaturated fatty acid metabolites increase mouse retinal pathologic neovascularization--brief report.	BIOSTUDIES_01	2026-08-11	4005334	removed_before_screening	DUPLICATE_LITERATURE_OR_REPOSITORY_MIRROR	Mirror of a literature or linked repository record; not a separate cohort.			https://www.ebi.ac.uk/biostudies/studies/S-EPMC4005334
BioStudies	S-EPMC10840377	FAM222A, Part of the BET-Regulated Basal Endothelial Transcriptome, Is a Novel Determinant of Endothelial Biology and Angiogenesis-Brief Report.	BIOSTUDIES_01	2026-08-11	10840377	removed_before_screening	DUPLICATE_LITERATURE_OR_REPOSITORY_MIRROR	Mirror of a literature or linked repository record; not a separate cohort.			https://www.ebi.ac.uk/biostudies/studies/S-EPMC10840377
BioStudies	S-EPMC8935380	Intravitreal administration of recombinant human opticin protects against hyperoxia-induced pre-retinal neovascularization.	BIOSTUDIES_01	2026-08-11	8935380	removed_before_screening	DUPLICATE_LITERATURE_OR_REPOSITORY_MIRROR	Mirror of a literature or linked repository record; not a separate cohort.			https://www.ebi.ac.uk/biostudies/studies/S-EPMC8935380
BioStudies	S-EPMC4005267	Computer-aided quantification of retinal neovascularization.	BIOSTUDIES_01	2026-08-11	4005267	removed_before_screening	DUPLICATE_LITERATURE_OR_REPOSITORY_MIRROR	Mirror of a literature or linked repository record; not a separate cohort.			https://www.ebi.ac.uk/biostudies/studies/S-EPMC4005267
BioStudies	S-EPMC4376607	Nanoparticle-mediated expression of a Wnt pathway inhibitor ameliorates ocular neovascularization.	BIOSTUDIES_01	2026-08-11	4376607	removed_before_screening	DUPLICATE_LITERATURE_OR_REPOSITORY_MIRROR	Mirror of a literature or linked repository record; not a separate cohort.			https://www.ebi.ac.uk/biostudies/studies/S-EPMC4376607
BioStudies	S-EPMC5605640	Endothelial adenosine A2a receptor-mediated glycolysis is essential for pathological retinal angiogenesis.	BIOSTUDIES_01	2026-08-11	5605640	removed_before_screening	DUPLICATE_LITERATURE_OR_REPOSITORY_MIRROR	Mirror of a literature or linked repository record; not a separate cohort.			https://www.ebi.ac.uk/biostudies/studies/S-EPMC5605640
BioStudies	S-EPMC10679950	AAV2-antiVEGFscFv gene therapy for retinal neovascularization.	BIOSTUDIES_01	2026-08-11	10679950	removed_before_screening	DUPLICATE_LITERATURE_OR_REPOSITORY_MIRROR	Mirror of a literature or linked repository record; not a separate cohort.			https://www.ebi.ac.uk/biostudies/studies/S-EPMC10679950
BioStudies	S-EPMC2691649	Endoplasmic reticulum stress is implicated in retinal inflammation and diabetic retinopathy.	BIOSTUDIES_01	2026-08-11	2691649	removed_before_screening	DUPLICATE_LITERATURE_OR_REPOSITORY_MIRROR	Mirror of a literature or linked repository record; not a separate cohort.			https://www.ebi.ac.uk/biostudies/studies/S-EPMC2691649
BioStudies	S-EPMC7830975	Translational Research in Retinopathy of Prematurity: From Bedside to Bench and Back Again.	BIOSTUDIES_01	2026-08-11	7830975	removed_before_screening	DUPLICATE_LITERATURE_OR_REPOSITORY_MIRROR	Mirror of a literature or linked repository record; not a separate cohort.			https://www.ebi.ac.uk/biostudies/studies/S-EPMC7830975
BioStudies	S-EPMC9275891	Puerarin suppresses hypoxia-induced vascular endothelial growth factor upregulation in human retinal pigmented epithelial cells by blocking JAK2/STAT3 pathway.	BIOSTUDIES_01	2026-08-11	9275891	removed_before_screening	DUPLICATE_LITERATURE_OR_REPOSITORY_MIRROR	Mirror of a literature or linked repository record; not a separate cohort.			https://www.ebi.ac.uk/biostudies/studies/S-EPMC9275891
BioStudies	S-EPMC3858882	Ethyl pyruvate inhibits retinal pathogenic neovascularization by downregulating HMGB1 expression.	BIOSTUDIES_01	2026-08-11	3858882	removed_before_screening	DUPLICATE_LITERATURE_OR_REPOSITORY_MIRROR	Mirror of a literature or linked repository record; not a separate cohort.			https://www.ebi.ac.uk/biostudies/studies/S-EPMC3858882
BioStudies	S-EPMC10024194	Exosomes incorporated with black phosphorus quantum dots attenuate retinal angiogenesis via disrupting glucose metabolism.	BIOSTUDIES_01	2026-08-11	10024194	removed_before_screening	DUPLICATE_LITERATURE_OR_REPOSITORY_MIRROR	Mirror of a literature or linked repository record; not a separate cohort.			https://www.ebi.ac.uk/biostudies/studies/S-EPMC10024194
BioStudies	S-EPMC9661444	tRNA-derived fragment tRF-1001: A novel anti-angiogenic factor in pathological ocular angiogenesis.	BIOSTUDIES_01	2026-08-11	9661444	removed_before_screening	DUPLICATE_LITERATURE_OR_REPOSITORY_MIRROR	Mirror of a literature or linked repository record; not a separate cohort.			https://www.ebi.ac.uk/biostudies/studies/S-EPMC9661444
BioStudies	S-EPMC9467412	MiR-375 mitigates retinal angiogenesis by depressing the JAK2/STAT3 pathway.	BIOSTUDIES_01	2026-08-11	9467412	removed_before_screening	DUPLICATE_LITERATURE_OR_REPOSITORY_MIRROR	Mirror of a literature or linked repository record; not a separate cohort.			https://www.ebi.ac.uk/biostudies/studies/S-EPMC9467412
BioStudies	S-EPMC7587009	Overexpression of miR-181a-5p inhibits retinal neovascularization through endocan and the ERK1/2 signaling pathway.	BIOSTUDIES_01	2026-08-11	7587009	removed_before_screening	DUPLICATE_LITERATURE_OR_REPOSITORY_MIRROR	Mirror of a literature or linked repository record; not a separate cohort.			https://www.ebi.ac.uk/biostudies/studies/S-EPMC7587009
BioStudies	S-EPMC10199268	Oxygen-induced pathological angiogenesis promotes intense lipid synthesis and remodeling in the retina.	BIOSTUDIES_01	2026-08-11	10199268	removed_before_screening	DUPLICATE_LITERATURE_OR_REPOSITORY_MIRROR	Mirror of a literature or linked repository record; not a separate cohort.			https://www.ebi.ac.uk/biostudies/studies/S-EPMC10199268
BioStudies	S-EPMC7566047	The G-protein-coupled chemoattractant receptor Fpr2 exacerbates neuroglial dysfunction and angiogenesis in diabetic retinopathy.	BIOSTUDIES_01	2026-08-11	7566047	removed_before_screening	DUPLICATE_LITERATURE_OR_REPOSITORY_MIRROR	Mirror of a literature or linked repository record; not a separate cohort.			https://www.ebi.ac.uk/biostudies/studies/S-EPMC7566047
BioStudies	S-EPMC5010176	Cytochrome P450 Oxidase 2C Inhibition Adds to ω-3 Long-Chain Polyunsaturated Fatty Acids Protection Against Retinal and Choroidal Neovascularization.	BIOSTUDIES_01	2026-08-11	5010176	removed_before_screening	DUPLICATE_LITERATURE_OR_REPOSITORY_MIRROR	Mirror of a literature or linked repository record; not a separate cohort.			https://www.ebi.ac.uk/biostudies/studies/S-EPMC5010176
BioStudies	S-EPMC7213794	iPSC-derived endothelial cell response to hypoxia via SDF1a/CXCR4 axis facilitates incorporation to revascularize ischemic retina.	BIOSTUDIES_01	2026-08-11	7213794	removed_before_screening	DUPLICATE_LITERATURE_OR_REPOSITORY_MIRROR	Mirror of a literature or linked repository record; not a separate cohort.			https://www.ebi.ac.uk/biostudies/studies/S-EPMC7213794
BioStudies	S-EPMC11216936	Tetrahedral framework nucleic acids-based delivery of MicroRNA-22 inhibits pathological neovascularization and vaso-obliteration by regulating the Wnt pathway.	BIOSTUDIES_01	2026-08-11	11216936	removed_before_screening	DUPLICATE_LITERATURE_OR_REPOSITORY_MIRROR	Mirror of a literature or linked repository record; not a separate cohort.			https://www.ebi.ac.uk/biostudies/studies/S-EPMC11216936
BioStudies	S-EPMC5771826	Secretogranin III: a diabetic retinopathy-selective angiogenic factor.	BIOSTUDIES_01	2026-08-11	5771826	removed_before_screening	DUPLICATE_LITERATURE_OR_REPOSITORY_MIRROR	Mirror of a literature or linked repository record; not a separate cohort.			https://www.ebi.ac.uk/biostudies/studies/S-EPMC5771826
BioStudies	S-EPMC3682100	Inhibition of apelin expression switches endothelial cells from proliferative to mature state in pathological retinal angiogenesis.	BIOSTUDIES_01	2026-08-11	3682100	removed_before_screening	DUPLICATE_LITERATURE_OR_REPOSITORY_MIRROR	Mirror of a literature or linked repository record; not a separate cohort.			https://www.ebi.ac.uk/biostudies/studies/S-EPMC3682100
BioStudies	S-EPMC2975617	Short communication: PPAR gamma mediates a direct antiangiogenic effect of omega 3-PUFAs in proliferative retinopathy.	BIOSTUDIES_01	2026-08-11	2975617	removed_before_screening	DUPLICATE_LITERATURE_OR_REPOSITORY_MIRROR	Mirror of a literature or linked repository record; not a separate cohort.			https://www.ebi.ac.uk/biostudies/studies/S-EPMC2975617
BioStudies	S-EPMC5302889	BMP9/ALK1 inhibits neovascularization in mouse models of age-related macular degeneration.	BIOSTUDIES_01	2026-08-11	5302889	removed_before_screening	DUPLICATE_LITERATURE_OR_REPOSITORY_MIRROR	Mirror of a literature or linked repository record; not a separate cohort.			https://www.ebi.ac.uk/biostudies/studies/S-EPMC5302889
BioStudies	S-EPMC10605289	HIF-1α Reduction by Lowering Intraocular Pressure Alleviated Retinal Neovascularization.	BIOSTUDIES_01	2026-08-11	10605289	removed_before_screening	DUPLICATE_LITERATURE_OR_REPOSITORY_MIRROR	Mirror of a literature or linked repository record; not a separate cohort.			https://www.ebi.ac.uk/biostudies/studies/S-EPMC10605289
BioStudies	S-EPMC3184509	Pericyte-derived MFG-E8 regulates pathologic angiogenesis.	BIOSTUDIES_01	2026-08-11	3184509	removed_before_screening	DUPLICATE_LITERATURE_OR_REPOSITORY_MIRROR	Mirror of a literature or linked repository record; not a separate cohort.			https://www.ebi.ac.uk/biostudies/studies/S-EPMC3184509
BioStudies	S-EPMC9478033	Ferulic acid alleviates retinal neovascularization by modulating microglia/macrophage polarization through the ROS/NF-κB axis.	BIOSTUDIES_01	2026-08-11	9478033	removed_before_screening	DUPLICATE_LITERATURE_OR_REPOSITORY_MIRROR	Mirror of a literature or linked repository record; not a separate cohort.			https://www.ebi.ac.uk/biostudies/studies/S-EPMC9478033
BioStudies	S-EPMC7726024	Ferrochelatase regulates retinal neovascularization.	BIOSTUDIES_01	2026-08-11	7726024	removed_before_screening	DUPLICATE_LITERATURE_OR_REPOSITORY_MIRROR	Mirror of a literature or linked repository record; not a separate cohort.			https://www.ebi.ac.uk/biostudies/studies/S-EPMC7726024
BioStudies	S-EPMC10579817	Research hotspots and trends in retinopathy of prematurity from 2003 to 2022: a bibliometric analysis.	BIOSTUDIES_01	2026-08-11	10579817	removed_before_screening	DUPLICATE_LITERATURE_OR_REPOSITORY_MIRROR	Mirror of a literature or linked repository record; not a separate cohort.			https://www.ebi.ac.uk/biostudies/studies/S-EPMC10579817
BioStudies	S-EPMC10854107	M2 microglia-derived exosomes promote vascular remodeling in diabetic retinopathy.	BIOSTUDIES_01	2026-08-11	10854107	removed_before_screening	DUPLICATE_LITERATURE_OR_REPOSITORY_MIRROR	Mirror of a literature or linked repository record; not a separate cohort.			https://www.ebi.ac.uk/biostudies/studies/S-EPMC10854107
BioStudies	S-EPMC7920906	Transient receptor potential vanilloid 4 channel deletion regulates pathological but not developmental retinal angiogenesis.	BIOSTUDIES_01	2026-08-11	7920906	removed_before_screening	DUPLICATE_LITERATURE_OR_REPOSITORY_MIRROR	Mirror of a literature or linked repository record; not a separate cohort.			https://www.ebi.ac.uk/biostudies/studies/S-EPMC7920906
BioStudies	S-EPMC9917037	Finerenone, a Non-Steroidal Mineralocorticoid Receptor Antagonist, Reduces Vascular Injury and Increases Regulatory T-Cells: Studies in Rodents with Diabetic and Neovascular Retinopathy.	BIOSTUDIES_01	2026-08-11	9917037	removed_before_screening	DUPLICATE_LITERATURE_OR_REPOSITORY_MIRROR	Mirror of a literature or linked repository record; not a separate cohort.			https://www.ebi.ac.uk/biostudies/studies/S-EPMC9917037
BioStudies	S-EPMC10165359	Therapeutic activation of endothelial sphingosine-1-phosphate receptor 1 by chaperone-bound S1P suppresses proliferative retinal neovascularization.	BIOSTUDIES_01	2026-08-11	10165359	removed_before_screening	DUPLICATE_LITERATURE_OR_REPOSITORY_MIRROR	Mirror of a literature or linked repository record; not a separate cohort.			https://www.ebi.ac.uk/biostudies/studies/S-EPMC10165359
BioStudies	S-EPMC9675464	Endothelial cell polarity and extracellular matrix composition require functional ATP6AP2 during developmental and pathological angiogenesis.	BIOSTUDIES_01	2026-08-11	9675464	removed_before_screening	DUPLICATE_LITERATURE_OR_REPOSITORY_MIRROR	Mirror of a literature or linked repository record; not a separate cohort.			https://www.ebi.ac.uk/biostudies/studies/S-EPMC9675464
BioStudies	S-EPMC11467744	Reduction of pathological retinal neovascularization, vessel obliteration, and artery tortuosity by PEDF protein in an oxygen-induced ischemic retinopathy rat model.	BIOSTUDIES_01	2026-08-11	11467744	removed_before_screening	DUPLICATE_LITERATURE_OR_REPOSITORY_MIRROR	Mirror of a literature or linked repository record; not a separate cohort.			https://www.ebi.ac.uk/biostudies/studies/S-EPMC11467744
BioStudies	S-EPMC6485497	SRPK1 inhibition modulates VEGF splicing to reduce pathological neovascularization in a rat model of retinopathy of prematurity.	BIOSTUDIES_01	2026-08-11	6485497	removed_before_screening	DUPLICATE_LITERATURE_OR_REPOSITORY_MIRROR	Mirror of a literature or linked repository record; not a separate cohort.			https://www.ebi.ac.uk/biostudies/studies/S-EPMC6485497
BioStudies	S-EPMC10954754	RNA-binding proteins potentially regulate the alternative splicing of cell cycle-associated genes in proliferative diabetic retinopathy.	BIOSTUDIES_01	2026-08-11	10954754	removed_before_screening	DUPLICATE_LITERATURE_OR_REPOSITORY_MIRROR	Mirror of a literature or linked repository record; not a separate cohort.	GSE102485		https://www.ebi.ac.uk/biostudies/studies/S-EPMC10954754
BioStudies	S-EPMC9223486	Resveratrol, an Inhibitor Binding to VEGF, Restores the Pathology of Abnormal Angiogenesis in Retinopathy of Prematurity (ROP) in Mice: Application by Intravitreal and Topical Instillation.	BIOSTUDIES_01	2026-08-11	9223486	removed_before_screening	DUPLICATE_LITERATURE_OR_REPOSITORY_MIRROR	Mirror of a literature or linked repository record; not a separate cohort.			https://www.ebi.ac.uk/biostudies/studies/S-EPMC9223486
BioStudies	S-EPMC7401460	PPARα-Dependent Effects of Palmitoylethanolamide Against Retinal Neovascularization and Fibrosis.	BIOSTUDIES_01	2026-08-11	7401460	removed_before_screening	DUPLICATE_LITERATURE_OR_REPOSITORY_MIRROR	Mirror of a literature or linked repository record; not a separate cohort.			https://www.ebi.ac.uk/biostudies/studies/S-EPMC7401460
BioStudies	S-EPMC9925993	m<sup>6</sup>A modifications of circular RNAs in ischemia-induced retinal neovascularization.	BIOSTUDIES_01	2026-08-11	9925993	removed_before_screening	DUPLICATE_LITERATURE_OR_REPOSITORY_MIRROR	Mirror of a literature or linked repository record; not a separate cohort.			https://www.ebi.ac.uk/biostudies/studies/S-EPMC9925993
BioStudies	S-EPMC4906284	TLR2/4 deficiency prevents oxygen-induced vascular degeneration and promotes revascularization by downregulating IL-17 in the retina.	BIOSTUDIES_01	2026-08-11	4906284	removed_before_screening	DUPLICATE_LITERATURE_OR_REPOSITORY_MIRROR	Mirror of a literature or linked repository record; not a separate cohort.			https://www.ebi.ac.uk/biostudies/studies/S-EPMC4906284
BioStudies	S-EPMC4702134	Lack of netrin-4 modulates pathologic neovascularization in the eye.	BIOSTUDIES_01	2026-08-11	4702134	removed_before_screening	DUPLICATE_LITERATURE_OR_REPOSITORY_MIRROR	Mirror of a literature or linked repository record; not a separate cohort.			https://www.ebi.ac.uk/biostudies/studies/S-EPMC4702134
BioStudies	S-EPMC10749564	Method to Regulate Monocyte Function by Silencing HIF-1α mRNA in a Model of Retinal Neovascularization.	BIOSTUDIES_01	2026-08-11	10749564	removed_before_screening	DUPLICATE_LITERATURE_OR_REPOSITORY_MIRROR	Mirror of a literature or linked repository record; not a separate cohort.			https://www.ebi.ac.uk/biostudies/studies/S-EPMC10749564
BioStudies	S-EPMC7599576	A Fairy Chemical Suppresses Retinal Angiogenesis as a HIF Inhibitor.	BIOSTUDIES_01	2026-08-11	7599576	removed_before_screening	DUPLICATE_LITERATURE_OR_REPOSITORY_MIRROR	Mirror of a literature or linked repository record; not a separate cohort.			https://www.ebi.ac.uk/biostudies/studies/S-EPMC7599576
BioStudies	S-EPMC9802579	Sustained therapeutic effect of an anti-inflammatory peptide encapsulated in nanoparticles on ocular vascular leakage in diabetic retinopathy	BIOSTUDIES_01	2026-08-11	9802579	removed_before_screening	DUPLICATE_LITERATURE_OR_REPOSITORY_MIRROR	Mirror of a literature or linked repository record; not a separate cohort.			https://www.ebi.ac.uk/biostudies/studies/S-EPMC9802579
BioStudies	S-EPMC8164371	Nattokinase Attenuates Retinal Neovascularization Via Modulation of Nrf2/HO-1 and Glial Activation.	BIOSTUDIES_01	2026-08-11	8164371	removed_before_screening	DUPLICATE_LITERATURE_OR_REPOSITORY_MIRROR	Mirror of a literature or linked repository record; not a separate cohort.			https://www.ebi.ac.uk/biostudies/studies/S-EPMC8164371
BioStudies	S-EPMC4944207	Synthesis and Biological Evaluation of Novel Homoisoflavonoids for Retinal Neovascularization.	BIOSTUDIES_01	2026-08-11	4944207	removed_before_screening	DUPLICATE_LITERATURE_OR_REPOSITORY_MIRROR	Mirror of a literature or linked repository record; not a separate cohort.			https://www.ebi.ac.uk/biostudies/studies/S-EPMC4944207
BioStudies	S-EPMC8431595	Complement Factor B Mediates Ocular Angiogenesis through Regulating the VEGF Signaling Pathway.	BIOSTUDIES_01	2026-08-11	8431595	removed_before_screening	DUPLICATE_LITERATURE_OR_REPOSITORY_MIRROR	Mirror of a literature or linked repository record; not a separate cohort.			https://www.ebi.ac.uk/biostudies/studies/S-EPMC8431595
BioStudies	S-EPMC5032015	Retinal expression of small non-coding RNAs in a murine model of proliferative retinopathy.	BIOSTUDIES_01	2026-08-11	5032015	removed_before_screening	DUPLICATE_LITERATURE_OR_REPOSITORY_MIRROR	Mirror of a literature or linked repository record; not a separate cohort.			https://www.ebi.ac.uk/biostudies/studies/S-EPMC5032015
BioStudies	E-MTAB-14315	Single-cell RNA-seq of vascular endothelial cells in the mouse model of vascular injury	BIOSTUDIES_01	2026-08-11		title_metadata_screening	NO_ADDITIONAL_ELIGIBLE_COHORT_IDENTIFIED	No additional unique eligible P17 mouse retinal transcriptomic cohort was identified from the item metadata.			https://www.ebi.ac.uk/biostudies/studies/E-MTAB-14315
BioStudies	S-EPMC12528492	Mechanism of retinal angiogenesis induced by HIF-1α and HIF-2α under hyperoxic conditions.	BIOSTUDIES_01	2026-08-11	12528492	removed_before_screening	DUPLICATE_LITERATURE_OR_REPOSITORY_MIRROR	Mirror of a literature or linked repository record; not a separate cohort.			https://www.ebi.ac.uk/biostudies/studies/S-EPMC12528492
BioStudies	S-EPMC11714383	Endothelial activating transcription factor 3 promotes angiogenesis and vascular repair in the mouse retina.	BIOSTUDIES_01	2026-08-11	11714383	removed_before_screening	DUPLICATE_LITERATURE_OR_REPOSITORY_MIRROR	Mirror of a literature or linked repository record; not a separate cohort.			https://www.ebi.ac.uk/biostudies/studies/S-EPMC11714383
BioStudies	S-EPMC12128960	CAVIN3 deficiency promotes vascular normalization in ocular neovascular disease via ERK/JAG1 signaling pathway.	BIOSTUDIES_01	2026-08-11	12128960	removed_before_screening	DUPLICATE_LITERATURE_OR_REPOSITORY_MIRROR	Mirror of a literature or linked repository record; not a separate cohort.			https://www.ebi.ac.uk/biostudies/studies/S-EPMC12128960
BioStudies	S-EPMC11587869	Glucose-Regulated Protein 78, via Releasing β-Catenin from Adherens Junctions, Facilitates Its Interaction with STAT3 in Mediating Retinal Neovascularization.	BIOSTUDIES_01	2026-08-11	11587869	removed_before_screening	DUPLICATE_LITERATURE_OR_REPOSITORY_MIRROR	Mirror of a literature or linked repository record; not a separate cohort.			https://www.ebi.ac.uk/biostudies/studies/S-EPMC11587869
BioStudies	S-EPMC12700175	Conformational Dynamics of PKM2 Regulate Hypoxia-Induced Pathological Retinal Angiogenesis.	BIOSTUDIES_01	2026-08-11	12700175	removed_before_screening	DUPLICATE_LITERATURE_OR_REPOSITORY_MIRROR	Mirror of a literature or linked repository record; not a separate cohort.			https://www.ebi.ac.uk/biostudies/studies/S-EPMC12700175
BioStudies	S-EPMC12521193	Endothelial &lt;i&gt;Zmiz1&lt;/i&gt; modulates developmental angiogenesis in the retina.	BIOSTUDIES_01	2026-08-11	12521193	removed_before_screening	DUPLICATE_LITERATURE_OR_REPOSITORY_MIRROR	Mirror of a literature or linked repository record; not a separate cohort.			https://www.ebi.ac.uk/biostudies/studies/S-EPMC12521193
BioStudies	S-EPMC11787640	mTOR downregulation promotes anti-inflammatory responses via the CCL3-CCR5 axis in hypoxic retinopathy.	BIOSTUDIES_01	2026-08-11	11787640	removed_before_screening	DUPLICATE_LITERATURE_OR_REPOSITORY_MIRROR	Mirror of a literature or linked repository record; not a separate cohort.			https://www.ebi.ac.uk/biostudies/studies/S-EPMC11787640
BioStudies	S-EPMC7283227	Periostin and tenascin-C interaction promotes angiogenesis in ischemic proliferative retinopathy.	BIOSTUDIES_01	2026-08-11	7283227	removed_before_screening	DUPLICATE_LITERATURE_OR_REPOSITORY_MIRROR	Mirror of a literature or linked repository record; not a separate cohort.			https://www.ebi.ac.uk/biostudies/studies/S-EPMC7283227
BioStudies	S-EPMC10693630	BH4 supplementation reduces retinal cell death in ischaemic retinopathy.	BIOSTUDIES_01	2026-08-11	10693630	removed_before_screening	DUPLICATE_LITERATURE_OR_REPOSITORY_MIRROR	Mirror of a literature or linked repository record; not a separate cohort.			https://www.ebi.ac.uk/biostudies/studies/S-EPMC10693630
BioStudies	S-EPMC6999705	Potentiation of platelet-derived growth factor receptor-β signaling mediated by integrin-associated MFG-E8.	BIOSTUDIES_01	2026-08-11	6999705	removed_before_screening	DUPLICATE_LITERATURE_OR_REPOSITORY_MIRROR	Mirror of a literature or linked repository record; not a separate cohort.			https://www.ebi.ac.uk/biostudies/studies/S-EPMC6999705
BioStudies	S-EPMC9344220	LGALS3BP in Microglia Promotes Retinal Angiogenesis Through PI3K/AKT Pathway During Hypoxia.	BIOSTUDIES_01	2026-08-11	9344220	removed_before_screening	DUPLICATE_LITERATURE_OR_REPOSITORY_MIRROR	Mirror of a literature or linked repository record; not a separate cohort.			https://www.ebi.ac.uk/biostudies/studies/S-EPMC9344220
BioStudies	S-EPMC3969997	VEGFA activates erythropoietin receptor and enhances VEGFR2-mediated pathological angiogenesis.	BIOSTUDIES_01	2026-08-11	3969997	removed_before_screening	DUPLICATE_LITERATURE_OR_REPOSITORY_MIRROR	Mirror of a literature or linked repository record; not a separate cohort.			https://www.ebi.ac.uk/biostudies/studies/S-EPMC3969997
BioStudies	S-EPMC5039671	Erianin inhibits high glucose-induced retinal angiogenesis via blocking ERK1/2-regulated HIF-1α-VEGF/VEGFR2 signaling pathway.	BIOSTUDIES_01	2026-08-11	5039671	removed_before_screening	DUPLICATE_LITERATURE_OR_REPOSITORY_MIRROR	Mirror of a literature or linked repository record; not a separate cohort.			https://www.ebi.ac.uk/biostudies/studies/S-EPMC5039671
BioStudies	S-EPMC7441364	Signaling Through the Erythropoietin Receptor Affects Angiogenesis in Retinovascular Disease.	BIOSTUDIES_01	2026-08-11	7441364	removed_before_screening	DUPLICATE_LITERATURE_OR_REPOSITORY_MIRROR	Mirror of a literature or linked repository record; not a separate cohort.			https://www.ebi.ac.uk/biostudies/studies/S-EPMC7441364
BioStudies	S-EPMC11909870	Chronic intermittent hypoxia disrupts protective microgliosis in ischemic proliferative retinopathy.	BIOSTUDIES_01	2026-08-11	11909870	removed_before_screening	DUPLICATE_LITERATURE_OR_REPOSITORY_MIRROR	Mirror of a literature or linked repository record; not a separate cohort.			https://www.ebi.ac.uk/biostudies/studies/S-EPMC11909870
BioStudies	S-EPMC2398738	Leukemia inhibitory factor regulates microvessel density by modulating oxygen-dependent VEGF expression in mice.	BIOSTUDIES_01	2026-08-11	2398738	removed_before_screening	DUPLICATE_LITERATURE_OR_REPOSITORY_MIRROR	Mirror of a literature or linked repository record; not a separate cohort.			https://www.ebi.ac.uk/biostudies/studies/S-EPMC2398738
BioStudies	S-EPMC6818188	Identifying circRNA-associated-ceRNA networks in retinal neovascularization in mice.	BIOSTUDIES_01	2026-08-11	6818188	removed_before_screening	DUPLICATE_LITERATURE_OR_REPOSITORY_MIRROR	Mirror of a literature or linked repository record; not a separate cohort.			https://www.ebi.ac.uk/biostudies/studies/S-EPMC6818188
BioStudies	S-EPMC7188482	Vascular permeability in retinopathy is regulated by VEGFR2 Y949 signaling to VE-cadherin.	BIOSTUDIES_01	2026-08-11	7188482	removed_before_screening	DUPLICATE_LITERATURE_OR_REPOSITORY_MIRROR	Mirror of a literature or linked repository record; not a separate cohort.			https://www.ebi.ac.uk/biostudies/studies/S-EPMC7188482
BioStudies	S-EPMC7068470	Erythropoietin Receptor Signaling Supports Retinal Function after Vascular Injury.	BIOSTUDIES_01	2026-08-11	7068470	removed_before_screening	DUPLICATE_LITERATURE_OR_REPOSITORY_MIRROR	Mirror of a literature or linked repository record; not a separate cohort.			https://www.ebi.ac.uk/biostudies/studies/S-EPMC7068470
BioStudies	S-EPMC2868453	Identification of genes and pathways involved in retinal neovascularization by microarray analysis of two animal models of retinal angiogenesis.	BIOSTUDIES_01	2026-08-11	2868453	removed_before_screening	DUPLICATE_LITERATURE_OR_REPOSITORY_MIRROR	Mirror of a literature or linked repository record; not a separate cohort.			https://www.ebi.ac.uk/biostudies/studies/S-EPMC2868453
BioStudies	S-EPMC5379984	Secretogranin III as a disease-associated ligand for antiangiogenic therapy of diabetic retinopathy.	BIOSTUDIES_01	2026-08-11	5379984	removed_before_screening	DUPLICATE_LITERATURE_OR_REPOSITORY_MIRROR	Mirror of a literature or linked repository record; not a separate cohort.			https://www.ebi.ac.uk/biostudies/studies/S-EPMC5379984
BioStudies	S-EPMC5706503	MicroRNA-containing extracellular vesicles released from endothelial colony-forming cells modulate angiogenesis during ischaemic retinopathy.	BIOSTUDIES_01	2026-08-11	5706503	removed_before_screening	DUPLICATE_LITERATURE_OR_REPOSITORY_MIRROR	Mirror of a literature or linked repository record; not a separate cohort.			https://www.ebi.ac.uk/biostudies/studies/S-EPMC5706503
BioStudies	S-EPMC5123080	The Robo4 cytoplasmic domain is dispensable for vascular permeability and neovascularization.	BIOSTUDIES_01	2026-08-11	5123080	removed_before_screening	DUPLICATE_LITERATURE_OR_REPOSITORY_MIRROR	Mirror of a literature or linked repository record; not a separate cohort.			https://www.ebi.ac.uk/biostudies/studies/S-EPMC5123080
BioStudies	S-EPMC6938696	Epac1 inhibition ameliorates pathological angiogenesis through coordinated activation of Notch and suppression of VEGF signaling.	BIOSTUDIES_01	2026-08-11	6938696	removed_before_screening	DUPLICATE_LITERATURE_OR_REPOSITORY_MIRROR	Mirror of a literature or linked repository record; not a separate cohort.			https://www.ebi.ac.uk/biostudies/studies/S-EPMC6938696
BioStudies	S-EPMC9860285	Modulation of cGAS-STING signaling by PPARα in a mouse model of ischemia-induced retinopathy.	BIOSTUDIES_01	2026-08-11	9860285	removed_before_screening	DUPLICATE_LITERATURE_OR_REPOSITORY_MIRROR	Mirror of a literature or linked repository record; not a separate cohort.			https://www.ebi.ac.uk/biostudies/studies/S-EPMC9860285
BioStudies	S-EPMC12635336	NSC23766 effectively inhibited retinal neovascularization by disrupting the positive feedback loop between Rac1 and VEGFR2.	BIOSTUDIES_01	2026-08-11	12635336	removed_before_screening	DUPLICATE_LITERATURE_OR_REPOSITORY_MIRROR	Mirror of a literature or linked repository record; not a separate cohort.			https://www.ebi.ac.uk/biostudies/studies/S-EPMC12635336
BioStudies	S-EPMC8675187	Myeloid cell modulation by a GLP-1 receptor agonist regulates retinal angiogenesis in ischemic retinopathy.	BIOSTUDIES_01	2026-08-11	8675187	removed_before_screening	DUPLICATE_LITERATURE_OR_REPOSITORY_MIRROR	Mirror of a literature or linked repository record; not a separate cohort.			https://www.ebi.ac.uk/biostudies/studies/S-EPMC8675187
BioStudies	S-EPMC4002426	MicroRNA-410 reduces the expression of vascular endothelial growth factor and inhibits oxygen-induced retinal neovascularization.	BIOSTUDIES_01	2026-08-11	4002426	removed_before_screening	DUPLICATE_LITERATURE_OR_REPOSITORY_MIRROR	Mirror of a literature or linked repository record; not a separate cohort.			https://www.ebi.ac.uk/biostudies/studies/S-EPMC4002426
BioStudies	S-EPMC3837048	Antiangiogenic and antineuroinflammatory effects of kallistatin through interactions with the canonical Wnt pathway.	BIOSTUDIES_01	2026-08-11	3837048	removed_before_screening	DUPLICATE_LITERATURE_OR_REPOSITORY_MIRROR	Mirror of a literature or linked repository record; not a separate cohort.			https://www.ebi.ac.uk/biostudies/studies/S-EPMC3837048
BioStudies	S-EPMC4347252	Neuropilin-1 mediates myeloid cell chemoattraction and influences retinal neuroimmune crosstalk.	BIOSTUDIES_01	2026-08-11	4347252	removed_before_screening	DUPLICATE_LITERATURE_OR_REPOSITORY_MIRROR	Mirror of a literature or linked repository record; not a separate cohort.			https://www.ebi.ac.uk/biostudies/studies/S-EPMC4347252
BioStudies	S-EPMC9749868	Suppression of Pathological Ocular Neovascularization by a Small Molecular Multi-Targeting Kinase Inhibitor, DCZ19903.	BIOSTUDIES_01	2026-08-11	9749868	removed_before_screening	DUPLICATE_LITERATURE_OR_REPOSITORY_MIRROR	Mirror of a literature or linked repository record; not a separate cohort.			https://www.ebi.ac.uk/biostudies/studies/S-EPMC9749868
BioStudies	S-EPMC10573643	METTL3-Mediated RNA m6A Modification Regulates the Angiogenic Behaviors of Retinal Endothelial Cells by Methylating MMP2 and TIE2.	BIOSTUDIES_01	2026-08-11	10573643	removed_before_screening	DUPLICATE_LITERATURE_OR_REPOSITORY_MIRROR	Mirror of a literature or linked repository record; not a separate cohort.			https://www.ebi.ac.uk/biostudies/studies/S-EPMC10573643
BioStudies	S-EPMC6054429	Therapeutic Effects of a Novel Phenylphthalimide Analog for Corneal Neovascularization and Retinal Vascular Leakage.	BIOSTUDIES_01	2026-08-11	6054429	removed_before_screening	DUPLICATE_LITERATURE_OR_REPOSITORY_MIRROR	Mirror of a literature or linked repository record; not a separate cohort.			https://www.ebi.ac.uk/biostudies/studies/S-EPMC6054429
BioStudies	S-EPMC4337698	Novel Nrf2 activators from microbial transformation products inhibit blood-retinal barrier permeability in rabbits.	BIOSTUDIES_01	2026-08-11	4337698	removed_before_screening	DUPLICATE_LITERATURE_OR_REPOSITORY_MIRROR	Mirror of a literature or linked repository record; not a separate cohort.			https://www.ebi.ac.uk/biostudies/studies/S-EPMC4337698
BioStudies	S-EPMC5622066	Foxp3<sup>+</sup> Tregs are recruited to the retina to repair pathological angiogenesis.	BIOSTUDIES_01	2026-08-11	5622066	removed_before_screening	DUPLICATE_LITERATURE_OR_REPOSITORY_MIRROR	Mirror of a literature or linked repository record; not a separate cohort.			https://www.ebi.ac.uk/biostudies/studies/S-EPMC5622066
BioStudies	S-EPMC3070578	Overexpression of pigment epithelium-derived factor inhibits retinal inflammation and neovascularization.	BIOSTUDIES_01	2026-08-11	3070578	removed_before_screening	DUPLICATE_LITERATURE_OR_REPOSITORY_MIRROR	Mirror of a literature or linked repository record; not a separate cohort.			https://www.ebi.ac.uk/biostudies/studies/S-EPMC3070578
BioStudies	S-EPMC3809948	The role of the NFAT signaling pathway in retinal neovascularization.	BIOSTUDIES_01	2026-08-11	3809948	removed_before_screening	DUPLICATE_LITERATURE_OR_REPOSITORY_MIRROR	Mirror of a literature or linked repository record; not a separate cohort.			https://www.ebi.ac.uk/biostudies/studies/S-EPMC3809948
BioStudies	S-EPMC7519078	Myh11+ microvascular mural cells and derived mesenchymal stem cells promote retinal fibrosis.	BIOSTUDIES_01	2026-08-11	7519078	removed_before_screening	DUPLICATE_LITERATURE_OR_REPOSITORY_MIRROR	Mirror of a literature or linked repository record; not a separate cohort.			https://www.ebi.ac.uk/biostudies/studies/S-EPMC7519078
BioStudies	S-EPMC4182699	Interruption of Wnt signaling in Muller cells ameliorates ischemia-induced retinal neovascularization.	BIOSTUDIES_01	2026-08-11	4182699	removed_before_screening	DUPLICATE_LITERATURE_OR_REPOSITORY_MIRROR	Mirror of a literature or linked repository record; not a separate cohort.			https://www.ebi.ac.uk/biostudies/studies/S-EPMC4182699
BioStudies	S-EPMC5633008	Therapeutic Effects of a Novel Agonist of Peroxisome Proliferator-Activated Receptor Alpha for the Treatment of Diabetic Retinopathy.	BIOSTUDIES_01	2026-08-11	5633008	removed_before_screening	DUPLICATE_LITERATURE_OR_REPOSITORY_MIRROR	Mirror of a literature or linked repository record; not a separate cohort.			https://www.ebi.ac.uk/biostudies/studies/S-EPMC5633008
BioStudies	S-EPMC6460252	MicroRNA-145 Regulates Pathological Retinal Angiogenesis by Suppression of TMOD3.	BIOSTUDIES_01	2026-08-11	6460252	removed_before_screening	DUPLICATE_LITERATURE_OR_REPOSITORY_MIRROR	Mirror of a literature or linked repository record; not a separate cohort.			https://www.ebi.ac.uk/biostudies/studies/S-EPMC6460252
BioStudies	S-EPMC9120174	IL-33 enhances Jagged1 mediated NOTCH1 intracellular domain (NICD) deubiquitination and pathological angiogenesis in proliferative retinopathy.	BIOSTUDIES_01	2026-08-11	9120174	removed_before_screening	DUPLICATE_LITERATURE_OR_REPOSITORY_MIRROR	Mirror of a literature or linked repository record; not a separate cohort.			https://www.ebi.ac.uk/biostudies/studies/S-EPMC9120174
BioStudies	S-EPMC6160771	Gαi1 and Gαi3mediate VEGF-induced VEGFR2 endocytosis, signaling and angiogenesis.	BIOSTUDIES_01	2026-08-11	6160771	removed_before_screening	DUPLICATE_LITERATURE_OR_REPOSITORY_MIRROR	Mirror of a literature or linked repository record; not a separate cohort.			https://www.ebi.ac.uk/biostudies/studies/S-EPMC6160771
BioStudies	S-EPMC4639856	AMIGO2, a novel membrane anchor of PDK1, controls cell survival and angiogenesis via Akt activation.	BIOSTUDIES_01	2026-08-11	4639856	removed_before_screening	DUPLICATE_LITERATURE_OR_REPOSITORY_MIRROR	Mirror of a literature or linked repository record; not a separate cohort.			https://www.ebi.ac.uk/biostudies/studies/S-EPMC4639856
BioStudies	S-EPMC12741788	LncRNA DANCR Activates p38/mTOR-Mediated Autophagy via ANXA2 to Exacerbate Oxygen-Induced Retinal Neovascularization in Mice.	BIOSTUDIES_01	2026-08-11	12741788	removed_before_screening	DUPLICATE_LITERATURE_OR_REPOSITORY_MIRROR	Mirror of a literature or linked repository record; not a separate cohort.			https://www.ebi.ac.uk/biostudies/studies/S-EPMC12741788
BioStudies	S-EPMC10268405	Galectin-1-dependent ceRNA network in HRMECs revealed its association with retinal neovascularization.	BIOSTUDIES_01	2026-08-11	10268405	removed_before_screening	DUPLICATE_LITERATURE_OR_REPOSITORY_MIRROR	Mirror of a literature or linked repository record; not a separate cohort.			https://www.ebi.ac.uk/biostudies/studies/S-EPMC10268405
BioStudies	S-EPMC4892585	sFlt Multivalent Conjugates Inhibit Angiogenesis and Improve Half-Life In Vivo.	BIOSTUDIES_01	2026-08-11	4892585	removed_before_screening	DUPLICATE_LITERATURE_OR_REPOSITORY_MIRROR	Mirror of a literature or linked repository record; not a separate cohort.			https://www.ebi.ac.uk/biostudies/studies/S-EPMC4892585
BioStudies	S-EPMC12541085	Proliferative diabetic retinopathy subtypes defined by immune defense and endothelial mitochondrial dysfunction.	BIOSTUDIES_01	2026-08-11	12541085	removed_before_screening	DUPLICATE_LITERATURE_OR_REPOSITORY_MIRROR	Mirror of a literature or linked repository record; not a separate cohort.			https://www.ebi.ac.uk/biostudies/studies/S-EPMC12541085
BioStudies	S-EPMC12102187	PRL3-zumab as an anti-angiogenic therapy in neovascular eye diseases.	BIOSTUDIES_01	2026-08-11	12102187	removed_before_screening	DUPLICATE_LITERATURE_OR_REPOSITORY_MIRROR	Mirror of a literature or linked repository record; not a separate cohort.			https://www.ebi.ac.uk/biostudies/studies/S-EPMC12102187
BioStudies	S-EPMC12577310	Lactate-binding protein DNMT3A in HRMECs promotes angiogenesis by upregulating VEGFA through HIF-1α lactylation.	BIOSTUDIES_01	2026-08-11	12577310	removed_before_screening	DUPLICATE_LITERATURE_OR_REPOSITORY_MIRROR	Mirror of a literature or linked repository record; not a separate cohort.			https://www.ebi.ac.uk/biostudies/studies/S-EPMC12577310
BioStudies	S-EPMC12576578	M2 Macrophage-Derived Migrasomes Mediate Ischaemia-Induced Retinal Neovascularization by Targeting TREM2.	BIOSTUDIES_01	2026-08-11	12576578	removed_before_screening	DUPLICATE_LITERATURE_OR_REPOSITORY_MIRROR	Mirror of a literature or linked repository record; not a separate cohort.			https://www.ebi.ac.uk/biostudies/studies/S-EPMC12576578
BioStudies	S-EPMC12748342	FoxO1, together with Notch1, promotes microglial activation to induce pathological changes in the retinal vasculature under hypoxia.	BIOSTUDIES_01	2026-08-11	12748342	removed_before_screening	DUPLICATE_LITERATURE_OR_REPOSITORY_MIRROR	Mirror of a literature or linked repository record; not a separate cohort.			https://www.ebi.ac.uk/biostudies/studies/S-EPMC12748342
BioStudies	S-EPMC12738560	Endothelial RAB5IF is required for pathological and developmental retinal angiogenesis.	BIOSTUDIES_01	2026-08-11	12738560	removed_before_screening	DUPLICATE_LITERATURE_OR_REPOSITORY_MIRROR	Mirror of a literature or linked repository record; not a separate cohort.			https://www.ebi.ac.uk/biostudies/studies/S-EPMC12738560
BioStudies	S-EPMC11827618	Targeting Runx1 in Pathological Retinal Angiogenesis: A Potential Therapeutic Approach.	BIOSTUDIES_01	2026-08-11	11827618	removed_before_screening	DUPLICATE_LITERATURE_OR_REPOSITORY_MIRROR	Mirror of a literature or linked repository record; not a separate cohort.			https://www.ebi.ac.uk/biostudies/studies/S-EPMC11827618
BioStudies	S-EPMC11468456	Apoptotic Vesicles Modulate Endothelial Metabolism and Ameliorate Ischemic Retinopathy via PD1/PDL1 Axis.	BIOSTUDIES_01	2026-08-11	11468456	removed_before_screening	DUPLICATE_LITERATURE_OR_REPOSITORY_MIRROR	Mirror of a literature or linked repository record; not a separate cohort.			https://www.ebi.ac.uk/biostudies/studies/S-EPMC11468456
BioStudies	S-EPMC9014803	LncRNA <i>TUG1</i> Promotes Apoptosis, Invasion, and Angiogenesis of Retinal Endothelial Cells in Retinopathy of Prematurity <i>via</i> MiR-145-5p.	BIOSTUDIES_01	2026-08-11	9014803	removed_before_screening	DUPLICATE_LITERATURE_OR_REPOSITORY_MIRROR	Mirror of a literature or linked repository record; not a separate cohort.			https://www.ebi.ac.uk/biostudies/studies/S-EPMC9014803
BioStudies	S-EPMC9601270	Hematopoietic Cells Influence Vascular Development in the Retina.	BIOSTUDIES_01	2026-08-11	9601270	removed_before_screening	DUPLICATE_LITERATURE_OR_REPOSITORY_MIRROR	Mirror of a literature or linked repository record; not a separate cohort.			https://www.ebi.ac.uk/biostudies/studies/S-EPMC9601270
BioStudies	S-EPMC5746158	Preclinical Evaluation and Optimization of a Cell Therapy Using Human Cord Blood-Derived Endothelial Colony-Forming Cells for Ischemic Retinopathies.	BIOSTUDIES_01	2026-08-11	5746158	removed_before_screening	DUPLICATE_LITERATURE_OR_REPOSITORY_MIRROR	Mirror of a literature or linked repository record; not a separate cohort.			https://www.ebi.ac.uk/biostudies/studies/S-EPMC5746158
BioStudies	S-EPMC1815469	Impaired angiogenesis in aminopeptidase N-null mice.	BIOSTUDIES_01	2026-08-11	1815469	removed_before_screening	DUPLICATE_LITERATURE_OR_REPOSITORY_MIRROR	Mirror of a literature or linked repository record; not a separate cohort.			https://www.ebi.ac.uk/biostudies/studies/S-EPMC1815469
BioStudies	S-EPMC7441336	CNTF Prevents Development of Outer Retinal Neovascularization Through Upregulation of CxCl10.	BIOSTUDIES_01	2026-08-11	7441336	removed_before_screening	DUPLICATE_LITERATURE_OR_REPOSITORY_MIRROR	Mirror of a literature or linked repository record; not a separate cohort.			https://www.ebi.ac.uk/biostudies/studies/S-EPMC7441336
BioStudies	S-EPMC6892377	Enhancing Retinal Endothelial Glycolysis by Inhibiting UCP2 Promotes Physiologic Retinal Vascular Development in a Model of Retinopathy of Prematurity.	BIOSTUDIES_01	2026-08-11	6892377	removed_before_screening	DUPLICATE_LITERATURE_OR_REPOSITORY_MIRROR	Mirror of a literature or linked repository record; not a separate cohort.			https://www.ebi.ac.uk/biostudies/studies/S-EPMC6892377
BioStudies	S-EPMC9714971	Amino acid transporter SLC38A5 regulates developmental and pathological retinal angiogenesis.	BIOSTUDIES_01	2026-08-11	9714971	removed_before_screening	DUPLICATE_LITERATURE_OR_REPOSITORY_MIRROR	Mirror of a literature or linked repository record; not a separate cohort.			https://www.ebi.ac.uk/biostudies/studies/S-EPMC9714971
BioStudies	S-EPMC3897531	Inhibition of oxygen-induced ischemic retinal neovascularization with adenoviral 15-lipoxygenase-1 gene transfer via up-regulation of PPAR-γ and down-regulation of VEGFR-2 expression.	BIOSTUDIES_01	2026-08-11	3897531	removed_before_screening	DUPLICATE_LITERATURE_OR_REPOSITORY_MIRROR	Mirror of a literature or linked repository record; not a separate cohort.			https://www.ebi.ac.uk/biostudies/studies/S-EPMC3897531
BioStudies	S-EPMC5546514	Catecholamines facilitate VEGF-dependent angiogenesis via β2-adrenoceptor-induced Epac1 and PKA activation.	BIOSTUDIES_01	2026-08-11	5546514	removed_before_screening	DUPLICATE_LITERATURE_OR_REPOSITORY_MIRROR	Mirror of a literature or linked repository record; not a separate cohort.			https://www.ebi.ac.uk/biostudies/studies/S-EPMC5546514
BioStudies	S-EPMC11852370	Folic Acid Supplementation Inhibits Proliferative Retinopathy of Prematurity.	BIOSTUDIES_01	2026-08-11	11852370	removed_before_screening	DUPLICATE_LITERATURE_OR_REPOSITORY_MIRROR	Mirror of a literature or linked repository record; not a separate cohort.			https://www.ebi.ac.uk/biostudies/studies/S-EPMC11852370
BioStudies	S-EPMC11197344	Therapeutic intervention in neuroinflammation for neovascular ocular diseases through targeting the cGAS-STING-necroptosis pathway.	BIOSTUDIES_01	2026-08-11	11197344	removed_before_screening	DUPLICATE_LITERATURE_OR_REPOSITORY_MIRROR	Mirror of a literature or linked repository record; not a separate cohort.			https://www.ebi.ac.uk/biostudies/studies/S-EPMC11197344
BioStudies	S-EPMC12036877	BARD1-mediated stabilization of METTL14 promotes retinal neovascularization by m6A-modifying MXD1 mRNA on a YTHDF2-dependent manner.	BIOSTUDIES_01	2026-08-11	12036877	removed_before_screening	DUPLICATE_LITERATURE_OR_REPOSITORY_MIRROR	Mirror of a literature or linked repository record; not a separate cohort.			https://www.ebi.ac.uk/biostudies/studies/S-EPMC12036877
BioStudies	S-EPMC6381131	A MST1-FOXO1 cascade establishes endothelial tip cell polarity and facilitates sprouting angiogenesis.	BIOSTUDIES_01	2026-08-11	6381131	removed_before_screening	DUPLICATE_LITERATURE_OR_REPOSITORY_MIRROR	Mirror of a literature or linked repository record; not a separate cohort.			https://www.ebi.ac.uk/biostudies/studies/S-EPMC6381131
BioStudies	S-EPMC4750413	The alternative complement pathway aids in vascular regression during the early stages of a murine model of proliferative retinopathy.	BIOSTUDIES_01	2026-08-11	4750413	removed_before_screening	DUPLICATE_LITERATURE_OR_REPOSITORY_MIRROR	Mirror of a literature or linked repository record; not a separate cohort.			https://www.ebi.ac.uk/biostudies/studies/S-EPMC4750413
BioStudies	S-EPMC1606582	Expression of protein kinase CK2 in astroglial cells of normal and neovascularized retina.	BIOSTUDIES_01	2026-08-11	1606582	removed_before_screening	DUPLICATE_LITERATURE_OR_REPOSITORY_MIRROR	Mirror of a literature or linked repository record; not a separate cohort.			https://www.ebi.ac.uk/biostudies/studies/S-EPMC1606582
BioStudies	S-EPMC2885428	HIF-1alpha and HIF-2alpha are differentially activated in distinct cell populations in retinal ischaemia.	BIOSTUDIES_01	2026-08-11	2885428	removed_before_screening	DUPLICATE_LITERATURE_OR_REPOSITORY_MIRROR	Mirror of a literature or linked repository record; not a separate cohort.			https://www.ebi.ac.uk/biostudies/studies/S-EPMC2885428
BioStudies	S-EPMC3970000	Hematological, hepatic, and retinal phenotypes in mice deficient for prolyl hydroxylase domain proteins in the liver.	BIOSTUDIES_01	2026-08-11	3970000	removed_before_screening	DUPLICATE_LITERATURE_OR_REPOSITORY_MIRROR	Mirror of a literature or linked repository record; not a separate cohort.			https://www.ebi.ac.uk/biostudies/studies/S-EPMC3970000
BioStudies	S-EPMC9202333	A Novel Hypoxia-inducible Factor 1α Inhibitor KC7F2 Attenuates Oxygen-induced Retinal Neovascularization.	BIOSTUDIES_01	2026-08-11	9202333	removed_before_screening	DUPLICATE_LITERATURE_OR_REPOSITORY_MIRROR	Mirror of a literature or linked repository record; not a separate cohort.			https://www.ebi.ac.uk/biostudies/studies/S-EPMC9202333
BioStudies	S-EPMC4983815	Comparative systems pharmacology of HIF stabilization in the prevention of retinopathy of prematurity.	BIOSTUDIES_01	2026-08-11	4983815	removed_before_screening	DUPLICATE_LITERATURE_OR_REPOSITORY_MIRROR	Mirror of a literature or linked repository record; not a separate cohort.			https://www.ebi.ac.uk/biostudies/studies/S-EPMC4983815
BioStudies	S-EPMC4732907	LRP1 Regulates Retinal Angiogenesis by Inhibiting PARP-1 Activity and Endothelial Cell Proliferation.	BIOSTUDIES_01	2026-08-11	4732907	removed_before_screening	DUPLICATE_LITERATURE_OR_REPOSITORY_MIRROR	Mirror of a literature or linked repository record; not a separate cohort.			https://www.ebi.ac.uk/biostudies/studies/S-EPMC4732907
BioStudies	S-EPMC9617502	MicroRNA-92a-3p Regulates Retinal Angiogenesis by Targeting SGK3 in Vascular Endothelial Cells.	BIOSTUDIES_01	2026-08-11	9617502	removed_before_screening	DUPLICATE_LITERATURE_OR_REPOSITORY_MIRROR	Mirror of a literature or linked repository record; not a separate cohort.			https://www.ebi.ac.uk/biostudies/studies/S-EPMC9617502
BioStudies	S-EPMC5440012	Pathogenic Role of <i>microRNA-21</i> in Diabetic Retinopathy Through Downregulation of PPARα.	BIOSTUDIES_01	2026-08-11	5440012	removed_before_screening	DUPLICATE_LITERATURE_OR_REPOSITORY_MIRROR	Mirror of a literature or linked repository record; not a separate cohort.			https://www.ebi.ac.uk/biostudies/studies/S-EPMC5440012
BioStudies	S-EPMC4523342	Imidazole-based alkaloid derivative LCB54-0009 suppresses ocular angiogenesis and lymphangiogenesis in models of experimental retinopathy and corneal neovascularization.	BIOSTUDIES_01	2026-08-11	4523342	removed_before_screening	DUPLICATE_LITERATURE_OR_REPOSITORY_MIRROR	Mirror of a literature or linked repository record; not a separate cohort.			https://www.ebi.ac.uk/biostudies/studies/S-EPMC4523342
BioStudies	S-EPMC7859341	Mesenchymal Stromal Cells Promote Retinal Vascular Repair by Modulating Sema3E and IL-17A in a Model of Ischemic Retinopathy.	BIOSTUDIES_01	2026-08-11	7859341	removed_before_screening	DUPLICATE_LITERATURE_OR_REPOSITORY_MIRROR	Mirror of a literature or linked repository record; not a separate cohort.			https://www.ebi.ac.uk/biostudies/studies/S-EPMC7859341
BioStudies	S-EPMC7691789	Thyroid Activating Enzyme, Deiodinase II Is Required for Photoreceptor Function in the Mouse Model of Retinopathy of Prematurity.	BIOSTUDIES_01	2026-08-11	7691789	removed_before_screening	DUPLICATE_LITERATURE_OR_REPOSITORY_MIRROR	Mirror of a literature or linked repository record; not a separate cohort.			https://www.ebi.ac.uk/biostudies/studies/S-EPMC7691789
BioStudies	S-EPMC6322878	The TRPC5 channel regulates angiogenesis and promotes recovery from ischemic injury in mice.	BIOSTUDIES_01	2026-08-11	6322878	removed_before_screening	DUPLICATE_LITERATURE_OR_REPOSITORY_MIRROR	Mirror of a literature or linked repository record; not a separate cohort.			https://www.ebi.ac.uk/biostudies/studies/S-EPMC6322878
BioStudies	S-EPMC10734053	Succinate-induced macrophage polarization and RBP4 secretion promote vascular sprouting in ocular neovascularization.	BIOSTUDIES_01	2026-08-11	10734053	removed_before_screening	DUPLICATE_LITERATURE_OR_REPOSITORY_MIRROR	Mirror of a literature or linked repository record; not a separate cohort.			https://www.ebi.ac.uk/biostudies/studies/S-EPMC10734053
BioStudies	S-EPMC9029465	HIF-1-Dependent Induction of β3 Adrenoceptor: Evidence from the Mouse Retina.	BIOSTUDIES_01	2026-08-11	9029465	removed_before_screening	DUPLICATE_LITERATURE_OR_REPOSITORY_MIRROR	Mirror of a literature or linked repository record; not a separate cohort.			https://www.ebi.ac.uk/biostudies/studies/S-EPMC9029465
BioStudies	S-EPMC10408771	SYVN1 Promotes STAT3 Protein Ubiquitination and Exerts Antiangiogenesis Effects in Retinopathy of Prematurity Development.	BIOSTUDIES_01	2026-08-11	10408771	removed_before_screening	DUPLICATE_LITERATURE_OR_REPOSITORY_MIRROR	Mirror of a literature or linked repository record; not a separate cohort.			https://www.ebi.ac.uk/biostudies/studies/S-EPMC10408771
BioStudies	S-EPMC4224489	Anti-angiogenic effects of a mutant endostatin: a new prospect for treating retinal and choroidal neovascularization.	BIOSTUDIES_01	2026-08-11	4224489	removed_before_screening	DUPLICATE_LITERATURE_OR_REPOSITORY_MIRROR	Mirror of a literature or linked repository record; not a separate cohort.			https://www.ebi.ac.uk/biostudies/studies/S-EPMC4224489
BioStudies	S-EPMC8436818	Dendrimer-Triamcinolone Acetonide Reduces Neuroinflammation, Pathological Angiogenesis, and Neuroretinal Dysfunction in Ischemic Retinopathy.	BIOSTUDIES_01	2026-08-11	8436818	removed_before_screening	DUPLICATE_LITERATURE_OR_REPOSITORY_MIRROR	Mirror of a literature or linked repository record; not a separate cohort.			https://www.ebi.ac.uk/biostudies/studies/S-EPMC8436818
BioStudies	S-EPMC7718810	Stress Signal Regulation by Na/K-ATPase As a New Approach to Promote Physiological Revascularization in a Mouse Model of Ischemic Retinopathy.	BIOSTUDIES_01	2026-08-11	7718810	removed_before_screening	DUPLICATE_LITERATURE_OR_REPOSITORY_MIRROR	Mirror of a literature or linked repository record; not a separate cohort.			https://www.ebi.ac.uk/biostudies/studies/S-EPMC7718810
BioStudies	S-EPMC11892531	Fibronectin Mediates Endothelial-to-Mesenchymal Transition in Retina Angiogenesis.	BIOSTUDIES_01	2026-08-11	11892531	removed_before_screening	DUPLICATE_LITERATURE_OR_REPOSITORY_MIRROR	Mirror of a literature or linked repository record; not a separate cohort.			https://www.ebi.ac.uk/biostudies/studies/S-EPMC11892531
BioStudies	S-EPMC6237470	Thrombocytopenia is associated with severe retinopathy of prematurity.	BIOSTUDIES_01	2026-08-11	6237470	removed_before_screening	DUPLICATE_LITERATURE_OR_REPOSITORY_MIRROR	Mirror of a literature or linked repository record; not a separate cohort.			https://www.ebi.ac.uk/biostudies/studies/S-EPMC6237470
BioStudies	S-EPMC3405264	CCN2/CTGF regulates neovessel formation via targeting structurally conserved cystine knot motifs in multiple angiogenic regulators.	BIOSTUDIES_01	2026-08-11	3405264	removed_before_screening	DUPLICATE_LITERATURE_OR_REPOSITORY_MIRROR	Mirror of a literature or linked repository record; not a separate cohort.			https://www.ebi.ac.uk/biostudies/studies/S-EPMC3405264
BioStudies	S-EPMC5838168	Effect of human very low-density lipoproteins on cardiotrophin-like cytokine factor 1 (CLCF1) activity.	BIOSTUDIES_01	2026-08-11	5838168	removed_before_screening	DUPLICATE_LITERATURE_OR_REPOSITORY_MIRROR	Mirror of a literature or linked repository record; not a separate cohort.			https://www.ebi.ac.uk/biostudies/studies/S-EPMC5838168
BioStudies	S-EPMC8606818	Bulk Gene Expression Deconvolution Reveals Infiltration of M2 Macrophages in Retinal Neovascularization.	BIOSTUDIES_01	2026-08-11	8606818	removed_before_screening	DUPLICATE_LITERATURE_OR_REPOSITORY_MIRROR	Mirror of a literature or linked repository record; not a separate cohort.			https://www.ebi.ac.uk/biostudies/studies/S-EPMC8606818
BioStudies	S-EPMC7005627	Inhibition of Sema4D/PlexinB1 signaling alleviates vascular dysfunction in diabetic retinopathy.	BIOSTUDIES_01	2026-08-11	7005627	removed_before_screening	DUPLICATE_LITERATURE_OR_REPOSITORY_MIRROR	Mirror of a literature or linked repository record; not a separate cohort.			https://www.ebi.ac.uk/biostudies/studies/S-EPMC7005627
BioStudies	S-EPMC7880421	Endothelium-derived semaphorin 3G attenuates ischemic retinopathy by coordinating β-catenin-dependent vascular remodeling.	BIOSTUDIES_01	2026-08-11	7880421	removed_before_screening	DUPLICATE_LITERATURE_OR_REPOSITORY_MIRROR	Mirror of a literature or linked repository record; not a separate cohort.			https://www.ebi.ac.uk/biostudies/studies/S-EPMC7880421
BioStudies	S-EPMC10777876	Oncostatin M Reduces Pathological Neovascularization in the Retina Through Muller Cell Activation.	BIOSTUDIES_01	2026-08-11	10777876	removed_before_screening	DUPLICATE_LITERATURE_OR_REPOSITORY_MIRROR	Mirror of a literature or linked repository record; not a separate cohort.			https://www.ebi.ac.uk/biostudies/studies/S-EPMC10777876
BioStudies	S-EPMC6203654	Gene therapy knockdown of VEGFR2 in retinal endothelial cells to treat retinopathy.	BIOSTUDIES_01	2026-08-11	6203654	removed_before_screening	DUPLICATE_LITERATURE_OR_REPOSITORY_MIRROR	Mirror of a literature or linked repository record; not a separate cohort.			https://www.ebi.ac.uk/biostudies/studies/S-EPMC6203654
BioStudies	S-EPMC9153651	Role of Venous Endothelial Cells in Developmental and Pathologic Angiogenesis.	BIOSTUDIES_01	2026-08-11	9153651	removed_before_screening	DUPLICATE_LITERATURE_OR_REPOSITORY_MIRROR	Mirror of a literature or linked repository record; not a separate cohort.			https://www.ebi.ac.uk/biostudies/studies/S-EPMC9153651
BioStudies	S-EPMC4604683	Semaphorin-3C signals through Neuropilin-1 and PlexinD1 receptors to inhibit pathological angiogenesis.	BIOSTUDIES_01	2026-08-11	4604683	removed_before_screening	DUPLICATE_LITERATURE_OR_REPOSITORY_MIRROR	Mirror of a literature or linked repository record; not a separate cohort.			https://www.ebi.ac.uk/biostudies/studies/S-EPMC4604683
BioStudies	S-EPMC1794066	Deletion of tetraspanin Cd151 results in decreased pathologic angiogenesis in vivo and in vitro.	BIOSTUDIES_01	2026-08-11	1794066	removed_before_screening	DUPLICATE_LITERATURE_OR_REPOSITORY_MIRROR	Mirror of a literature or linked repository record; not a separate cohort.			https://www.ebi.ac.uk/biostudies/studies/S-EPMC1794066
BioStudies	S-EPMC12036978	Semaphorin 6A phase separation sustains a histone lactylation-dependent lactate buildup in pathological angiogenesis.	BIOSTUDIES_01	2026-08-11	12036978	removed_before_screening	DUPLICATE_LITERATURE_OR_REPOSITORY_MIRROR	Mirror of a literature or linked repository record; not a separate cohort.			https://www.ebi.ac.uk/biostudies/studies/S-EPMC12036978
BioStudies	S-EPMC12475287	Targeting ATF6 reduces pathological neovascularization and improves visual outcomes in retinal disease models.	BIOSTUDIES_01	2026-08-11	12475287	removed_before_screening	DUPLICATE_LITERATURE_OR_REPOSITORY_MIRROR	Mirror of a literature or linked repository record; not a separate cohort.			https://www.ebi.ac.uk/biostudies/studies/S-EPMC12475287
BioStudies	S-EPMC12701566	Atypical p38 Kinase Signaling in Retinal Vascular Damage and Recovery.	BIOSTUDIES_01	2026-08-11	12701566	removed_before_screening	DUPLICATE_LITERATURE_OR_REPOSITORY_MIRROR	Mirror of a literature or linked repository record; not a separate cohort.			https://www.ebi.ac.uk/biostudies/studies/S-EPMC12701566
BioStudies	S-EPMC11303108	Photoreceptors inhibit pathological retinal angiogenesis through transcriptional regulation of Adam17 via c-Fos.	BIOSTUDIES_01	2026-08-11	11303108	removed_before_screening	DUPLICATE_LITERATURE_OR_REPOSITORY_MIRROR	Mirror of a literature or linked repository record; not a separate cohort.			https://www.ebi.ac.uk/biostudies/studies/S-EPMC11303108
BioStudies	S-EPMC11629978	A non-genetic model of vascular shunts informs on the cellular mechanisms of formation and resolution of arteriovenous malformations.	BIOSTUDIES_01	2026-08-11	11629978	removed_before_screening	DUPLICATE_LITERATURE_OR_REPOSITORY_MIRROR	Mirror of a literature or linked repository record; not a separate cohort.			https://www.ebi.ac.uk/biostudies/studies/S-EPMC11629978
BioStudies	S-EPMC7393149	In vivo imaging of the hyaloid vascular regression and retinal and choroidal vascular development in rat eyes using optical coherence tomography angiography.	BIOSTUDIES_01	2026-08-11	7393149	removed_before_screening	DUPLICATE_LITERATURE_OR_REPOSITORY_MIRROR	Mirror of a literature or linked repository record; not a separate cohort.			https://www.ebi.ac.uk/biostudies/studies/S-EPMC7393149
BioStudies	S-EPMC5811779	Placental growth factor and its potential role in diabetic retinopathy and other ocular neovascular diseases.	BIOSTUDIES_01	2026-08-11	5811779	removed_before_screening	DUPLICATE_LITERATURE_OR_REPOSITORY_MIRROR	Mirror of a literature or linked repository record; not a separate cohort.			https://www.ebi.ac.uk/biostudies/studies/S-EPMC5811779
BioStudies	S-EPMC12486074	Polyunsaturated fatty acid balance modulates microglial state in a murine model of oxygen-induced neovascularization.	BIOSTUDIES_01	2026-08-11	12486074	removed_before_screening	DUPLICATE_LITERATURE_OR_REPOSITORY_MIRROR	Mirror of a literature or linked repository record; not a separate cohort.			https://www.ebi.ac.uk/biostudies/studies/S-EPMC12486074
BioStudies	S-EPMC10120156	YY1 lactylation in microglia promotes angiogenesis through transcription activation-mediated upregulation of FGF2.	BIOSTUDIES_01	2026-08-11	10120156	removed_before_screening	DUPLICATE_LITERATURE_OR_REPOSITORY_MIRROR	Mirror of a literature or linked repository record; not a separate cohort.			https://www.ebi.ac.uk/biostudies/studies/S-EPMC10120156
BioStudies	S-EPMC8899597	Targeting circular RNA-MET for anti-angiogenesis treatment via inhibiting endothelial tip cell specialization.	BIOSTUDIES_01	2026-08-11	8899597	removed_before_screening	DUPLICATE_LITERATURE_OR_REPOSITORY_MIRROR	Mirror of a literature or linked repository record; not a separate cohort.			https://www.ebi.ac.uk/biostudies/studies/S-EPMC8899597
BioStudies	S-EPMC6042062	Suppression of connexin 43 phosphorylation promotes astrocyte survival and vascular regeneration in proliferative retinopathy.	BIOSTUDIES_01	2026-08-11	6042062	removed_before_screening	DUPLICATE_LITERATURE_OR_REPOSITORY_MIRROR	Mirror of a literature or linked repository record; not a separate cohort.			https://www.ebi.ac.uk/biostudies/studies/S-EPMC6042062
BioStudies	S-EPMC6538628	Endophilin-A2 dependent VEGFR2 endocytosis promotes sprouting angiogenesis.	BIOSTUDIES_01	2026-08-11	6538628	removed_before_screening	DUPLICATE_LITERATURE_OR_REPOSITORY_MIRROR	Mirror of a literature or linked repository record; not a separate cohort.			https://www.ebi.ac.uk/biostudies/studies/S-EPMC6538628
BioStudies	S-EPMC5663877	Cavin-2 regulates the activity and stability of endothelial nitric-oxide synthase (eNOS) in angiogenesis.	BIOSTUDIES_01	2026-08-11	5663877	removed_before_screening	DUPLICATE_LITERATURE_OR_REPOSITORY_MIRROR	Mirror of a literature or linked repository record; not a separate cohort.			https://www.ebi.ac.uk/biostudies/studies/S-EPMC5663877
BioStudies	S-EPMC6592825	Ischaemia-induced retinal neovascularisation and diabetic retinopathy in mice with conditional knockout of hypoxia-inducible factor-1 in retinal Muller cells.	BIOSTUDIES_01	2026-08-11	6592825	removed_before_screening	DUPLICATE_LITERATURE_OR_REPOSITORY_MIRROR	Mirror of a literature or linked repository record; not a separate cohort.			https://www.ebi.ac.uk/biostudies/studies/S-EPMC6592825
BioStudies	S-EPMC11784786	Inhibition of Retinal Neovascularization by BEZ235: Targeting the Akt/4EBP1/Cyclin D1 Pathway in Endothelial Cells.	BIOSTUDIES_01	2026-08-11	11784786	removed_before_screening	DUPLICATE_LITERATURE_OR_REPOSITORY_MIRROR	Mirror of a literature or linked repository record; not a separate cohort.			https://www.ebi.ac.uk/biostudies/studies/S-EPMC11784786
BioStudies	S-EPMC5552119	The quinic acid derivative KZ-41 prevents glucose-induced caspase-3 activation in retinal endothelial cells through an IGF-1 receptor dependent mechanism.	BIOSTUDIES_01	2026-08-11	5552119	removed_before_screening	DUPLICATE_LITERATURE_OR_REPOSITORY_MIRROR	Mirror of a literature or linked repository record; not a separate cohort.			https://www.ebi.ac.uk/biostudies/studies/S-EPMC5552119
BioStudies	S-EPMC6104090	Deletion of p75<sup>NTR</sup> prevents vaso-obliteration and retinal neovascularization via activation of Trk- A receptor in ischemic retinopathy model.	BIOSTUDIES_01	2026-08-11	6104090	removed_before_screening	DUPLICATE_LITERATURE_OR_REPOSITORY_MIRROR	Mirror of a literature or linked repository record; not a separate cohort.			https://www.ebi.ac.uk/biostudies/studies/S-EPMC6104090
BioStudies	S-EPMC8830128	DIX domain containing 1 (DIXDC1) modulates VEGFR2 level in vasculatures to regulate embryonic and postnatal retina angiogenesis.	BIOSTUDIES_01	2026-08-11	8830128	removed_before_screening	DUPLICATE_LITERATURE_OR_REPOSITORY_MIRROR	Mirror of a literature or linked repository record; not a separate cohort.			https://www.ebi.ac.uk/biostudies/studies/S-EPMC8830128
BioStudies	S-EPMC4062823	The alternative complement pathway regulates pathological angiogenesis in the retina.	BIOSTUDIES_01	2026-08-11	4062823	removed_before_screening	DUPLICATE_LITERATURE_OR_REPOSITORY_MIRROR	Mirror of a literature or linked repository record; not a separate cohort.			https://www.ebi.ac.uk/biostudies/studies/S-EPMC4062823
BioStudies	S-EPMC7931615	Treatment of Experimental Choroidal Neovascularization via RUNX1 Inhibition.	BIOSTUDIES_01	2026-08-11	7931615	removed_before_screening	DUPLICATE_LITERATURE_OR_REPOSITORY_MIRROR	Mirror of a literature or linked repository record; not a separate cohort.			https://www.ebi.ac.uk/biostudies/studies/S-EPMC7931615
BioStudies	S-EPMC7584886	An inhibitor of endothelial ETS transcription factors promotes physiologic and therapeutic vessel regression.	BIOSTUDIES_01	2026-08-11	7584886	removed_before_screening	DUPLICATE_LITERATURE_OR_REPOSITORY_MIRROR	Mirror of a literature or linked repository record; not a separate cohort.			https://www.ebi.ac.uk/biostudies/studies/S-EPMC7584886
BioStudies	S-EPMC9540888	Deletion of Tgfβ signal in activated microglia prolongs hypoxia-induced retinal neovascularization enhancing Igf1 expression and retinal leukostasis.	BIOSTUDIES_01	2026-08-11	9540888	removed_before_screening	DUPLICATE_LITERATURE_OR_REPOSITORY_MIRROR	Mirror of a literature or linked repository record; not a separate cohort.			https://www.ebi.ac.uk/biostudies/studies/S-EPMC9540888
BioStudies	S-EPMC9653384	Transcriptome analysis of AAV-induced retinopathy models expressing human VEGF, TNF-α, and IL-6 in murine eyes.	BIOSTUDIES_01	2026-08-11	9653384	removed_before_screening	DUPLICATE_LITERATURE_OR_REPOSITORY_MIRROR	Mirror of a literature or linked repository record; not a separate cohort.			https://www.ebi.ac.uk/biostudies/studies/S-EPMC9653384
BioStudies	S-EPMC9053257	Specific ablation of PDGFRβ-overexpressing pericytes with antibody-drug conjugate potently inhibits pathologic ocular neovascularization in mouse models.	BIOSTUDIES_01	2026-08-11	9053257	removed_before_screening	DUPLICATE_LITERATURE_OR_REPOSITORY_MIRROR	Mirror of a literature or linked repository record; not a separate cohort.			https://www.ebi.ac.uk/biostudies/studies/S-EPMC9053257
BioStudies	S-EPMC9866717	Microglia-Derived Spp1 Promotes Pathological Retinal Neovascularization via Activating Endothelial Kit/Akt/mTOR Signaling.	BIOSTUDIES_01	2026-08-11	9866717	removed_before_screening	DUPLICATE_LITERATURE_OR_REPOSITORY_MIRROR	Mirror of a literature or linked repository record; not a separate cohort.			https://www.ebi.ac.uk/biostudies/studies/S-EPMC9866717
BioStudies	S-EPMC10334831	Tsp-1<sup>+</sup> microglia attenuate retinal neovascularization by maintaining the expression of Smad3 in endothelial cells through exosomes with decreased miR-27a-5p.	BIOSTUDIES_01	2026-08-11	10334831	removed_before_screening	DUPLICATE_LITERATURE_OR_REPOSITORY_MIRROR	Mirror of a literature or linked repository record; not a separate cohort.			https://www.ebi.ac.uk/biostudies/studies/S-EPMC10334831
BioStudies	S-EPMC5792486	Targeted Knockdown of Overexpressed VEGFA or VEGF164 in Muller cells maintains retinal function by triggering different signaling mechanisms.	BIOSTUDIES_01	2026-08-11	5792486	removed_before_screening	DUPLICATE_LITERATURE_OR_REPOSITORY_MIRROR	Mirror of a literature or linked repository record; not a separate cohort.			https://www.ebi.ac.uk/biostudies/studies/S-EPMC5792486
BioStudies	S-EPMC7085248	PI3Kδ as a Novel Therapeutic Target in Pathological Angiogenesis.	BIOSTUDIES_01	2026-08-11	7085248	removed_before_screening	DUPLICATE_LITERATURE_OR_REPOSITORY_MIRROR	Mirror of a literature or linked repository record; not a separate cohort.			https://www.ebi.ac.uk/biostudies/studies/S-EPMC7085248
BioStudies	S-EPMC8087444	eNOS-induced vascular barrier disruption in retinopathy by c-Src activation and tyrosine phosphorylation of VE-cadherin.	BIOSTUDIES_01	2026-08-11	8087444	removed_before_screening	DUPLICATE_LITERATURE_OR_REPOSITORY_MIRROR	Mirror of a literature or linked repository record; not a separate cohort.			https://www.ebi.ac.uk/biostudies/studies/S-EPMC8087444
BioStudies	S-EPMC3763762	Short hairpin RNA-mediated knockdown of VEGFA in Muller cells reduces intravitreal neovascularization in a rat model of retinopathy of prematurity.	BIOSTUDIES_01	2026-08-11	3763762	removed_before_screening	DUPLICATE_LITERATURE_OR_REPOSITORY_MIRROR	Mirror of a literature or linked repository record; not a separate cohort.			https://www.ebi.ac.uk/biostudies/studies/S-EPMC3763762
BioStudies	S-EPMC5923400	Intraocular Penetration of a vNAR: In Vivo and In Vitro VEGF165 Neutralization.	BIOSTUDIES_01	2026-08-11	5923400	removed_before_screening	DUPLICATE_LITERATURE_OR_REPOSITORY_MIRROR	Mirror of a literature or linked repository record; not a separate cohort.			https://www.ebi.ac.uk/biostudies/studies/S-EPMC5923400
BioStudies	S-EPMC12537649	Alamandine inhibits pathological retinal neovascularization by targeting the MrgD-mediated HIF-1α/VEGF pathway.	BIOSTUDIES_01	2026-08-11	12537649	removed_before_screening	DUPLICATE_LITERATURE_OR_REPOSITORY_MIRROR	Mirror of a literature or linked repository record; not a separate cohort.			https://www.ebi.ac.uk/biostudies/studies/S-EPMC12537649
BioStudies	S-EPMC12546633	Erdafitinib suppresses pathological retinal angiogenesis via dual targeting of FGFR and VEGFR2 signaling.	BIOSTUDIES_01	2026-08-11	12546633	removed_before_screening	DUPLICATE_LITERATURE_OR_REPOSITORY_MIRROR	Mirror of a literature or linked repository record; not a separate cohort.			https://www.ebi.ac.uk/biostudies/studies/S-EPMC12546633
BioStudies	S-EPMC12860109	Microglia-specific interleukin-4 delivery by engineered extracellular vesicles restores inner blood-retinal barrier in diabetic retinopathy via GAS6-MERTK pathway.	BIOSTUDIES_01	2026-08-11	12860109	removed_before_screening	DUPLICATE_LITERATURE_OR_REPOSITORY_MIRROR	Mirror of a literature or linked repository record; not a separate cohort.			https://www.ebi.ac.uk/biostudies/studies/S-EPMC12860109
BioStudies	S-EPMC12663691	N-acetylcysteine amide alleviates pathological neovascularization through mitochondrial protection and energy metabolism reprogramming of vascular endothelial cells.	BIOSTUDIES_01	2026-08-11	12663691	removed_before_screening	DUPLICATE_LITERATURE_OR_REPOSITORY_MIRROR	Mirror of a literature or linked repository record; not a separate cohort.			https://www.ebi.ac.uk/biostudies/studies/S-EPMC12663691
BioStudies	S-EPMC3059032	The matricellular protein cysteine-rich protein 61 (CCN1/Cyr61) enhances physiological adaptation of retinal vessels and reduces pathological neovascularization associated with ischemic retinopathy.	BIOSTUDIES_01	2026-08-11	3059032	removed_before_screening	DUPLICATE_LITERATURE_OR_REPOSITORY_MIRROR	Mirror of a literature or linked repository record; not a separate cohort.			https://www.ebi.ac.uk/biostudies/studies/S-EPMC3059032
BioStudies	S-EPMC12366864	Dual VEGF-Targeting Strategy Via AAV2-Delivered sFLT-1 and shVEGF for Retinal Neovascularization Therapy.	BIOSTUDIES_01	2026-08-11	12366864	removed_before_screening	DUPLICATE_LITERATURE_OR_REPOSITORY_MIRROR	Mirror of a literature or linked repository record; not a separate cohort.			https://www.ebi.ac.uk/biostudies/studies/S-EPMC12366864
BioStudies	S-EPMC3712060	TCF7L2 variation and proliferative diabetic retinopathy.	BIOSTUDIES_01	2026-08-11	3712060	removed_before_screening	DUPLICATE_LITERATURE_OR_REPOSITORY_MIRROR	Mirror of a literature or linked repository record; not a separate cohort.			https://www.ebi.ac.uk/biostudies/studies/S-EPMC3712060
BioStudies	S-EPMC11934774	Curcumin inhibits ferroptosis-mediated vascular occlusion by regulating the CXCL10/CXCR3 axis in retinopathy of prematurity.	BIOSTUDIES_01	2026-08-11	11934774	removed_before_screening	DUPLICATE_LITERATURE_OR_REPOSITORY_MIRROR	Mirror of a literature or linked repository record; not a separate cohort.			https://www.ebi.ac.uk/biostudies/studies/S-EPMC11934774
BioStudies	S-EPMC8126573	Endothelium-specific deletion of Nox4 delays retinal vascular development and mitigates pathological angiogenesis.	BIOSTUDIES_01	2026-08-11	8126573	removed_before_screening	DUPLICATE_LITERATURE_OR_REPOSITORY_MIRROR	Mirror of a literature or linked repository record; not a separate cohort.			https://www.ebi.ac.uk/biostudies/studies/S-EPMC8126573
BioStudies	S-EPMC9424300	Targeting proliferative retinopathy: Arginase 1 limits vitreoretinal neovascularization and promotes angiogenic repair.	BIOSTUDIES_01	2026-08-11	9424300	removed_before_screening	DUPLICATE_LITERATURE_OR_REPOSITORY_MIRROR	Mirror of a literature or linked repository record; not a separate cohort.			https://www.ebi.ac.uk/biostudies/studies/S-EPMC9424300
BioStudies	S-EPMC12934052	Methyltransferase-like 14 suppresses the retinal neovascularization by reducing HIF-1α in proliferative retinopathy.	BIOSTUDIES_01	2026-08-11	12934052	removed_before_screening	DUPLICATE_LITERATURE_OR_REPOSITORY_MIRROR	Mirror of a literature or linked repository record; not a separate cohort.			https://www.ebi.ac.uk/biostudies/studies/S-EPMC12934052
BioStudies	S-EPMC4904802	Hydrogen Sulfide Contributes to Retinal Neovascularization in Ischemia-Induced Retinopathy.	BIOSTUDIES_01	2026-08-11	4904802	removed_before_screening	DUPLICATE_LITERATURE_OR_REPOSITORY_MIRROR	Mirror of a literature or linked repository record; not a separate cohort.			https://www.ebi.ac.uk/biostudies/studies/S-EPMC4904802
BioStudies	S-EPMC8039955	Exosome-mediated delivery of an anti-angiogenic peptide inhibits pathological retinal angiogenesis.	BIOSTUDIES_01	2026-08-11	8039955	removed_before_screening	DUPLICATE_LITERATURE_OR_REPOSITORY_MIRROR	Mirror of a literature or linked repository record; not a separate cohort.			https://www.ebi.ac.uk/biostudies/studies/S-EPMC8039955
BioStudies	S-EPMC6381024	Probing Anti-inflammatory Properties Independent of NF-κB Through Conformational Constraint of Peptide-Based Interleukin-1 Receptor Biased Ligands.	BIOSTUDIES_01	2026-08-11	6381024	removed_before_screening	DUPLICATE_LITERATURE_OR_REPOSITORY_MIRROR	Mirror of a literature or linked repository record; not a separate cohort.			https://www.ebi.ac.uk/biostudies/studies/S-EPMC6381024
BioStudies	S-EPMC11899098	Single-cell analysis identifies MKI67&lt;sup&gt;+&lt;/sup&gt; microglia as drivers of neovascularization in proliferative diabetic retinopathy.	BIOSTUDIES_01	2026-08-11	11899098	removed_before_screening	DUPLICATE_LITERATURE_OR_REPOSITORY_MIRROR	Mirror of a literature or linked repository record; not a separate cohort.			https://www.ebi.ac.uk/biostudies/studies/S-EPMC11899098
BioStudies	S-EPMC4064689	PPARα regulates mobilization and homing of endothelial progenitor cells through the HIF-1α/SDF-1 pathway.	BIOSTUDIES_01	2026-08-11	4064689	removed_before_screening	DUPLICATE_LITERATURE_OR_REPOSITORY_MIRROR	Mirror of a literature or linked repository record; not a separate cohort.			https://www.ebi.ac.uk/biostudies/studies/S-EPMC4064689
BioStudies	S-EPMC7844016	A novel method for visualizing and tracking endogenous mRNA in a specific cell population in pathological neovascularization.	BIOSTUDIES_01	2026-08-11	7844016	removed_before_screening	DUPLICATE_LITERATURE_OR_REPOSITORY_MIRROR	Mirror of a literature or linked repository record; not a separate cohort.			https://www.ebi.ac.uk/biostudies/studies/S-EPMC7844016
BioStudies	S-EPMC8203455	HIF-1α and HIF-2α redundantly promote retinal neovascularization in patients with ischemic retinal disease.	BIOSTUDIES_01	2026-08-11	8203455	removed_before_screening	DUPLICATE_LITERATURE_OR_REPOSITORY_MIRROR	Mirror of a literature or linked repository record; not a separate cohort.			https://www.ebi.ac.uk/biostudies/studies/S-EPMC8203455
BioStudies	S-EPMC5032915	Lack of R-Ras Leads to Increased Vascular Permeability in Ischemic Retinopathy.	BIOSTUDIES_01	2026-08-11	5032915	removed_before_screening	DUPLICATE_LITERATURE_OR_REPOSITORY_MIRROR	Mirror of a literature or linked repository record; not a separate cohort.			https://www.ebi.ac.uk/biostudies/studies/S-EPMC5032915
BioStudies	S-EPMC9951594	Specialized endothelial tip cells guide neuroretina vascularization and blood-retina-barrier formation.	BIOSTUDIES_01	2026-08-11	9951594	removed_before_screening	DUPLICATE_LITERATURE_OR_REPOSITORY_MIRROR	Mirror of a literature or linked repository record; not a separate cohort.			https://www.ebi.ac.uk/biostudies/studies/S-EPMC9951594
BioStudies	S-EPMC6873699	IKKβ targeting reduces KRAS-induced lung cancer angiogenesis in vitro and in vivo: A potential anti-angiogenic therapeutic target.	BIOSTUDIES_01	2026-08-11	6873699	removed_before_screening	DUPLICATE_LITERATURE_OR_REPOSITORY_MIRROR	Mirror of a literature or linked repository record; not a separate cohort.			https://www.ebi.ac.uk/biostudies/studies/S-EPMC6873699
BioStudies	S-EPMC9578713	Murine endothelial serine palmitoyltransferase 1 (SPTLC1) is required for vascular development and systemic sphingolipid homeostasis.	BIOSTUDIES_01	2026-08-11	9578713	removed_before_screening	DUPLICATE_LITERATURE_OR_REPOSITORY_MIRROR	Mirror of a literature or linked repository record; not a separate cohort.			https://www.ebi.ac.uk/biostudies/studies/S-EPMC9578713
BioStudies	S-EPMC7738897	Three-dimensional Imaging Coupled with Topological Quantification Uncovers Retinal Vascular Plexuses Undergoing Obliteration.	BIOSTUDIES_01	2026-08-11	7738897	removed_before_screening	DUPLICATE_LITERATURE_OR_REPOSITORY_MIRROR	Mirror of a literature or linked repository record; not a separate cohort.			https://www.ebi.ac.uk/biostudies/studies/S-EPMC7738897
BioStudies	S-EPMC7545007	Role of METTL3-Dependent N<sup>6</sup>-Methyladenosine mRNA Modification in the Promotion of Angiogenesis.	BIOSTUDIES_01	2026-08-11	7545007	removed_before_screening	DUPLICATE_LITERATURE_OR_REPOSITORY_MIRROR	Mirror of a literature or linked repository record; not a separate cohort.			https://www.ebi.ac.uk/biostudies/studies/S-EPMC7545007
BioStudies	S-EPMC11898281	YBX1-driven TUBB6 upregulation facilitates ocular angiogenesis via WNT3A-FZD8 pathway.	BIOSTUDIES_01	2026-08-11	11898281	removed_before_screening	DUPLICATE_LITERATURE_OR_REPOSITORY_MIRROR	Mirror of a literature or linked repository record; not a separate cohort.			https://www.ebi.ac.uk/biostudies/studies/S-EPMC11898281
BioStudies	S-EPMC11653709	AIP1 Regulates Ocular Angiogenesis Via NLRP12-ASC-Caspase-8 Inflammasome-Mediated Endothelial Pyroptosis.	BIOSTUDIES_01	2026-08-11	11653709	removed_before_screening	DUPLICATE_LITERATURE_OR_REPOSITORY_MIRROR	Mirror of a literature or linked repository record; not a separate cohort.			https://www.ebi.ac.uk/biostudies/studies/S-EPMC11653709
BioStudies	S-EPMC11539582	m6A-methylase METTL3 promotes retinal angiogenesis through modulation of metabolic reprogramming in RPE cells.	BIOSTUDIES_01	2026-08-11	11539582	removed_before_screening	DUPLICATE_LITERATURE_OR_REPOSITORY_MIRROR	Mirror of a literature or linked repository record; not a separate cohort.			https://www.ebi.ac.uk/biostudies/studies/S-EPMC11539582
BioStudies	S-EPMC6877326	Caspase-8 modulates physiological and pathological angiogenesis during retina development.	BIOSTUDIES_01	2026-08-11	6877326	removed_before_screening	DUPLICATE_LITERATURE_OR_REPOSITORY_MIRROR	Mirror of a literature or linked repository record; not a separate cohort.			https://www.ebi.ac.uk/biostudies/studies/S-EPMC6877326
BioStudies	S-EPMC2910648	VEGF-A165b is cytoprotective and antiangiogenic in the retina.	BIOSTUDIES_01	2026-08-11	2910648	removed_before_screening	DUPLICATE_LITERATURE_OR_REPOSITORY_MIRROR	Mirror of a literature or linked repository record; not a separate cohort.			https://www.ebi.ac.uk/biostudies/studies/S-EPMC2910648
BioStudies	S-EPMC9747701	DCZ19931, a novel multi-targeting kinase inhibitor, inhibits ocular neovascularization.	BIOSTUDIES_01	2026-08-11	9747701	removed_before_screening	DUPLICATE_LITERATURE_OR_REPOSITORY_MIRROR	Mirror of a literature or linked repository record; not a separate cohort.			https://www.ebi.ac.uk/biostudies/studies/S-EPMC9747701
BioStudies	S-EPMC11822886	Monoclonal antibodies that block Roundabout 1 and 2 signaling target pathological ocular neovascularization through myeloid cells.	BIOSTUDIES_01	2026-08-11	11822886	removed_before_screening	DUPLICATE_LITERATURE_OR_REPOSITORY_MIRROR	Mirror of a literature or linked repository record; not a separate cohort.			https://www.ebi.ac.uk/biostudies/studies/S-EPMC11822886
BioStudies	S-EPMC7363146	Disruption of profilin1 function suppresses developmental and pathological retinal neovascularization.	BIOSTUDIES_01	2026-08-11	7363146	removed_before_screening	DUPLICATE_LITERATURE_OR_REPOSITORY_MIRROR	Mirror of a literature or linked repository record; not a separate cohort.			https://www.ebi.ac.uk/biostudies/studies/S-EPMC7363146
BioStudies	S-EPMC9659377	Anti-angiogenic properties of microRNA-29a in preclinical ocular models.	BIOSTUDIES_01	2026-08-11	9659377	removed_before_screening	DUPLICATE_LITERATURE_OR_REPOSITORY_MIRROR	Mirror of a literature or linked repository record; not a separate cohort.			https://www.ebi.ac.uk/biostudies/studies/S-EPMC9659377
BioStudies	S-EPMC11372157	A neutrophil elastase-generated mature form of IL-33 is a potent regulator of endothelial cell activation and proliferative retinopathy.	BIOSTUDIES_01	2026-08-11	11372157	removed_before_screening	DUPLICATE_LITERATURE_OR_REPOSITORY_MIRROR	Mirror of a literature or linked repository record; not a separate cohort.			https://www.ebi.ac.uk/biostudies/studies/S-EPMC11372157
BioStudies	S-EPMC9832840	PGF<sub>2α</sub> facilitates pathological retinal angiogenesis by modulating endothelial FOS-driven ELR<sup>+</sup> CXC chemokine expression.	BIOSTUDIES_01	2026-08-11	9832840	removed_before_screening	DUPLICATE_LITERATURE_OR_REPOSITORY_MIRROR	Mirror of a literature or linked repository record; not a separate cohort.			https://www.ebi.ac.uk/biostudies/studies/S-EPMC9832840
BioStudies	S-EPMC4579087	Gpr116 Receptor Regulates Distinctive Functions in Pneumocytes and Vascular Endothelium.	BIOSTUDIES_01	2026-08-11	4579087	removed_before_screening	DUPLICATE_LITERATURE_OR_REPOSITORY_MIRROR	Mirror of a literature or linked repository record; not a separate cohort.			https://www.ebi.ac.uk/biostudies/studies/S-EPMC4579087
BioStudies	S-EPMC10208444	Triciribine attenuates pathological neovascularization and vascular permeability in a mouse model of proliferative retinopathy.	BIOSTUDIES_01	2026-08-11	10208444	removed_before_screening	DUPLICATE_LITERATURE_OR_REPOSITORY_MIRROR	Mirror of a literature or linked repository record; not a separate cohort.			https://www.ebi.ac.uk/biostudies/studies/S-EPMC10208444
BioStudies	S-EPMC11209708	Targeting endothelial glycolytic reprogramming by tsRNA-1599 for ocular anti-angiogenesis therapy.	BIOSTUDIES_01	2026-08-11	11209708	removed_before_screening	DUPLICATE_LITERATURE_OR_REPOSITORY_MIRROR	Mirror of a literature or linked repository record; not a separate cohort.			https://www.ebi.ac.uk/biostudies/studies/S-EPMC11209708
BioStudies	S-EPMC12279074	Inhibition of Endothelial HIF-1α by IDF-11774 Attenuates Retinal Neovascularization and Vascular Leakage.	BIOSTUDIES_01	2026-08-11	12279074	removed_before_screening	DUPLICATE_LITERATURE_OR_REPOSITORY_MIRROR	Mirror of a literature or linked repository record; not a separate cohort.			https://www.ebi.ac.uk/biostudies/studies/S-EPMC12279074
BioStudies	S-EPMC6704537	Oxygen-induced circRNA profiles and coregulatory networks in a retinopathy of prematurity mouse model.	BIOSTUDIES_01	2026-08-11	6704537	removed_before_screening	DUPLICATE_LITERATURE_OR_REPOSITORY_MIRROR	Mirror of a literature or linked repository record; not a separate cohort.			https://www.ebi.ac.uk/biostudies/studies/S-EPMC6704537
BioStudies	S-EPMC9504055	Modification of erythrocyte membrane phospholipid composition in preterm newborns with retinopathy of prematurity: The omegaROP study.	BIOSTUDIES_01	2026-08-11	9504055	removed_before_screening	DUPLICATE_LITERATURE_OR_REPOSITORY_MIRROR	Mirror of a literature or linked repository record; not a separate cohort.			https://www.ebi.ac.uk/biostudies/studies/S-EPMC9504055
BioStudies	S-EPMC11564381	Mitochondrial control of hypoxia-induced pathological retinal angiogenesis.	BIOSTUDIES_01	2026-08-11	11564381	removed_before_screening	DUPLICATE_LITERATURE_OR_REPOSITORY_MIRROR	Mirror of a literature or linked repository record; not a separate cohort.			https://www.ebi.ac.uk/biostudies/studies/S-EPMC11564381
BioStudies	S-EPMC3920823	Targeting Muller cell-derived VEGF164 to reduce intravitreal neovascularization in the rat model of retinopathy of prematurity.	BIOSTUDIES_01	2026-08-11	3920823	removed_before_screening	DUPLICATE_LITERATURE_OR_REPOSITORY_MIRROR	Mirror of a literature or linked repository record; not a separate cohort.			https://www.ebi.ac.uk/biostudies/studies/S-EPMC3920823
BioStudies	S-EPMC11564262	Timed topical dexamethasone eye drops improve mitochondrial function to prevent severe retinopathy of prematurity.	BIOSTUDIES_01	2026-08-11	11564262	removed_before_screening	DUPLICATE_LITERATURE_OR_REPOSITORY_MIRROR	Mirror of a literature or linked repository record; not a separate cohort.			https://www.ebi.ac.uk/biostudies/studies/S-EPMC11564262
BioStudies	S-EPMC11792779	Ref-1 redox activity regulates retinal neovascularization by modulating transcriptional activation of HIF-1α.	BIOSTUDIES_01	2026-08-11	11792779	removed_before_screening	DUPLICATE_LITERATURE_OR_REPOSITORY_MIRROR	Mirror of a literature or linked repository record; not a separate cohort.			https://www.ebi.ac.uk/biostudies/studies/S-EPMC11792779
BioStudies	S-EPMC7008268	Protective Effect of Intravitreal Administration of Exosomes Derived from Mesenchymal Stem Cells on Retinal Ischemia.	BIOSTUDIES_01	2026-08-11	7008268	removed_before_screening	DUPLICATE_LITERATURE_OR_REPOSITORY_MIRROR	Mirror of a literature or linked repository record; not a separate cohort.			https://www.ebi.ac.uk/biostudies/studies/S-EPMC7008268
BioStudies	S-EPMC4491412	Increased dietary intake of omega-3-polyunsaturated fatty acids reduces pathological retinal angiogenesis.	BIOSTUDIES_01	2026-08-11	4491412	removed_before_screening	DUPLICATE_LITERATURE_OR_REPOSITORY_MIRROR	Mirror of a literature or linked repository record; not a separate cohort.			https://www.ebi.ac.uk/biostudies/studies/S-EPMC4491412
BioStudies	S-EPMC3669216	Pericytes derived from adipose-derived stem cells protect against retinal vasculopathy.	BIOSTUDIES_01	2026-08-11	3669216	removed_before_screening	DUPLICATE_LITERATURE_OR_REPOSITORY_MIRROR	Mirror of a literature or linked repository record; not a separate cohort.			https://www.ebi.ac.uk/biostudies/studies/S-EPMC3669216
BioStudies	S-EPMC10756240	Transcriptional Comparison of Human and Murine Retinal Neovascularization.	BIOSTUDIES_01	2026-08-11	10756240	removed_before_screening	DUPLICATE_LITERATURE_OR_REPOSITORY_MIRROR	Mirror of a literature or linked repository record; not a separate cohort.			https://www.ebi.ac.uk/biostudies/studies/S-EPMC10756240
BioStudies	S-EPMC6110853	NCK-dependent pericyte migration promotes pathological neovascularization in ischemic retinopathy.	BIOSTUDIES_01	2026-08-11	6110853	removed_before_screening	DUPLICATE_LITERATURE_OR_REPOSITORY_MIRROR	Mirror of a literature or linked repository record; not a separate cohort.			https://www.ebi.ac.uk/biostudies/studies/S-EPMC6110853
BioStudies	S-EPMC7162655	Mouse retinal cell behaviour in space and time using light sheet fluorescence microscopy.	BIOSTUDIES_01	2026-08-11	7162655	removed_before_screening	DUPLICATE_LITERATURE_OR_REPOSITORY_MIRROR	Mirror of a literature or linked repository record; not a separate cohort.			https://www.ebi.ac.uk/biostudies/studies/S-EPMC7162655
BioStudies	S-EPMC11244917	Endothelial Zmiz1 modulates physiological and pathophysiological angiogenesis during retinal development.	BIOSTUDIES_01	2026-08-11	11244917	removed_before_screening	DUPLICATE_LITERATURE_OR_REPOSITORY_MIRROR	Mirror of a literature or linked repository record; not a separate cohort.			https://www.ebi.ac.uk/biostudies/studies/S-EPMC11244917
BioStudies	S-EPMC11532489	Enhancing Gpx1 palmitoylation to inhibit angiogenesis by targeting PPT1.	BIOSTUDIES_01	2026-08-11	11532489	removed_before_screening	DUPLICATE_LITERATURE_OR_REPOSITORY_MIRROR	Mirror of a literature or linked repository record; not a separate cohort.			https://www.ebi.ac.uk/biostudies/studies/S-EPMC11532489
BioStudies	S-EPMC4381778	Dietary ω-3 polyunsaturated fatty acids decrease retinal neovascularization by adipose-endoplasmic reticulum stress reduction to increase adiponectin.	BIOSTUDIES_01	2026-08-11	4381778	removed_before_screening	DUPLICATE_LITERATURE_OR_REPOSITORY_MIRROR	Mirror of a literature or linked repository record; not a separate cohort.			https://www.ebi.ac.uk/biostudies/studies/S-EPMC4381778
BioStudies	S-EPMC5586016	Tetrahydrobiopterin (BH4) deficiency is associated with augmented inflammation and microvascular degeneration in the retina.	BIOSTUDIES_01	2026-08-11	5586016	removed_before_screening	DUPLICATE_LITERATURE_OR_REPOSITORY_MIRROR	Mirror of a literature or linked repository record; not a separate cohort.			https://www.ebi.ac.uk/biostudies/studies/S-EPMC5586016
BioStudies	S-EPMC8261507	A Norrin/Wnt surrogate antibody stimulates endothelial cell barrier function and rescues retinopathy.	BIOSTUDIES_01	2026-08-11	8261507	removed_before_screening	DUPLICATE_LITERATURE_OR_REPOSITORY_MIRROR	Mirror of a literature or linked repository record; not a separate cohort.			https://www.ebi.ac.uk/biostudies/studies/S-EPMC8261507
BioStudies	S-EPMC10945342	G protein subunit alpha i2's pivotal role in angiogenesis.	BIOSTUDIES_01	2026-08-11	10945342	removed_before_screening	DUPLICATE_LITERATURE_OR_REPOSITORY_MIRROR	Mirror of a literature or linked repository record; not a separate cohort.			https://www.ebi.ac.uk/biostudies/studies/S-EPMC10945342
BioStudies	S-EPMC6675544	Serine and 1-carbon metabolism are required for HIF-mediated protection against retinopathy of prematurity.	BIOSTUDIES_01	2026-08-11	6675544	removed_before_screening	DUPLICATE_LITERATURE_OR_REPOSITORY_MIRROR	Mirror of a literature or linked repository record; not a separate cohort.			https://www.ebi.ac.uk/biostudies/studies/S-EPMC6675544
BioStudies	S-EPMC12679583	Systemic targeting of aberrant neovascular tufts using trehalose-dendrimer nanocarriers for the treatment of proliferative retinopathies.	BIOSTUDIES_01	2026-08-11	12679583	removed_before_screening	DUPLICATE_LITERATURE_OR_REPOSITORY_MIRROR	Mirror of a literature or linked repository record; not a separate cohort.			https://www.ebi.ac.uk/biostudies/studies/S-EPMC12679583
BioStudies	S-EPMC5885898	Association of Retinopathy of Prematurity With Low Levels of Arachidonic Acid: A Secondary Analysis of a Randomized Clinical Trial.	BIOSTUDIES_01	2026-08-11	5885898	removed_before_screening	DUPLICATE_LITERATURE_OR_REPOSITORY_MIRROR	Mirror of a literature or linked repository record; not a separate cohort.			https://www.ebi.ac.uk/biostudies/studies/S-EPMC5885898
BioStudies	S-EPMC12176913	Immunotherapy with low-dose IL-2 attenuates vascular injury in mice with diabetic and neovascular retinopathy by restoring the balance between Foxp3&lt;sup&gt;+&lt;/sup&gt; Tregs and CD8&lt;sup&gt;+&lt;/sup&gt; T cells.	BIOSTUDIES_01	2026-08-11	12176913	removed_before_screening	DUPLICATE_LITERATURE_OR_REPOSITORY_MIRROR	Mirror of a literature or linked repository record; not a separate cohort.			https://www.ebi.ac.uk/biostudies/studies/S-EPMC12176913
BioStudies	S-EPMC10872267	SUMOylation Fine-Tunes Endothelial HEY1 in the Regulation of Angiogenesis.	BIOSTUDIES_01	2026-08-11	10872267	removed_before_screening	DUPLICATE_LITERATURE_OR_REPOSITORY_MIRROR	Mirror of a literature or linked repository record; not a separate cohort.			https://www.ebi.ac.uk/biostudies/studies/S-EPMC10872267
BioStudies	S-EPMC12036884	Serine supplementation suppresses hypoxia-induced pathological retinal angiogenesis.	BIOSTUDIES_01	2026-08-11	12036884	removed_before_screening	DUPLICATE_LITERATURE_OR_REPOSITORY_MIRROR	Mirror of a literature or linked repository record; not a separate cohort.			https://www.ebi.ac.uk/biostudies/studies/S-EPMC12036884
BioStudies	S-EPMC9869542	Role of acyl-coenzyme A: cholesterol transferase 1 (ACAT1) in retinal neovascularization.	BIOSTUDIES_01	2026-08-11	9869542	removed_before_screening	DUPLICATE_LITERATURE_OR_REPOSITORY_MIRROR	Mirror of a literature or linked repository record; not a separate cohort.			https://www.ebi.ac.uk/biostudies/studies/S-EPMC9869542
BioStudies	S-EPMC4120754	Endothelial PFKFB3 plays a critical role in angiogenesis.	BIOSTUDIES_01	2026-08-11	4120754	removed_before_screening	DUPLICATE_LITERATURE_OR_REPOSITORY_MIRROR	Mirror of a literature or linked repository record; not a separate cohort.			https://www.ebi.ac.uk/biostudies/studies/S-EPMC4120754
BioStudies	S-EPMC7718434	Vitreous metabolomics profiling of proliferative diabetic retinopathy.	BIOSTUDIES_01	2026-08-11	7718434	removed_before_screening	DUPLICATE_LITERATURE_OR_REPOSITORY_MIRROR	Mirror of a literature or linked repository record; not a separate cohort.			https://www.ebi.ac.uk/biostudies/studies/S-EPMC7718434
BioStudies	S-EPMC8336301	C-CBL is required for inhibition of angiogenesis through modulating JAK2/STAT3 activity in ROP development.	BIOSTUDIES_01	2026-08-11	8336301	removed_before_screening	DUPLICATE_LITERATURE_OR_REPOSITORY_MIRROR	Mirror of a literature or linked repository record; not a separate cohort.			https://www.ebi.ac.uk/biostudies/studies/S-EPMC8336301
BioStudies	S-EPMC8739159	eNOS controls angiogenic sprouting and retinal neovascularization through the regulation of endothelial cell polarity.	BIOSTUDIES_01	2026-08-11	8739159	removed_before_screening	DUPLICATE_LITERATURE_OR_REPOSITORY_MIRROR	Mirror of a literature or linked repository record; not a separate cohort.			https://www.ebi.ac.uk/biostudies/studies/S-EPMC8739159
BioStudies	S-SCDT-10_15252-EMMM_202216645	Therapeutic activation of endothelial S1PR1 suppresses proliferative retinal neovascularization	BIOSTUDIES_01	2026-08-11		title_metadata_screening	NO_ADDITIONAL_ELIGIBLE_COHORT_IDENTIFIED	No additional unique eligible P17 mouse retinal transcriptomic cohort was identified from the item metadata.			https://www.ebi.ac.uk/biostudies/studies/S-SCDT-10_15252-EMMM_202216645
BioStudies	S-JCBD-201503113	AMIGO2, a novel membrane anchor of PDK1, controls cell survival and angiogenesis via Akt activation	BIOSTUDIES_01	2026-08-11		title_metadata_screening	NO_ADDITIONAL_ELIGIBLE_COHORT_IDENTIFIED	No additional unique eligible P17 mouse retinal transcriptomic cohort was identified from the item metadata.			https://www.ebi.ac.uk/biostudies/studies/S-JCBD-201503113
BioStudies	S-EPMC6917213	A transcriptome-based signature of pathological angiogenesis predicts breast cancer patient survival.	BIOSTUDIES_01	2026-08-11	6917213	removed_before_screening	DUPLICATE_LITERATURE_OR_REPOSITORY_MIRROR	Mirror of a literature or linked repository record; not a separate cohort.			https://www.ebi.ac.uk/biostudies/studies/S-EPMC6917213
BioStudies	S-SCDT-10_15252-EMMM_202216373	PGF2α facilitates pathological retinal angiogenesis by modulating endothelial FOS-driven ELR+ CXC chemokine expression	BIOSTUDIES_01	2026-08-11		title_metadata_screening	NO_ADDITIONAL_ELIGIBLE_COHORT_IDENTIFIED	No additional unique eligible P17 mouse retinal transcriptomic cohort was identified from the item metadata.			https://www.ebi.ac.uk/biostudies/studies/S-SCDT-10_15252-EMMM_202216373
