accession	publication	platform	retinal_tissue_or_compartment	age	OIR_definition	control_definition	treatment_control_arm_status	sample_ID	group	animal_ID	eye_laterality	pooling	technical_replicate_ID	recoverability_evidence	unit_status	primary_action	source_evidence	Adora2a_expression_used_pre_audit
GSE123945	Epithelial membrane protein-2 promotes VEGF signaling to promote pathological neovascular growth in retinopathy of prematurity	FPKM	retinal OIR-relevant deposited sample/library	P17	P17 OIR group identified in official record	P17 normoxia/room-air comparator identified in official record	eligible predefined OIR-control contrast	WTNM1	Normoxia	not deposited	not deposited	not completely recoverable	none identified	distinct deposited retinal biological samples/libraries; no technical duplication identified	DEPOSITED_RETINAL_BIOLOGICAL_SAMPLE_WITH_UNRESOLVED_ANIMAL_MAPPING	RETAIN_PRIMARY_DEPOSITED_SAMPLE_SYNTHESIS	official GEO record and processed matrix; release_input/GSE123945_MWMSmm.genesfpkm.txt.gz	0.84799690655495
GSE123945	Epithelial membrane protein-2 promotes VEGF signaling to promote pathological neovascular growth in retinopathy of prematurity	FPKM	retinal OIR-relevant deposited sample/library	P17	P17 OIR group identified in official record	P17 normoxia/room-air comparator identified in official record	eligible predefined OIR-control contrast	WTNM2	Normoxia	not deposited	not deposited	not completely recoverable	none identified	distinct deposited retinal biological samples/libraries; no technical duplication identified	DEPOSITED_RETINAL_BIOLOGICAL_SAMPLE_WITH_UNRESOLVED_ANIMAL_MAPPING	RETAIN_PRIMARY_DEPOSITED_SAMPLE_SYNTHESIS	official GEO record and processed matrix; release_input/GSE123945_MWMSmm.genesfpkm.txt.gz	0.400537929583729
GSE123945	Epithelial membrane protein-2 promotes VEGF signaling to promote pathological neovascular growth in retinopathy of prematurity	FPKM	retinal OIR-relevant deposited sample/library	P17	P17 OIR group identified in official record	P17 normoxia/room-air comparator identified in official record	eligible predefined OIR-control contrast	WTNM3	Normoxia	not deposited	not deposited	not completely recoverable	none identified	distinct deposited retinal biological samples/libraries; no technical duplication identified	DEPOSITED_RETINAL_BIOLOGICAL_SAMPLE_WITH_UNRESOLVED_ANIMAL_MAPPING	RETAIN_PRIMARY_DEPOSITED_SAMPLE_SYNTHESIS	official GEO record and processed matrix; release_input/GSE123945_MWMSmm.genesfpkm.txt.gz	0.545968369105292
GSE123945	Epithelial membrane protein-2 promotes VEGF signaling to promote pathological neovascular growth in retinopathy of prematurity	FPKM	retinal OIR-relevant deposited sample/library	P17	P17 OIR group identified in official record	P17 normoxia/room-air comparator identified in official record	eligible predefined OIR-control contrast	WTNM4	Normoxia	not deposited	not deposited	not completely recoverable	none identified	distinct deposited retinal biological samples/libraries; no technical duplication identified	DEPOSITED_RETINAL_BIOLOGICAL_SAMPLE_WITH_UNRESOLVED_ANIMAL_MAPPING	RETAIN_PRIMARY_DEPOSITED_SAMPLE_SYNTHESIS	official GEO record and processed matrix; release_input/GSE123945_MWMSmm.genesfpkm.txt.gz	1.09761079662642
GSE123945	Epithelial membrane protein-2 promotes VEGF signaling to promote pathological neovascular growth in retinopathy of prematurity	FPKM	retinal OIR-relevant deposited sample/library	P17	P17 OIR group identified in official record	P17 normoxia/room-air comparator identified in official record	eligible predefined OIR-control contrast	WTHP1	OIR	not deposited	not deposited	not completely recoverable	none identified	distinct deposited retinal biological samples/libraries; no technical duplication identified	DEPOSITED_RETINAL_BIOLOGICAL_SAMPLE_WITH_UNRESOLVED_ANIMAL_MAPPING	RETAIN_PRIMARY_DEPOSITED_SAMPLE_SYNTHESIS	official GEO record and processed matrix; release_input/GSE123945_MWMSmm.genesfpkm.txt.gz	1.23266075679027
GSE123945	Epithelial membrane protein-2 promotes VEGF signaling to promote pathological neovascular growth in retinopathy of prematurity	FPKM	retinal OIR-relevant deposited sample/library	P17	P17 OIR group identified in official record	P17 normoxia/room-air comparator identified in official record	eligible predefined OIR-control contrast	WTHP2	OIR	not deposited	not deposited	not completely recoverable	none identified	distinct deposited retinal biological samples/libraries; no technical duplication identified	DEPOSITED_RETINAL_BIOLOGICAL_SAMPLE_WITH_UNRESOLVED_ANIMAL_MAPPING	RETAIN_PRIMARY_DEPOSITED_SAMPLE_SYNTHESIS	official GEO record and processed matrix; release_input/GSE123945_MWMSmm.genesfpkm.txt.gz	0.782408564927373
GSE123945	Epithelial membrane protein-2 promotes VEGF signaling to promote pathological neovascular growth in retinopathy of prematurity	FPKM	retinal OIR-relevant deposited sample/library	P17	P17 OIR group identified in official record	P17 normoxia/room-air comparator identified in official record	eligible predefined OIR-control contrast	WTHP3	OIR	not deposited	not deposited	not completely recoverable	none identified	distinct deposited retinal biological samples/libraries; no technical duplication identified	DEPOSITED_RETINAL_BIOLOGICAL_SAMPLE_WITH_UNRESOLVED_ANIMAL_MAPPING	RETAIN_PRIMARY_DEPOSITED_SAMPLE_SYNTHESIS	official GEO record and processed matrix; release_input/GSE123945_MWMSmm.genesfpkm.txt.gz	1.23266075679027
GSE123945	Epithelial membrane protein-2 promotes VEGF signaling to promote pathological neovascular growth in retinopathy of prematurity	FPKM	retinal OIR-relevant deposited sample/library	P17	P17 OIR group identified in official record	P17 normoxia/room-air comparator identified in official record	eligible predefined OIR-control contrast	WTHP4	OIR	not deposited	not deposited	not completely recoverable	none identified	distinct deposited retinal biological samples/libraries; no technical duplication identified	DEPOSITED_RETINAL_BIOLOGICAL_SAMPLE_WITH_UNRESOLVED_ANIMAL_MAPPING	RETAIN_PRIMARY_DEPOSITED_SAMPLE_SYNTHESIS	official GEO record and processed matrix; release_input/GSE123945_MWMSmm.genesfpkm.txt.gz	0.887525270741587
GSE124956	Effects of Aflibercept administration at 25 mg per kg body weight in retinas of mice subjected to the oxygen-induced retinopathy protocol	author_normalized_log	retinal OIR-relevant deposited sample/library	P17	P17 OIR group identified in official record	P17 normoxia/room-air comparator identified in official record	eligible predefined OIR-control contrast	SAMPLE 10	Normoxia	not deposited	not deposited	not completely recoverable	none identified	distinct deposited retinal biological samples/libraries; no technical duplication identified	DEPOSITED_RETINAL_BIOLOGICAL_SAMPLE_WITH_UNRESOLVED_ANIMAL_MAPPING	RETAIN_PRIMARY_DEPOSITED_SAMPLE_SYNTHESIS	official GEO record and processed matrix; release_input/GSE124956_normalized_data_matrix.txt.gz	7.216544594
GSE124956	Effects of Aflibercept administration at 25 mg per kg body weight in retinas of mice subjected to the oxygen-induced retinopathy protocol	author_normalized_log	retinal OIR-relevant deposited sample/library	P17	P17 OIR group identified in official record	P17 normoxia/room-air comparator identified in official record	eligible predefined OIR-control contrast	SAMPLE 11	Normoxia	not deposited	not deposited	not completely recoverable	none identified	distinct deposited retinal biological samples/libraries; no technical duplication identified	DEPOSITED_RETINAL_BIOLOGICAL_SAMPLE_WITH_UNRESOLVED_ANIMAL_MAPPING	RETAIN_PRIMARY_DEPOSITED_SAMPLE_SYNTHESIS	official GEO record and processed matrix; release_input/GSE124956_normalized_data_matrix.txt.gz	7.432405015
GSE124956	Effects of Aflibercept administration at 25 mg per kg body weight in retinas of mice subjected to the oxygen-induced retinopathy protocol	author_normalized_log	retinal OIR-relevant deposited sample/library	P17	P17 OIR group identified in official record	P17 normoxia/room-air comparator identified in official record	eligible predefined OIR-control contrast	SAMPLE 12	Normoxia	not deposited	not deposited	not completely recoverable	none identified	distinct deposited retinal biological samples/libraries; no technical duplication identified	DEPOSITED_RETINAL_BIOLOGICAL_SAMPLE_WITH_UNRESOLVED_ANIMAL_MAPPING	RETAIN_PRIMARY_DEPOSITED_SAMPLE_SYNTHESIS	official GEO record and processed matrix; release_input/GSE124956_normalized_data_matrix.txt.gz	7.301841212
GSE124956	Effects of Aflibercept administration at 25 mg per kg body weight in retinas of mice subjected to the oxygen-induced retinopathy protocol	author_normalized_log	retinal OIR-relevant deposited sample/library	P17	P17 OIR group identified in official record	P17 normoxia/room-air comparator identified in official record	eligible predefined OIR-control contrast	SAMPLE 13	OIR	not deposited	not deposited	not completely recoverable	none identified	distinct deposited retinal biological samples/libraries; no technical duplication identified	DEPOSITED_RETINAL_BIOLOGICAL_SAMPLE_WITH_UNRESOLVED_ANIMAL_MAPPING	RETAIN_PRIMARY_DEPOSITED_SAMPLE_SYNTHESIS	official GEO record and processed matrix; release_input/GSE124956_normalized_data_matrix.txt.gz	7.271576852
GSE124956	Effects of Aflibercept administration at 25 mg per kg body weight in retinas of mice subjected to the oxygen-induced retinopathy protocol	author_normalized_log	retinal OIR-relevant deposited sample/library	P17	P17 OIR group identified in official record	P17 normoxia/room-air comparator identified in official record	eligible predefined OIR-control contrast	SAMPLE 14	OIR	not deposited	not deposited	not completely recoverable	none identified	distinct deposited retinal biological samples/libraries; no technical duplication identified	DEPOSITED_RETINAL_BIOLOGICAL_SAMPLE_WITH_UNRESOLVED_ANIMAL_MAPPING	RETAIN_PRIMARY_DEPOSITED_SAMPLE_SYNTHESIS	official GEO record and processed matrix; release_input/GSE124956_normalized_data_matrix.txt.gz	7.343933102
GSE124956	Effects of Aflibercept administration at 25 mg per kg body weight in retinas of mice subjected to the oxygen-induced retinopathy protocol	author_normalized_log	retinal OIR-relevant deposited sample/library	P17	P17 OIR group identified in official record	P17 normoxia/room-air comparator identified in official record	eligible predefined OIR-control contrast	SAMPLE 15	OIR	not deposited	not deposited	not completely recoverable	none identified	distinct deposited retinal biological samples/libraries; no technical duplication identified	DEPOSITED_RETINAL_BIOLOGICAL_SAMPLE_WITH_UNRESOLVED_ANIMAL_MAPPING	RETAIN_PRIMARY_DEPOSITED_SAMPLE_SYNTHESIS	official GEO record and processed matrix; release_input/GSE124956_normalized_data_matrix.txt.gz	7.425655759
GSE130400	No linked publication in the GEO series record	GPL10787	whole retina / deposited retinal sample	P17	75% oxygen from P7 to P12; P17 after return to room air	P17 normoxia	untreated OIR versus untreated normoxia	GSM3737525	OIR	not deposited	not deposited	not reported	none identified	GEO titles identify unique deposited retinas, but GEO/source fields do not provide animal ID, eye laterality, pooling, or bilateral-eye mapping	DEPOSITED_RETINAL_BIOLOGICAL_SAMPLE_WITH_UNRESOLVED_ANIMAL_MAPPING	RETAIN_PRIMARY_DEPOSITED_SAMPLE_SYNTHESIS	official GEO family SOFT and series/sample protocol; No linked publication in the GEO series record	-0.22491452
GSE130400	No linked publication in the GEO series record	GPL10787	whole retina / deposited retinal sample	P17	75% oxygen from P7 to P12; P17 after return to room air	P17 normoxia	untreated OIR versus untreated normoxia	GSM3737526	OIR	not deposited	not deposited	not reported	none identified	GEO titles identify unique deposited retinas, but GEO/source fields do not provide animal ID, eye laterality, pooling, or bilateral-eye mapping	DEPOSITED_RETINAL_BIOLOGICAL_SAMPLE_WITH_UNRESOLVED_ANIMAL_MAPPING	RETAIN_PRIMARY_DEPOSITED_SAMPLE_SYNTHESIS	official GEO family SOFT and series/sample protocol; No linked publication in the GEO series record	-0.032981005
GSE130400	No linked publication in the GEO series record	GPL10787	whole retina / deposited retinal sample	P17	75% oxygen from P7 to P12; P17 after return to room air	P17 normoxia	untreated OIR versus untreated normoxia	GSM3737527	OIR	not deposited	not deposited	not reported	none identified	GEO titles identify unique deposited retinas, but GEO/source fields do not provide animal ID, eye laterality, pooling, or bilateral-eye mapping	DEPOSITED_RETINAL_BIOLOGICAL_SAMPLE_WITH_UNRESOLVED_ANIMAL_MAPPING	RETAIN_PRIMARY_DEPOSITED_SAMPLE_SYNTHESIS	official GEO family SOFT and series/sample protocol; No linked publication in the GEO series record	-0.37576008
GSE130400	No linked publication in the GEO series record	GPL10787	whole retina / deposited retinal sample	P17	75% oxygen from P7 to P12; P17 after return to room air	P17 normoxia	untreated OIR versus untreated normoxia	GSM3737528	OIR	not deposited	not deposited	not reported	none identified	GEO titles identify unique deposited retinas, but GEO/source fields do not provide animal ID, eye laterality, pooling, or bilateral-eye mapping	DEPOSITED_RETINAL_BIOLOGICAL_SAMPLE_WITH_UNRESOLVED_ANIMAL_MAPPING	RETAIN_PRIMARY_DEPOSITED_SAMPLE_SYNTHESIS	official GEO family SOFT and series/sample protocol; No linked publication in the GEO series record	0.5597466
GSE130400	No linked publication in the GEO series record	GPL10787	whole retina / deposited retinal sample	P17	75% oxygen from P7 to P12; P17 after return to room air	P17 normoxia	untreated OIR versus untreated normoxia	GSM3737529	OIR	not deposited	not deposited	not reported	none identified	GEO titles identify unique deposited retinas, but GEO/source fields do not provide animal ID, eye laterality, pooling, or bilateral-eye mapping	DEPOSITED_RETINAL_BIOLOGICAL_SAMPLE_WITH_UNRESOLVED_ANIMAL_MAPPING	RETAIN_PRIMARY_DEPOSITED_SAMPLE_SYNTHESIS	official GEO family SOFT and series/sample protocol; No linked publication in the GEO series record	1.395425
GSE130400	No linked publication in the GEO series record	GPL10787	whole retina / deposited retinal sample	P17	75% oxygen from P7 to P12; P17 after return to room air	P17 normoxia	untreated OIR versus untreated normoxia	GSM3737530	OIR	not deposited	not deposited	not reported	none identified	GEO titles identify unique deposited retinas, but GEO/source fields do not provide animal ID, eye laterality, pooling, or bilateral-eye mapping	DEPOSITED_RETINAL_BIOLOGICAL_SAMPLE_WITH_UNRESOLVED_ANIMAL_MAPPING	RETAIN_PRIMARY_DEPOSITED_SAMPLE_SYNTHESIS	official GEO family SOFT and series/sample protocol; No linked publication in the GEO series record	0.9023248
GSE130400	No linked publication in the GEO series record	GPL10787	whole retina / deposited retinal sample	P17	75% oxygen from P7 to P12; P17 after return to room air	P17 normoxia	untreated OIR versus untreated normoxia	GSM3737531	OIR	not deposited	not deposited	not reported	none identified	GEO titles identify unique deposited retinas, but GEO/source fields do not provide animal ID, eye laterality, pooling, or bilateral-eye mapping	DEPOSITED_RETINAL_BIOLOGICAL_SAMPLE_WITH_UNRESOLVED_ANIMAL_MAPPING	RETAIN_PRIMARY_DEPOSITED_SAMPLE_SYNTHESIS	official GEO family SOFT and series/sample protocol; No linked publication in the GEO series record	1.7356495
GSE130400	No linked publication in the GEO series record	GPL10787	whole retina / deposited retinal sample	P17	75% oxygen from P7 to P12; P17 after return to room air	P17 normoxia	untreated OIR versus untreated normoxia	GSM3737532	OIR	not deposited	not deposited	not reported	none identified	GEO titles identify unique deposited retinas, but GEO/source fields do not provide animal ID, eye laterality, pooling, or bilateral-eye mapping	DEPOSITED_RETINAL_BIOLOGICAL_SAMPLE_WITH_UNRESOLVED_ANIMAL_MAPPING	RETAIN_PRIMARY_DEPOSITED_SAMPLE_SYNTHESIS	official GEO family SOFT and series/sample protocol; No linked publication in the GEO series record	1.5723772
GSE130400	No linked publication in the GEO series record	GPL10787	whole retina / deposited retinal sample	P17	75% oxygen from P7 to P12; P17 after return to room air	P17 normoxia	untreated OIR versus untreated normoxia	GSM3737533	OIR	not deposited	not deposited	not reported	none identified	GEO titles identify unique deposited retinas, but GEO/source fields do not provide animal ID, eye laterality, pooling, or bilateral-eye mapping	DEPOSITED_RETINAL_BIOLOGICAL_SAMPLE_WITH_UNRESOLVED_ANIMAL_MAPPING	RETAIN_PRIMARY_DEPOSITED_SAMPLE_SYNTHESIS	official GEO family SOFT and series/sample protocol; No linked publication in the GEO series record	0.77974945
GSE130400	No linked publication in the GEO series record	GPL10787	whole retina / deposited retinal sample	P17	75% oxygen from P7 to P12; P17 after return to room air	P17 normoxia	untreated OIR versus untreated normoxia	GSM3737534	OIR	not deposited	not deposited	not reported	none identified	GEO titles identify unique deposited retinas, but GEO/source fields do not provide animal ID, eye laterality, pooling, or bilateral-eye mapping	DEPOSITED_RETINAL_BIOLOGICAL_SAMPLE_WITH_UNRESOLVED_ANIMAL_MAPPING	RETAIN_PRIMARY_DEPOSITED_SAMPLE_SYNTHESIS	official GEO family SOFT and series/sample protocol; No linked publication in the GEO series record	0.6730489
GSE130400	No linked publication in the GEO series record	GPL10787	whole retina / deposited retinal sample	P17	75% oxygen from P7 to P12; P17 after return to room air	P17 normoxia	untreated OIR versus untreated normoxia	GSM3737535	OIR	not deposited	not deposited	not reported	none identified	GEO titles identify unique deposited retinas, but GEO/source fields do not provide animal ID, eye laterality, pooling, or bilateral-eye mapping	DEPOSITED_RETINAL_BIOLOGICAL_SAMPLE_WITH_UNRESOLVED_ANIMAL_MAPPING	RETAIN_PRIMARY_DEPOSITED_SAMPLE_SYNTHESIS	official GEO family SOFT and series/sample protocol; No linked publication in the GEO series record	1.0614595
GSE130400	No linked publication in the GEO series record	GPL10787	whole retina / deposited retinal sample	P17	75% oxygen from P7 to P12; P17 after return to room air	P17 normoxia	untreated OIR versus untreated normoxia	GSM3737536	OIR	not deposited	not deposited	not reported	none identified	GEO titles identify unique deposited retinas, but GEO/source fields do not provide animal ID, eye laterality, pooling, or bilateral-eye mapping	DEPOSITED_RETINAL_BIOLOGICAL_SAMPLE_WITH_UNRESOLVED_ANIMAL_MAPPING	RETAIN_PRIMARY_DEPOSITED_SAMPLE_SYNTHESIS	official GEO family SOFT and series/sample protocol; No linked publication in the GEO series record	1.1071101
GSE130400	No linked publication in the GEO series record	GPL10787	whole retina / deposited retinal sample	P17	75% oxygen from P7 to P12; P17 after return to room air	P17 normoxia	untreated OIR versus untreated normoxia	GSM3737537	OIR	not deposited	not deposited	not reported	none identified	GEO titles identify unique deposited retinas, but GEO/source fields do not provide animal ID, eye laterality, pooling, or bilateral-eye mapping	DEPOSITED_RETINAL_BIOLOGICAL_SAMPLE_WITH_UNRESOLVED_ANIMAL_MAPPING	RETAIN_PRIMARY_DEPOSITED_SAMPLE_SYNTHESIS	official GEO family SOFT and series/sample protocol; No linked publication in the GEO series record	1.0271654
GSE130400	No linked publication in the GEO series record	GPL10787	whole retina / deposited retinal sample	P17	75% oxygen from P7 to P12; P17 after return to room air	P17 normoxia	untreated OIR versus untreated normoxia	GSM3737538	normoxia	not deposited	not deposited	not reported	none identified	GEO titles identify unique deposited retinas, but GEO/source fields do not provide animal ID, eye laterality, pooling, or bilateral-eye mapping	DEPOSITED_RETINAL_BIOLOGICAL_SAMPLE_WITH_UNRESOLVED_ANIMAL_MAPPING	RETAIN_PRIMARY_DEPOSITED_SAMPLE_SYNTHESIS	official GEO family SOFT and series/sample protocol; No linked publication in the GEO series record	1.1330723
GSE130400	No linked publication in the GEO series record	GPL10787	whole retina / deposited retinal sample	P17	75% oxygen from P7 to P12; P17 after return to room air	P17 normoxia	untreated OIR versus untreated normoxia	GSM3737539	normoxia	not deposited	not deposited	not reported	none identified	GEO titles identify unique deposited retinas, but GEO/source fields do not provide animal ID, eye laterality, pooling, or bilateral-eye mapping	DEPOSITED_RETINAL_BIOLOGICAL_SAMPLE_WITH_UNRESOLVED_ANIMAL_MAPPING	RETAIN_PRIMARY_DEPOSITED_SAMPLE_SYNTHESIS	official GEO family SOFT and series/sample protocol; No linked publication in the GEO series record	-0.73132706
GSE130400	No linked publication in the GEO series record	GPL10787	whole retina / deposited retinal sample	P17	75% oxygen from P7 to P12; P17 after return to room air	P17 normoxia	untreated OIR versus untreated normoxia	GSM3737540	normoxia	not deposited	not deposited	not reported	none identified	GEO titles identify unique deposited retinas, but GEO/source fields do not provide animal ID, eye laterality, pooling, or bilateral-eye mapping	DEPOSITED_RETINAL_BIOLOGICAL_SAMPLE_WITH_UNRESOLVED_ANIMAL_MAPPING	RETAIN_PRIMARY_DEPOSITED_SAMPLE_SYNTHESIS	official GEO family SOFT and series/sample protocol; No linked publication in the GEO series record	-0.51986176
GSE130400	No linked publication in the GEO series record	GPL10787	whole retina / deposited retinal sample	P17	75% oxygen from P7 to P12; P17 after return to room air	P17 normoxia	untreated OIR versus untreated normoxia	GSM3737541	normoxia	not deposited	not deposited	not reported	none identified	GEO titles identify unique deposited retinas, but GEO/source fields do not provide animal ID, eye laterality, pooling, or bilateral-eye mapping	DEPOSITED_RETINAL_BIOLOGICAL_SAMPLE_WITH_UNRESOLVED_ANIMAL_MAPPING	RETAIN_PRIMARY_DEPOSITED_SAMPLE_SYNTHESIS	official GEO family SOFT and series/sample protocol; No linked publication in the GEO series record	0.18584785
GSE130400	No linked publication in the GEO series record	GPL10787	whole retina / deposited retinal sample	P17	75% oxygen from P7 to P12; P17 after return to room air	P17 normoxia	untreated OIR versus untreated normoxia	GSM3737542	normoxia	not deposited	not deposited	not reported	none identified	GEO titles identify unique deposited retinas, but GEO/source fields do not provide animal ID, eye laterality, pooling, or bilateral-eye mapping	DEPOSITED_RETINAL_BIOLOGICAL_SAMPLE_WITH_UNRESOLVED_ANIMAL_MAPPING	RETAIN_PRIMARY_DEPOSITED_SAMPLE_SYNTHESIS	official GEO family SOFT and series/sample protocol; No linked publication in the GEO series record	-0.2755612
GSE130400	No linked publication in the GEO series record	GPL10787	whole retina / deposited retinal sample	P17	75% oxygen from P7 to P12; P17 after return to room air	P17 normoxia	untreated OIR versus untreated normoxia	GSM3737543	normoxia	not deposited	not deposited	not reported	none identified	GEO titles identify unique deposited retinas, but GEO/source fields do not provide animal ID, eye laterality, pooling, or bilateral-eye mapping	DEPOSITED_RETINAL_BIOLOGICAL_SAMPLE_WITH_UNRESOLVED_ANIMAL_MAPPING	RETAIN_PRIMARY_DEPOSITED_SAMPLE_SYNTHESIS	official GEO family SOFT and series/sample protocol; No linked publication in the GEO series record	0.77502453
GSE130400	No linked publication in the GEO series record	GPL10787	whole retina / deposited retinal sample	P17	75% oxygen from P7 to P12; P17 after return to room air	P17 normoxia	untreated OIR versus untreated normoxia	GSM3737544	normoxia	not deposited	not deposited	not reported	none identified	GEO titles identify unique deposited retinas, but GEO/source fields do not provide animal ID, eye laterality, pooling, or bilateral-eye mapping	DEPOSITED_RETINAL_BIOLOGICAL_SAMPLE_WITH_UNRESOLVED_ANIMAL_MAPPING	RETAIN_PRIMARY_DEPOSITED_SAMPLE_SYNTHESIS	official GEO family SOFT and series/sample protocol; No linked publication in the GEO series record	0.3152571
GSE130400	No linked publication in the GEO series record	GPL10787	whole retina / deposited retinal sample	P17	75% oxygen from P7 to P12; P17 after return to room air	P17 normoxia	untreated OIR versus untreated normoxia	GSM3737545	normoxia	not deposited	not deposited	not reported	none identified	GEO titles identify unique deposited retinas, but GEO/source fields do not provide animal ID, eye laterality, pooling, or bilateral-eye mapping	DEPOSITED_RETINAL_BIOLOGICAL_SAMPLE_WITH_UNRESOLVED_ANIMAL_MAPPING	RETAIN_PRIMARY_DEPOSITED_SAMPLE_SYNTHESIS	official GEO family SOFT and series/sample protocol; No linked publication in the GEO series record	0.029787494
GSE130400	No linked publication in the GEO series record	GPL10787	whole retina / deposited retinal sample	P17	75% oxygen from P7 to P12; P17 after return to room air	P17 normoxia	untreated OIR versus untreated normoxia	GSM3737546	normoxia	not deposited	not deposited	not reported	none identified	GEO titles identify unique deposited retinas, but GEO/source fields do not provide animal ID, eye laterality, pooling, or bilateral-eye mapping	DEPOSITED_RETINAL_BIOLOGICAL_SAMPLE_WITH_UNRESOLVED_ANIMAL_MAPPING	RETAIN_PRIMARY_DEPOSITED_SAMPLE_SYNTHESIS	official GEO family SOFT and series/sample protocol; No linked publication in the GEO series record	1.2870194
GSE130400	No linked publication in the GEO series record	GPL10787	whole retina / deposited retinal sample	P17	75% oxygen from P7 to P12; P17 after return to room air	P17 normoxia	untreated OIR versus untreated normoxia	GSM3737547	normoxia	not deposited	not deposited	not reported	none identified	GEO titles identify unique deposited retinas, but GEO/source fields do not provide animal ID, eye laterality, pooling, or bilateral-eye mapping	DEPOSITED_RETINAL_BIOLOGICAL_SAMPLE_WITH_UNRESOLVED_ANIMAL_MAPPING	RETAIN_PRIMARY_DEPOSITED_SAMPLE_SYNTHESIS	official GEO family SOFT and series/sample protocol; No linked publication in the GEO series record	0.58992666
GSE130400	No linked publication in the GEO series record	GPL10787	whole retina / deposited retinal sample	P17	75% oxygen from P7 to P12; P17 after return to room air	P17 normoxia	untreated OIR versus untreated normoxia	GSM3737548	normoxia	not deposited	not deposited	not reported	none identified	GEO titles identify unique deposited retinas, but GEO/source fields do not provide animal ID, eye laterality, pooling, or bilateral-eye mapping	DEPOSITED_RETINAL_BIOLOGICAL_SAMPLE_WITH_UNRESOLVED_ANIMAL_MAPPING	RETAIN_PRIMARY_DEPOSITED_SAMPLE_SYNTHESIS	official GEO family SOFT and series/sample protocol; No linked publication in the GEO series record	0.4623103
GSE130400	No linked publication in the GEO series record	GPL10787	whole retina / deposited retinal sample	P17	75% oxygen from P7 to P12; P17 after return to room air	P17 normoxia	untreated OIR versus untreated normoxia	GSM3737549	normoxia	not deposited	not deposited	not reported	none identified	GEO titles identify unique deposited retinas, but GEO/source fields do not provide animal ID, eye laterality, pooling, or bilateral-eye mapping	DEPOSITED_RETINAL_BIOLOGICAL_SAMPLE_WITH_UNRESOLVED_ANIMAL_MAPPING	RETAIN_PRIMARY_DEPOSITED_SAMPLE_SYNTHESIS	official GEO family SOFT and series/sample protocol; No linked publication in the GEO series record	0.6072956
GSE132731	Temporo-spatial distribution and transcriptional profile of retinal microglia in the oxygen-induced retinopathy mouse model	raw_counts	retinal OIR-relevant deposited sample/library	P17	P17 OIR group identified in official record	P17 normoxia/room-air comparator identified in official record	eligible predefined OIR-control contrast	nonOIR_1	Normoxia	not deposited	not deposited	not completely recoverable	none identified	distinct deposited retinal biological samples/libraries; no technical duplication identified	DEPOSITED_RETINAL_BIOLOGICAL_SAMPLE_WITH_UNRESOLVED_ANIMAL_MAPPING	RETAIN_PRIMARY_DEPOSITED_SAMPLE_SYNTHESIS	official GEO record and processed matrix; release_input/GSE132731_data.csv.gz	-5.56781953183924
GSE132731	Temporo-spatial distribution and transcriptional profile of retinal microglia in the oxygen-induced retinopathy mouse model	raw_counts	retinal OIR-relevant deposited sample/library	P17	P17 OIR group identified in official record	P17 normoxia/room-air comparator identified in official record	eligible predefined OIR-control contrast	nonOIR_2	Normoxia	not deposited	not deposited	not completely recoverable	none identified	distinct deposited retinal biological samples/libraries; no technical duplication identified	DEPOSITED_RETINAL_BIOLOGICAL_SAMPLE_WITH_UNRESOLVED_ANIMAL_MAPPING	RETAIN_PRIMARY_DEPOSITED_SAMPLE_SYNTHESIS	official GEO record and processed matrix; release_input/GSE132731_data.csv.gz	-5.56781953183924
GSE132731	Temporo-spatial distribution and transcriptional profile of retinal microglia in the oxygen-induced retinopathy mouse model	raw_counts	retinal OIR-relevant deposited sample/library	P17	P17 OIR group identified in official record	P17 normoxia/room-air comparator identified in official record	eligible predefined OIR-control contrast	nonOIR_3	Normoxia	not deposited	not deposited	not completely recoverable	none identified	distinct deposited retinal biological samples/libraries; no technical duplication identified	DEPOSITED_RETINAL_BIOLOGICAL_SAMPLE_WITH_UNRESOLVED_ANIMAL_MAPPING	RETAIN_PRIMARY_DEPOSITED_SAMPLE_SYNTHESIS	official GEO record and processed matrix; release_input/GSE132731_data.csv.gz	-5.56781953183924
GSE132731	Temporo-spatial distribution and transcriptional profile of retinal microglia in the oxygen-induced retinopathy mouse model	raw_counts	retinal OIR-relevant deposited sample/library	P17	P17 OIR group identified in official record	P17 normoxia/room-air comparator identified in official record	eligible predefined OIR-control contrast	nonOIR_4	Normoxia	not deposited	not deposited	not completely recoverable	none identified	distinct deposited retinal biological samples/libraries; no technical duplication identified	DEPOSITED_RETINAL_BIOLOGICAL_SAMPLE_WITH_UNRESOLVED_ANIMAL_MAPPING	RETAIN_PRIMARY_DEPOSITED_SAMPLE_SYNTHESIS	official GEO record and processed matrix; release_input/GSE132731_data.csv.gz	-5.56781953183924
GSE132731	Temporo-spatial distribution and transcriptional profile of retinal microglia in the oxygen-induced retinopathy mouse model	raw_counts	retinal OIR-relevant deposited sample/library	P17	P17 OIR group identified in official record	P17 normoxia/room-air comparator identified in official record	eligible predefined OIR-control contrast	nonOIR_5	Normoxia	not deposited	not deposited	not completely recoverable	none identified	distinct deposited retinal biological samples/libraries; no technical duplication identified	DEPOSITED_RETINAL_BIOLOGICAL_SAMPLE_WITH_UNRESOLVED_ANIMAL_MAPPING	RETAIN_PRIMARY_DEPOSITED_SAMPLE_SYNTHESIS	official GEO record and processed matrix; release_input/GSE132731_data.csv.gz	-2.96204400242385
GSE132731	Temporo-spatial distribution and transcriptional profile of retinal microglia in the oxygen-induced retinopathy mouse model	raw_counts	retinal OIR-relevant deposited sample/library	P17	P17 OIR group identified in official record	P17 normoxia/room-air comparator identified in official record	eligible predefined OIR-control contrast	nonOIR_6	Normoxia	not deposited	not deposited	not completely recoverable	none identified	distinct deposited retinal biological samples/libraries; no technical duplication identified	DEPOSITED_RETINAL_BIOLOGICAL_SAMPLE_WITH_UNRESOLVED_ANIMAL_MAPPING	RETAIN_PRIMARY_DEPOSITED_SAMPLE_SYNTHESIS	official GEO record and processed matrix; release_input/GSE132731_data.csv.gz	-5.56781953183924
GSE132731	Temporo-spatial distribution and transcriptional profile of retinal microglia in the oxygen-induced retinopathy mouse model	raw_counts	retinal OIR-relevant deposited sample/library	P17	P17 OIR group identified in official record	P17 normoxia/room-air comparator identified in official record	eligible predefined OIR-control contrast	nonOIR_7	Normoxia	not deposited	not deposited	not completely recoverable	none identified	distinct deposited retinal biological samples/libraries; no technical duplication identified	DEPOSITED_RETINAL_BIOLOGICAL_SAMPLE_WITH_UNRESOLVED_ANIMAL_MAPPING	RETAIN_PRIMARY_DEPOSITED_SAMPLE_SYNTHESIS	official GEO record and processed matrix; release_input/GSE132731_data.csv.gz	-5.56781953183924
GSE132731	Temporo-spatial distribution and transcriptional profile of retinal microglia in the oxygen-induced retinopathy mouse model	raw_counts	retinal OIR-relevant deposited sample/library	P17	P17 OIR group identified in official record	P17 normoxia/room-air comparator identified in official record	eligible predefined OIR-control contrast	nonOIR_8	Normoxia	not deposited	not deposited	not completely recoverable	none identified	distinct deposited retinal biological samples/libraries; no technical duplication identified	DEPOSITED_RETINAL_BIOLOGICAL_SAMPLE_WITH_UNRESOLVED_ANIMAL_MAPPING	RETAIN_PRIMARY_DEPOSITED_SAMPLE_SYNTHESIS	official GEO record and processed matrix; release_input/GSE132731_data.csv.gz	-5.56781953183924
GSE132731	Temporo-spatial distribution and transcriptional profile of retinal microglia in the oxygen-induced retinopathy mouse model	raw_counts	retinal OIR-relevant deposited sample/library	P17	P17 OIR group identified in official record	P17 normoxia/room-air comparator identified in official record	eligible predefined OIR-control contrast	OIR_1	OIR	not deposited	not deposited	not completely recoverable	none identified	distinct deposited retinal biological samples/libraries; no technical duplication identified	DEPOSITED_RETINAL_BIOLOGICAL_SAMPLE_WITH_UNRESOLVED_ANIMAL_MAPPING	RETAIN_PRIMARY_DEPOSITED_SAMPLE_SYNTHESIS	official GEO record and processed matrix; release_input/GSE132731_data.csv.gz	-5.56781953183924
GSE132731	Temporo-spatial distribution and transcriptional profile of retinal microglia in the oxygen-induced retinopathy mouse model	raw_counts	retinal OIR-relevant deposited sample/library	P17	P17 OIR group identified in official record	P17 normoxia/room-air comparator identified in official record	eligible predefined OIR-control contrast	OIR_2	OIR	not deposited	not deposited	not completely recoverable	none identified	distinct deposited retinal biological samples/libraries; no technical duplication identified	DEPOSITED_RETINAL_BIOLOGICAL_SAMPLE_WITH_UNRESOLVED_ANIMAL_MAPPING	RETAIN_PRIMARY_DEPOSITED_SAMPLE_SYNTHESIS	official GEO record and processed matrix; release_input/GSE132731_data.csv.gz	-5.56781953183924
GSE132731	Temporo-spatial distribution and transcriptional profile of retinal microglia in the oxygen-induced retinopathy mouse model	raw_counts	retinal OIR-relevant deposited sample/library	P17	P17 OIR group identified in official record	P17 normoxia/room-air comparator identified in official record	eligible predefined OIR-control contrast	OIR_3	OIR	not deposited	not deposited	not completely recoverable	none identified	distinct deposited retinal biological samples/libraries; no technical duplication identified	DEPOSITED_RETINAL_BIOLOGICAL_SAMPLE_WITH_UNRESOLVED_ANIMAL_MAPPING	RETAIN_PRIMARY_DEPOSITED_SAMPLE_SYNTHESIS	official GEO record and processed matrix; release_input/GSE132731_data.csv.gz	-5.56781953183924
GSE132731	Temporo-spatial distribution and transcriptional profile of retinal microglia in the oxygen-induced retinopathy mouse model	raw_counts	retinal OIR-relevant deposited sample/library	P17	P17 OIR group identified in official record	P17 normoxia/room-air comparator identified in official record	eligible predefined OIR-control contrast	OIR_4	OIR	not deposited	not deposited	not completely recoverable	none identified	distinct deposited retinal biological samples/libraries; no technical duplication identified	DEPOSITED_RETINAL_BIOLOGICAL_SAMPLE_WITH_UNRESOLVED_ANIMAL_MAPPING	RETAIN_PRIMARY_DEPOSITED_SAMPLE_SYNTHESIS	official GEO record and processed matrix; release_input/GSE132731_data.csv.gz	-5.56781953183924
GSE132731	Temporo-spatial distribution and transcriptional profile of retinal microglia in the oxygen-induced retinopathy mouse model	raw_counts	retinal OIR-relevant deposited sample/library	P17	P17 OIR group identified in official record	P17 normoxia/room-air comparator identified in official record	eligible predefined OIR-control contrast	OIR_5	OIR	not deposited	not deposited	not completely recoverable	none identified	distinct deposited retinal biological samples/libraries; no technical duplication identified	DEPOSITED_RETINAL_BIOLOGICAL_SAMPLE_WITH_UNRESOLVED_ANIMAL_MAPPING	RETAIN_PRIMARY_DEPOSITED_SAMPLE_SYNTHESIS	official GEO record and processed matrix; release_input/GSE132731_data.csv.gz	-5.56781953183924
GSE132731	Temporo-spatial distribution and transcriptional profile of retinal microglia in the oxygen-induced retinopathy mouse model	raw_counts	retinal OIR-relevant deposited sample/library	P17	P17 OIR group identified in official record	P17 normoxia/room-air comparator identified in official record	eligible predefined OIR-control contrast	OIR_6	OIR	not deposited	not deposited	not completely recoverable	none identified	distinct deposited retinal biological samples/libraries; no technical duplication identified	DEPOSITED_RETINAL_BIOLOGICAL_SAMPLE_WITH_UNRESOLVED_ANIMAL_MAPPING	RETAIN_PRIMARY_DEPOSITED_SAMPLE_SYNTHESIS	official GEO record and processed matrix; release_input/GSE132731_data.csv.gz	-5.56781953183924
GSE132731	Temporo-spatial distribution and transcriptional profile of retinal microglia in the oxygen-induced retinopathy mouse model	raw_counts	retinal OIR-relevant deposited sample/library	P17	P17 OIR group identified in official record	P17 normoxia/room-air comparator identified in official record	eligible predefined OIR-control contrast	OIR_7	OIR	not deposited	not deposited	not completely recoverable	none identified	distinct deposited retinal biological samples/libraries; no technical duplication identified	DEPOSITED_RETINAL_BIOLOGICAL_SAMPLE_WITH_UNRESOLVED_ANIMAL_MAPPING	RETAIN_PRIMARY_DEPOSITED_SAMPLE_SYNTHESIS	official GEO record and processed matrix; release_input/GSE132731_data.csv.gz	-3.13048693745631
GSE132731	Temporo-spatial distribution and transcriptional profile of retinal microglia in the oxygen-induced retinopathy mouse model	raw_counts	retinal OIR-relevant deposited sample/library	P17	P17 OIR group identified in official record	P17 normoxia/room-air comparator identified in official record	eligible predefined OIR-control contrast	OIR_8	OIR	not deposited	not deposited	not completely recoverable	none identified	distinct deposited retinal biological samples/libraries; no technical duplication identified	DEPOSITED_RETINAL_BIOLOGICAL_SAMPLE_WITH_UNRESOLVED_ANIMAL_MAPPING	RETAIN_PRIMARY_DEPOSITED_SAMPLE_SYNTHESIS	official GEO record and processed matrix; release_input/GSE132731_data.csv.gz	-5.56781953183924
GSE135844	Progenitor cell combination normalizes retinal vascular development by enhancing pericyte ensheathment in the oxygen-induced retinopathy (OIR) model	microarray_log	retinal OIR-relevant deposited sample/library	P17	P17 OIR group identified in official record	P17 normoxia/room-air comparator identified in official record	eligible predefined OIR-control contrast	GSM4035321	Normoxia	not deposited	not deposited	not completely recoverable	none identified	distinct deposited retinal biological samples/libraries; no technical duplication identified	DEPOSITED_RETINAL_BIOLOGICAL_SAMPLE_WITH_UNRESOLVED_ANIMAL_MAPPING	RETAIN_PRIMARY_DEPOSITED_SAMPLE_SYNTHESIS	official GEO record and processed matrix; release_input/GSE135844_series_matrix.txt.gz	7.58738
GSE135844	Progenitor cell combination normalizes retinal vascular development by enhancing pericyte ensheathment in the oxygen-induced retinopathy (OIR) model	microarray_log	retinal OIR-relevant deposited sample/library	P17	P17 OIR group identified in official record	P17 normoxia/room-air comparator identified in official record	eligible predefined OIR-control contrast	GSM4035322	Normoxia	not deposited	not deposited	not completely recoverable	none identified	distinct deposited retinal biological samples/libraries; no technical duplication identified	DEPOSITED_RETINAL_BIOLOGICAL_SAMPLE_WITH_UNRESOLVED_ANIMAL_MAPPING	RETAIN_PRIMARY_DEPOSITED_SAMPLE_SYNTHESIS	official GEO record and processed matrix; release_input/GSE135844_series_matrix.txt.gz	7.39927
GSE135844	Progenitor cell combination normalizes retinal vascular development by enhancing pericyte ensheathment in the oxygen-induced retinopathy (OIR) model	microarray_log	retinal OIR-relevant deposited sample/library	P17	P17 OIR group identified in official record	P17 normoxia/room-air comparator identified in official record	eligible predefined OIR-control contrast	GSM4035323	Normoxia	not deposited	not deposited	not completely recoverable	none identified	distinct deposited retinal biological samples/libraries; no technical duplication identified	DEPOSITED_RETINAL_BIOLOGICAL_SAMPLE_WITH_UNRESOLVED_ANIMAL_MAPPING	RETAIN_PRIMARY_DEPOSITED_SAMPLE_SYNTHESIS	official GEO record and processed matrix; release_input/GSE135844_series_matrix.txt.gz	8.08979
GSE135844	Progenitor cell combination normalizes retinal vascular development by enhancing pericyte ensheathment in the oxygen-induced retinopathy (OIR) model	microarray_log	retinal OIR-relevant deposited sample/library	P17	P17 OIR group identified in official record	P17 normoxia/room-air comparator identified in official record	eligible predefined OIR-control contrast	GSM4035318	OIR	not deposited	not deposited	not completely recoverable	none identified	distinct deposited retinal biological samples/libraries; no technical duplication identified	DEPOSITED_RETINAL_BIOLOGICAL_SAMPLE_WITH_UNRESOLVED_ANIMAL_MAPPING	RETAIN_PRIMARY_DEPOSITED_SAMPLE_SYNTHESIS	official GEO record and processed matrix; release_input/GSE135844_series_matrix.txt.gz	7.89785
GSE135844	Progenitor cell combination normalizes retinal vascular development by enhancing pericyte ensheathment in the oxygen-induced retinopathy (OIR) model	microarray_log	retinal OIR-relevant deposited sample/library	P17	P17 OIR group identified in official record	P17 normoxia/room-air comparator identified in official record	eligible predefined OIR-control contrast	GSM4035319	OIR	not deposited	not deposited	not completely recoverable	none identified	distinct deposited retinal biological samples/libraries; no technical duplication identified	DEPOSITED_RETINAL_BIOLOGICAL_SAMPLE_WITH_UNRESOLVED_ANIMAL_MAPPING	RETAIN_PRIMARY_DEPOSITED_SAMPLE_SYNTHESIS	official GEO record and processed matrix; release_input/GSE135844_series_matrix.txt.gz	7.6057
GSE135844	Progenitor cell combination normalizes retinal vascular development by enhancing pericyte ensheathment in the oxygen-induced retinopathy (OIR) model	microarray_log	retinal OIR-relevant deposited sample/library	P17	P17 OIR group identified in official record	P17 normoxia/room-air comparator identified in official record	eligible predefined OIR-control contrast	GSM4035320	OIR	not deposited	not deposited	not completely recoverable	none identified	distinct deposited retinal biological samples/libraries; no technical duplication identified	DEPOSITED_RETINAL_BIOLOGICAL_SAMPLE_WITH_UNRESOLVED_ANIMAL_MAPPING	RETAIN_PRIMARY_DEPOSITED_SAMPLE_SYNTHESIS	official GEO record and processed matrix; release_input/GSE135844_series_matrix.txt.gz	7.58546
GSE158799	C57Bl6J retina lysates in oxygen-induced retinopathy	raw_counts	retinal OIR-relevant deposited sample/library	P17	P17 OIR group identified in official record	P17 normoxia/room-air comparator identified in official record	eligible predefined OIR-control contrast	GSM4810567	Normoxia	not deposited	not deposited	not completely recoverable	none identified	distinct deposited retinal biological samples/libraries; no technical duplication identified	DEPOSITED_RETINAL_BIOLOGICAL_SAMPLE_WITH_UNRESOLVED_ANIMAL_MAPPING	RETAIN_PRIMARY_DEPOSITED_SAMPLE_SYNTHESIS	official GEO record and processed matrix; release_input/GSM4810567_Control_retina_P17_1_reads.xlsx	1.65177773377809
GSE158799	C57Bl6J retina lysates in oxygen-induced retinopathy	raw_counts	retinal OIR-relevant deposited sample/library	P17	P17 OIR group identified in official record	P17 normoxia/room-air comparator identified in official record	eligible predefined OIR-control contrast	GSM4810568	Normoxia	not deposited	not deposited	not completely recoverable	none identified	distinct deposited retinal biological samples/libraries; no technical duplication identified	DEPOSITED_RETINAL_BIOLOGICAL_SAMPLE_WITH_UNRESOLVED_ANIMAL_MAPPING	RETAIN_PRIMARY_DEPOSITED_SAMPLE_SYNTHESIS	official GEO record and processed matrix; release_input/GSM4810568_Control_retina_P17_2_reads.xlsx	2.12291918795701
GSE158799	C57Bl6J retina lysates in oxygen-induced retinopathy	raw_counts	retinal OIR-relevant deposited sample/library	P17	P17 OIR group identified in official record	P17 normoxia/room-air comparator identified in official record	eligible predefined OIR-control contrast	GSM4810569	Normoxia	not deposited	not deposited	not completely recoverable	none identified	distinct deposited retinal biological samples/libraries; no technical duplication identified	DEPOSITED_RETINAL_BIOLOGICAL_SAMPLE_WITH_UNRESOLVED_ANIMAL_MAPPING	RETAIN_PRIMARY_DEPOSITED_SAMPLE_SYNTHESIS	official GEO record and processed matrix; release_input/GSM4810569_Control_retina_P17_3_reads.xlsx	1.75506790980125
GSE158799	C57Bl6J retina lysates in oxygen-induced retinopathy	raw_counts	retinal OIR-relevant deposited sample/library	P17	P17 OIR group identified in official record	P17 normoxia/room-air comparator identified in official record	eligible predefined OIR-control contrast	GSM4810570	OIR	not deposited	not deposited	not completely recoverable	none identified	distinct deposited retinal biological samples/libraries; no technical duplication identified	DEPOSITED_RETINAL_BIOLOGICAL_SAMPLE_WITH_UNRESOLVED_ANIMAL_MAPPING	RETAIN_PRIMARY_DEPOSITED_SAMPLE_SYNTHESIS	official GEO record and processed matrix; release_input/GSM4810570_OIR_retina_P17_1_reads.xlsx	2.51100849114425
GSE158799	C57Bl6J retina lysates in oxygen-induced retinopathy	raw_counts	retinal OIR-relevant deposited sample/library	P17	P17 OIR group identified in official record	P17 normoxia/room-air comparator identified in official record	eligible predefined OIR-control contrast	GSM4810571	OIR	not deposited	not deposited	not completely recoverable	none identified	distinct deposited retinal biological samples/libraries; no technical duplication identified	DEPOSITED_RETINAL_BIOLOGICAL_SAMPLE_WITH_UNRESOLVED_ANIMAL_MAPPING	RETAIN_PRIMARY_DEPOSITED_SAMPLE_SYNTHESIS	official GEO record and processed matrix; release_input/GSM4810571_OIR_retina_P17_2_reads.xlsx	2.53976900459717
GSE158799	C57Bl6J retina lysates in oxygen-induced retinopathy	raw_counts	retinal OIR-relevant deposited sample/library	P17	P17 OIR group identified in official record	P17 normoxia/room-air comparator identified in official record	eligible predefined OIR-control contrast	GSM4810572	OIR	not deposited	not deposited	not completely recoverable	none identified	distinct deposited retinal biological samples/libraries; no technical duplication identified	DEPOSITED_RETINAL_BIOLOGICAL_SAMPLE_WITH_UNRESOLVED_ANIMAL_MAPPING	RETAIN_PRIMARY_DEPOSITED_SAMPLE_SYNTHESIS	official GEO record and processed matrix; release_input/GSM4810572_OIR_retina_P17_3_reads.xlsx	2.49988557065861
GSE194176	Zou et al.; GEO-linked PMID 35816041 (and linked follow-up PMID 39948347)	GPL24247	whole retina / deposited retinal sample	P17	wild-type mice exposed to 75% oxygen P7-P12; collected P17	room-air wild-type P17	wild-type OIR arm; IL-19 knockout arm excluded	T07	OIR_WT	not deposited	not deposited	not reported	none identified	GEO states three retinal replicates per arm and 'retinas were collected'; animal ID, laterality, pooling, and bilateral-eye mapping are absent	DEPOSITED_RETINAL_BIOLOGICAL_REPLICATES_WITH_UNRESOLVED_ANIMAL_MAPPING	RETAIN_PRIMARY_DEPOSITED_SAMPLE_SYNTHESIS	official GEO family SOFT and series/sample protocol; Zou et al.; GEO-linked PMID 35816041 (and linked follow-up PMID 39948347)	1.29250260489776
GSE194176	Zou et al.; GEO-linked PMID 35816041 (and linked follow-up PMID 39948347)	GPL24247	whole retina / deposited retinal sample	P17	wild-type mice exposed to 75% oxygen P7-P12; collected P17	room-air wild-type P17	wild-type OIR arm; IL-19 knockout arm excluded	T08	OIR_WT	not deposited	not deposited	not reported	none identified	GEO states three retinal replicates per arm and 'retinas were collected'; animal ID, laterality, pooling, and bilateral-eye mapping are absent	DEPOSITED_RETINAL_BIOLOGICAL_REPLICATES_WITH_UNRESOLVED_ANIMAL_MAPPING	RETAIN_PRIMARY_DEPOSITED_SAMPLE_SYNTHESIS	official GEO family SOFT and series/sample protocol; Zou et al.; GEO-linked PMID 35816041 (and linked follow-up PMID 39948347)	0.831467879189177
GSE194176	Zou et al.; GEO-linked PMID 35816041 (and linked follow-up PMID 39948347)	GPL24247	whole retina / deposited retinal sample	P17	wild-type mice exposed to 75% oxygen P7-P12; collected P17	room-air wild-type P17	wild-type OIR arm; IL-19 knockout arm excluded	T09	OIR_WT	not deposited	not deposited	not reported	none identified	GEO states three retinal replicates per arm and 'retinas were collected'; animal ID, laterality, pooling, and bilateral-eye mapping are absent	DEPOSITED_RETINAL_BIOLOGICAL_REPLICATES_WITH_UNRESOLVED_ANIMAL_MAPPING	RETAIN_PRIMARY_DEPOSITED_SAMPLE_SYNTHESIS	official GEO family SOFT and series/sample protocol; Zou et al.; GEO-linked PMID 35816041 (and linked follow-up PMID 39948347)	1.05896686069043
GSE194176	Zou et al.; GEO-linked PMID 35816041 (and linked follow-up PMID 39948347)	GPL24247	whole retina / deposited retinal sample	P17	wild-type mice exposed to 75% oxygen P7-P12; collected P17	room-air wild-type P17	wild-type OIR arm; IL-19 knockout arm excluded	T01	normoxia_WT	not deposited	not deposited	not reported	none identified	GEO states three retinal replicates per arm and 'retinas were collected'; animal ID, laterality, pooling, and bilateral-eye mapping are absent	DEPOSITED_RETINAL_BIOLOGICAL_REPLICATES_WITH_UNRESOLVED_ANIMAL_MAPPING	RETAIN_PRIMARY_DEPOSITED_SAMPLE_SYNTHESIS	official GEO family SOFT and series/sample protocol; Zou et al.; GEO-linked PMID 35816041 (and linked follow-up PMID 39948347)	1.02897008083902
GSE194176	Zou et al.; GEO-linked PMID 35816041 (and linked follow-up PMID 39948347)	GPL24247	whole retina / deposited retinal sample	P17	wild-type mice exposed to 75% oxygen P7-P12; collected P17	room-air wild-type P17	wild-type OIR arm; IL-19 knockout arm excluded	T02	normoxia_WT	not deposited	not deposited	not reported	none identified	GEO states three retinal replicates per arm and 'retinas were collected'; animal ID, laterality, pooling, and bilateral-eye mapping are absent	DEPOSITED_RETINAL_BIOLOGICAL_REPLICATES_WITH_UNRESOLVED_ANIMAL_MAPPING	RETAIN_PRIMARY_DEPOSITED_SAMPLE_SYNTHESIS	official GEO family SOFT and series/sample protocol; Zou et al.; GEO-linked PMID 35816041 (and linked follow-up PMID 39948347)	0.914036331549349
GSE194176	Zou et al.; GEO-linked PMID 35816041 (and linked follow-up PMID 39948347)	GPL24247	whole retina / deposited retinal sample	P17	wild-type mice exposed to 75% oxygen P7-P12; collected P17	room-air wild-type P17	wild-type OIR arm; IL-19 knockout arm excluded	T03	normoxia_WT	not deposited	not deposited	not reported	none identified	GEO states three retinal replicates per arm and 'retinas were collected'; animal ID, laterality, pooling, and bilateral-eye mapping are absent	DEPOSITED_RETINAL_BIOLOGICAL_REPLICATES_WITH_UNRESOLVED_ANIMAL_MAPPING	RETAIN_PRIMARY_DEPOSITED_SAMPLE_SYNTHESIS	official GEO family SOFT and series/sample protocol; Zou et al.; GEO-linked PMID 35816041 (and linked follow-up PMID 39948347)	0.948022906220909
GSE216676	Metabolic reprogramming of the neovascular niche promotes regenerative angiogenesis in proliferative retinopathy	raw_counts	retinal OIR-relevant deposited sample/library	P17	P17 OIR group identified in official record	P17 normoxia/room-air comparator identified in official record	eligible predefined OIR-control contrast	GSM6685631	Normoxia	not deposited	not deposited	not completely recoverable	none identified	distinct deposited retinal biological samples/libraries; no technical duplication identified	DEPOSITED_RETINAL_BIOLOGICAL_SAMPLE_WITH_UNRESOLVED_ANIMAL_MAPPING	RETAIN_PRIMARY_DEPOSITED_SAMPLE_SYNTHESIS	official GEO record and processed matrix; release_input/GSE216676.tsv.gz	3.97759828008154
GSE216676	Metabolic reprogramming of the neovascular niche promotes regenerative angiogenesis in proliferative retinopathy	raw_counts	retinal OIR-relevant deposited sample/library	P17	P17 OIR group identified in official record	P17 normoxia/room-air comparator identified in official record	eligible predefined OIR-control contrast	GSM6685632	Normoxia	not deposited	not deposited	not completely recoverable	none identified	distinct deposited retinal biological samples/libraries; no technical duplication identified	DEPOSITED_RETINAL_BIOLOGICAL_SAMPLE_WITH_UNRESOLVED_ANIMAL_MAPPING	RETAIN_PRIMARY_DEPOSITED_SAMPLE_SYNTHESIS	official GEO record and processed matrix; release_input/GSE216676.tsv.gz	4.25935773751639
GSE216676	Metabolic reprogramming of the neovascular niche promotes regenerative angiogenesis in proliferative retinopathy	raw_counts	retinal OIR-relevant deposited sample/library	P17	P17 OIR group identified in official record	P17 normoxia/room-air comparator identified in official record	eligible predefined OIR-control contrast	GSM6685629	OIR	not deposited	not deposited	not completely recoverable	none identified	distinct deposited retinal biological samples/libraries; no technical duplication identified	DEPOSITED_RETINAL_BIOLOGICAL_SAMPLE_WITH_UNRESOLVED_ANIMAL_MAPPING	RETAIN_PRIMARY_DEPOSITED_SAMPLE_SYNTHESIS	official GEO record and processed matrix; release_input/GSE216676.tsv.gz	5.19429834719421
GSE216676	Metabolic reprogramming of the neovascular niche promotes regenerative angiogenesis in proliferative retinopathy	raw_counts	retinal OIR-relevant deposited sample/library	P17	P17 OIR group identified in official record	P17 normoxia/room-air comparator identified in official record	eligible predefined OIR-control contrast	GSM6685633	OIR	not deposited	not deposited	not completely recoverable	none identified	distinct deposited retinal biological samples/libraries; no technical duplication identified	DEPOSITED_RETINAL_BIOLOGICAL_SAMPLE_WITH_UNRESOLVED_ANIMAL_MAPPING	RETAIN_PRIMARY_DEPOSITED_SAMPLE_SYNTHESIS	official GEO record and processed matrix; release_input/GSE216676.tsv.gz	3.42129797301644
GSE216676	Metabolic reprogramming of the neovascular niche promotes regenerative angiogenesis in proliferative retinopathy	raw_counts	retinal OIR-relevant deposited sample/library	P17	P17 OIR group identified in official record	P17 normoxia/room-air comparator identified in official record	eligible predefined OIR-control contrast	GSM6685635	OIR	not deposited	not deposited	not completely recoverable	none identified	distinct deposited retinal biological samples/libraries; no technical duplication identified	DEPOSITED_RETINAL_BIOLOGICAL_SAMPLE_WITH_UNRESOLVED_ANIMAL_MAPPING	RETAIN_PRIMARY_DEPOSITED_SAMPLE_SYNTHESIS	official GEO record and processed matrix; release_input/GSE216676.tsv.gz	4.34781406902899
GSE230668	Effects of inhibitors in mice with oxygen-induced retinopathy	microarray_log	retinal OIR-relevant deposited sample/library	P17	P17 OIR group identified in official record	P17 normoxia/room-air comparator identified in official record	eligible predefined OIR-control contrast	GSM7230931	Normoxia	not deposited	not deposited	not completely recoverable	none identified	distinct deposited retinal biological samples/libraries; no technical duplication identified	DEPOSITED_RETINAL_BIOLOGICAL_SAMPLE_WITH_UNRESOLVED_ANIMAL_MAPPING	RETAIN_PRIMARY_DEPOSITED_SAMPLE_SYNTHESIS	official GEO record and processed matrix; release_input/GSE230668_series_matrix.txt.gz	6.572715
GSE230668	Effects of inhibitors in mice with oxygen-induced retinopathy	microarray_log	retinal OIR-relevant deposited sample/library	P17	P17 OIR group identified in official record	P17 normoxia/room-air comparator identified in official record	eligible predefined OIR-control contrast	GSM7230933	Normoxia	not deposited	not deposited	not completely recoverable	none identified	distinct deposited retinal biological samples/libraries; no technical duplication identified	DEPOSITED_RETINAL_BIOLOGICAL_SAMPLE_WITH_UNRESOLVED_ANIMAL_MAPPING	RETAIN_PRIMARY_DEPOSITED_SAMPLE_SYNTHESIS	official GEO record and processed matrix; release_input/GSE230668_series_matrix.txt.gz	6.854839
GSE230668	Effects of inhibitors in mice with oxygen-induced retinopathy	microarray_log	retinal OIR-relevant deposited sample/library	P17	P17 OIR group identified in official record	P17 normoxia/room-air comparator identified in official record	eligible predefined OIR-control contrast	GSM7230932	OIR	not deposited	not deposited	not completely recoverable	none identified	distinct deposited retinal biological samples/libraries; no technical duplication identified	DEPOSITED_RETINAL_BIOLOGICAL_SAMPLE_WITH_UNRESOLVED_ANIMAL_MAPPING	RETAIN_PRIMARY_DEPOSITED_SAMPLE_SYNTHESIS	official GEO record and processed matrix; release_input/GSE230668_series_matrix.txt.gz	6.883764
GSE230668	Effects of inhibitors in mice with oxygen-induced retinopathy	microarray_log	retinal OIR-relevant deposited sample/library	P17	P17 OIR group identified in official record	P17 normoxia/room-air comparator identified in official record	eligible predefined OIR-control contrast	GSM7230934	OIR	not deposited	not deposited	not completely recoverable	none identified	distinct deposited retinal biological samples/libraries; no technical duplication identified	DEPOSITED_RETINAL_BIOLOGICAL_SAMPLE_WITH_UNRESOLVED_ANIMAL_MAPPING	RETAIN_PRIMARY_DEPOSITED_SAMPLE_SYNTHESIS	official GEO record and processed matrix; release_input/GSE230668_series_matrix.txt.gz	6.820788
GSE234447	Pauleikhoff et al. Transcriptional Comparison of Human and Murine Retinal Neovascularization; PMID 38153746	GPL30172	whole retina / deposited retinal sample	P17	C57BL/6J OIR; P17 retinal collection	age-matched non-OIR P17	untreated OIR versus non-OIR	OIR_p17_S1	OIR	one animal per library supported at study level	not deposited	one fellow retina or both eyes pooled within an animal; exact one-versus-two-retina mapping is not deposited	none identified	GEO extraction protocol states that a fellow eye was used for some mice and both eyes were pooled for other animals; each library therefore represents one animal even when both eyes were pooled	ANIMAL_LEVEL_UNIT_RECOVERABLE	RETAIN_PRIMARY_AND_STRICT_SENSITIVITY	official GEO family SOFT and series/sample protocol; Pauleikhoff et al. Transcriptional Comparison of Human and Murine Retinal Neovascularization; PMID 38153746	6.21165510223716
GSE234447	Pauleikhoff et al. Transcriptional Comparison of Human and Murine Retinal Neovascularization; PMID 38153746	GPL30172	whole retina / deposited retinal sample	P17	C57BL/6J OIR; P17 retinal collection	age-matched non-OIR P17	untreated OIR versus non-OIR	OIR_p17_S2	OIR	one animal per library supported at study level	not deposited	one fellow retina or both eyes pooled within an animal; exact one-versus-two-retina mapping is not deposited	none identified	GEO extraction protocol states that a fellow eye was used for some mice and both eyes were pooled for other animals; each library therefore represents one animal even when both eyes were pooled	ANIMAL_LEVEL_UNIT_RECOVERABLE	RETAIN_PRIMARY_AND_STRICT_SENSITIVITY	official GEO family SOFT and series/sample protocol; Pauleikhoff et al. Transcriptional Comparison of Human and Murine Retinal Neovascularization; PMID 38153746	6.63025255433099
GSE234447	Pauleikhoff et al. Transcriptional Comparison of Human and Murine Retinal Neovascularization; PMID 38153746	GPL30172	whole retina / deposited retinal sample	P17	C57BL/6J OIR; P17 retinal collection	age-matched non-OIR P17	untreated OIR versus non-OIR	OIR_p17_S3	OIR	one animal per library supported at study level	not deposited	one fellow retina or both eyes pooled within an animal; exact one-versus-two-retina mapping is not deposited	none identified	GEO extraction protocol states that a fellow eye was used for some mice and both eyes were pooled for other animals; each library therefore represents one animal even when both eyes were pooled	ANIMAL_LEVEL_UNIT_RECOVERABLE	RETAIN_PRIMARY_AND_STRICT_SENSITIVITY	official GEO family SOFT and series/sample protocol; Pauleikhoff et al. Transcriptional Comparison of Human and Murine Retinal Neovascularization; PMID 38153746	7.04120185806998
GSE234447	Pauleikhoff et al. Transcriptional Comparison of Human and Murine Retinal Neovascularization; PMID 38153746	GPL30172	whole retina / deposited retinal sample	P17	C57BL/6J OIR; P17 retinal collection	age-matched non-OIR P17	untreated OIR versus non-OIR	OIR_p17_S4	OIR	one animal per library supported at study level	not deposited	one fellow retina or both eyes pooled within an animal; exact one-versus-two-retina mapping is not deposited	none identified	GEO extraction protocol states that a fellow eye was used for some mice and both eyes were pooled for other animals; each library therefore represents one animal even when both eyes were pooled	ANIMAL_LEVEL_UNIT_RECOVERABLE	RETAIN_PRIMARY_AND_STRICT_SENSITIVITY	official GEO family SOFT and series/sample protocol; Pauleikhoff et al. Transcriptional Comparison of Human and Murine Retinal Neovascularization; PMID 38153746	6.31114597894073
GSE234447	Pauleikhoff et al. Transcriptional Comparison of Human and Murine Retinal Neovascularization; PMID 38153746	GPL30172	whole retina / deposited retinal sample	P17	C57BL/6J OIR; P17 retinal collection	age-matched non-OIR P17	untreated OIR versus non-OIR	OIR_p17_S5	OIR	one animal per library supported at study level	not deposited	one fellow retina or both eyes pooled within an animal; exact one-versus-two-retina mapping is not deposited	none identified	GEO extraction protocol states that a fellow eye was used for some mice and both eyes were pooled for other animals; each library therefore represents one animal even when both eyes were pooled	ANIMAL_LEVEL_UNIT_RECOVERABLE	RETAIN_PRIMARY_AND_STRICT_SENSITIVITY	official GEO family SOFT and series/sample protocol; Pauleikhoff et al. Transcriptional Comparison of Human and Murine Retinal Neovascularization; PMID 38153746	6.38726398979442
GSE234447	Pauleikhoff et al. Transcriptional Comparison of Human and Murine Retinal Neovascularization; PMID 38153746	GPL30172	whole retina / deposited retinal sample	P17	C57BL/6J OIR; P17 retinal collection	age-matched non-OIR P17	untreated OIR versus non-OIR	OIR_p17_S6	OIR	one animal per library supported at study level	not deposited	one fellow retina or both eyes pooled within an animal; exact one-versus-two-retina mapping is not deposited	none identified	GEO extraction protocol states that a fellow eye was used for some mice and both eyes were pooled for other animals; each library therefore represents one animal even when both eyes were pooled	ANIMAL_LEVEL_UNIT_RECOVERABLE	RETAIN_PRIMARY_AND_STRICT_SENSITIVITY	official GEO family SOFT and series/sample protocol; Pauleikhoff et al. Transcriptional Comparison of Human and Murine Retinal Neovascularization; PMID 38153746	6.88586174407772
GSE234447	Pauleikhoff et al. Transcriptional Comparison of Human and Murine Retinal Neovascularization; PMID 38153746	GPL30172	whole retina / deposited retinal sample	P17	C57BL/6J OIR; P17 retinal collection	age-matched non-OIR P17	untreated OIR versus non-OIR	OIR_p17_S7	OIR	one animal per library supported at study level	not deposited	one fellow retina or both eyes pooled within an animal; exact one-versus-two-retina mapping is not deposited	none identified	GEO extraction protocol states that a fellow eye was used for some mice and both eyes were pooled for other animals; each library therefore represents one animal even when both eyes were pooled	ANIMAL_LEVEL_UNIT_RECOVERABLE	RETAIN_PRIMARY_AND_STRICT_SENSITIVITY	official GEO family SOFT and series/sample protocol; Pauleikhoff et al. Transcriptional Comparison of Human and Murine Retinal Neovascularization; PMID 38153746	6.76708411151129
GSE234447	Pauleikhoff et al. Transcriptional Comparison of Human and Murine Retinal Neovascularization; PMID 38153746	GPL30172	whole retina / deposited retinal sample	P17	C57BL/6J OIR; P17 retinal collection	age-matched non-OIR P17	untreated OIR versus non-OIR	OIR_p17_S8	OIR	one animal per library supported at study level	not deposited	one fellow retina or both eyes pooled within an animal; exact one-versus-two-retina mapping is not deposited	none identified	GEO extraction protocol states that a fellow eye was used for some mice and both eyes were pooled for other animals; each library therefore represents one animal even when both eyes were pooled	ANIMAL_LEVEL_UNIT_RECOVERABLE	RETAIN_PRIMARY_AND_STRICT_SENSITIVITY	official GEO family SOFT and series/sample protocol; Pauleikhoff et al. Transcriptional Comparison of Human and Murine Retinal Neovascularization; PMID 38153746	6.622158764634
GSE234447	Pauleikhoff et al. Transcriptional Comparison of Human and Murine Retinal Neovascularization; PMID 38153746	GPL30172	whole retina / deposited retinal sample	P17	C57BL/6J OIR; P17 retinal collection	age-matched non-OIR P17	untreated OIR versus non-OIR	nOIR_p17_S1	normoxia	one animal per library supported at study level	not deposited	one fellow retina or both eyes pooled within an animal; exact one-versus-two-retina mapping is not deposited	none identified	GEO extraction protocol states that a fellow eye was used for some mice and both eyes were pooled for other animals; each library therefore represents one animal even when both eyes were pooled	ANIMAL_LEVEL_UNIT_RECOVERABLE	RETAIN_PRIMARY_AND_STRICT_SENSITIVITY	official GEO family SOFT and series/sample protocol; Pauleikhoff et al. Transcriptional Comparison of Human and Murine Retinal Neovascularization; PMID 38153746	5.27994185257133
GSE234447	Pauleikhoff et al. Transcriptional Comparison of Human and Murine Retinal Neovascularization; PMID 38153746	GPL30172	whole retina / deposited retinal sample	P17	C57BL/6J OIR; P17 retinal collection	age-matched non-OIR P17	untreated OIR versus non-OIR	nOIR_p17_S2	normoxia	one animal per library supported at study level	not deposited	one fellow retina or both eyes pooled within an animal; exact one-versus-two-retina mapping is not deposited	none identified	GEO extraction protocol states that a fellow eye was used for some mice and both eyes were pooled for other animals; each library therefore represents one animal even when both eyes were pooled	ANIMAL_LEVEL_UNIT_RECOVERABLE	RETAIN_PRIMARY_AND_STRICT_SENSITIVITY	official GEO family SOFT and series/sample protocol; Pauleikhoff et al. Transcriptional Comparison of Human and Murine Retinal Neovascularization; PMID 38153746	5.70070985852595
GSE234447	Pauleikhoff et al. Transcriptional Comparison of Human and Murine Retinal Neovascularization; PMID 38153746	GPL30172	whole retina / deposited retinal sample	P17	C57BL/6J OIR; P17 retinal collection	age-matched non-OIR P17	untreated OIR versus non-OIR	nOIR_p17_S3	normoxia	one animal per library supported at study level	not deposited	one fellow retina or both eyes pooled within an animal; exact one-versus-two-retina mapping is not deposited	none identified	GEO extraction protocol states that a fellow eye was used for some mice and both eyes were pooled for other animals; each library therefore represents one animal even when both eyes were pooled	ANIMAL_LEVEL_UNIT_RECOVERABLE	RETAIN_PRIMARY_AND_STRICT_SENSITIVITY	official GEO family SOFT and series/sample protocol; Pauleikhoff et al. Transcriptional Comparison of Human and Murine Retinal Neovascularization; PMID 38153746	4.94335349043842
GSE234447	Pauleikhoff et al. Transcriptional Comparison of Human and Murine Retinal Neovascularization; PMID 38153746	GPL30172	whole retina / deposited retinal sample	P17	C57BL/6J OIR; P17 retinal collection	age-matched non-OIR P17	untreated OIR versus non-OIR	nOIR_p17_S4	normoxia	one animal per library supported at study level	not deposited	one fellow retina or both eyes pooled within an animal; exact one-versus-two-retina mapping is not deposited	none identified	GEO extraction protocol states that a fellow eye was used for some mice and both eyes were pooled for other animals; each library therefore represents one animal even when both eyes were pooled	ANIMAL_LEVEL_UNIT_RECOVERABLE	RETAIN_PRIMARY_AND_STRICT_SENSITIVITY	official GEO family SOFT and series/sample protocol; Pauleikhoff et al. Transcriptional Comparison of Human and Murine Retinal Neovascularization; PMID 38153746	5.49537672420323
GSE234447	Pauleikhoff et al. Transcriptional Comparison of Human and Murine Retinal Neovascularization; PMID 38153746	GPL30172	whole retina / deposited retinal sample	P17	C57BL/6J OIR; P17 retinal collection	age-matched non-OIR P17	untreated OIR versus non-OIR	nOIR_p17_S5	normoxia	one animal per library supported at study level	not deposited	one fellow retina or both eyes pooled within an animal; exact one-versus-two-retina mapping is not deposited	none identified	GEO extraction protocol states that a fellow eye was used for some mice and both eyes were pooled for other animals; each library therefore represents one animal even when both eyes were pooled	ANIMAL_LEVEL_UNIT_RECOVERABLE	RETAIN_PRIMARY_AND_STRICT_SENSITIVITY	official GEO family SOFT and series/sample protocol; Pauleikhoff et al. Transcriptional Comparison of Human and Murine Retinal Neovascularization; PMID 38153746	5.70109177396851
GSE234447	Pauleikhoff et al. Transcriptional Comparison of Human and Murine Retinal Neovascularization; PMID 38153746	GPL30172	whole retina / deposited retinal sample	P17	C57BL/6J OIR; P17 retinal collection	age-matched non-OIR P17	untreated OIR versus non-OIR	nOIR_p17_S6	normoxia	one animal per library supported at study level	not deposited	one fellow retina or both eyes pooled within an animal; exact one-versus-two-retina mapping is not deposited	none identified	GEO extraction protocol states that a fellow eye was used for some mice and both eyes were pooled for other animals; each library therefore represents one animal even when both eyes were pooled	ANIMAL_LEVEL_UNIT_RECOVERABLE	RETAIN_PRIMARY_AND_STRICT_SENSITIVITY	official GEO family SOFT and series/sample protocol; Pauleikhoff et al. Transcriptional Comparison of Human and Murine Retinal Neovascularization; PMID 38153746	5.40709858159023
GSE241239	No linked publication in the GEO series record	GPL24247	whole retina / deposited retinal sample	P17	75% oxygen P7-P12; P17 retinal collection	P17 normoxic mice	untreated OIR versus normoxia	C57.OIR.1_COUNT	OIR	not deposited	not deposited	not reported	none identified	GEO reports six retinal replicates per condition but does not provide animal ID, laterality, pooling, or bilateral-eye mapping	DEPOSITED_RETINAL_BIOLOGICAL_REPLICATES_WITH_UNRESOLVED_ANIMAL_MAPPING	RETAIN_PRIMARY_DEPOSITED_SAMPLE_SYNTHESIS	official GEO family SOFT and series/sample protocol; No linked publication in the GEO series record	2.46255126620867
GSE241239	No linked publication in the GEO series record	GPL24247	whole retina / deposited retinal sample	P17	75% oxygen P7-P12; P17 retinal collection	P17 normoxic mice	untreated OIR versus normoxia	C57.OIR.2_COUNT	OIR	not deposited	not deposited	not reported	none identified	GEO reports six retinal replicates per condition but does not provide animal ID, laterality, pooling, or bilateral-eye mapping	DEPOSITED_RETINAL_BIOLOGICAL_REPLICATES_WITH_UNRESOLVED_ANIMAL_MAPPING	RETAIN_PRIMARY_DEPOSITED_SAMPLE_SYNTHESIS	official GEO family SOFT and series/sample protocol; No linked publication in the GEO series record	2.39703895590073
GSE241239	No linked publication in the GEO series record	GPL24247	whole retina / deposited retinal sample	P17	75% oxygen P7-P12; P17 retinal collection	P17 normoxic mice	untreated OIR versus normoxia	C57.OIR.3_COUNT	OIR	not deposited	not deposited	not reported	none identified	GEO reports six retinal replicates per condition but does not provide animal ID, laterality, pooling, or bilateral-eye mapping	DEPOSITED_RETINAL_BIOLOGICAL_REPLICATES_WITH_UNRESOLVED_ANIMAL_MAPPING	RETAIN_PRIMARY_DEPOSITED_SAMPLE_SYNTHESIS	official GEO family SOFT and series/sample protocol; No linked publication in the GEO series record	2.24807884386494
GSE241239	No linked publication in the GEO series record	GPL24247	whole retina / deposited retinal sample	P17	75% oxygen P7-P12; P17 retinal collection	P17 normoxic mice	untreated OIR versus normoxia	C57.OIR.4_COUNT	OIR	not deposited	not deposited	not reported	none identified	GEO reports six retinal replicates per condition but does not provide animal ID, laterality, pooling, or bilateral-eye mapping	DEPOSITED_RETINAL_BIOLOGICAL_REPLICATES_WITH_UNRESOLVED_ANIMAL_MAPPING	RETAIN_PRIMARY_DEPOSITED_SAMPLE_SYNTHESIS	official GEO family SOFT and series/sample protocol; No linked publication in the GEO series record	3.11043514617864
GSE241239	No linked publication in the GEO series record	GPL24247	whole retina / deposited retinal sample	P17	75% oxygen P7-P12; P17 retinal collection	P17 normoxic mice	untreated OIR versus normoxia	C57.OIR.5_COUNT	OIR	not deposited	not deposited	not reported	none identified	GEO reports six retinal replicates per condition but does not provide animal ID, laterality, pooling, or bilateral-eye mapping	DEPOSITED_RETINAL_BIOLOGICAL_REPLICATES_WITH_UNRESOLVED_ANIMAL_MAPPING	RETAIN_PRIMARY_DEPOSITED_SAMPLE_SYNTHESIS	official GEO family SOFT and series/sample protocol; No linked publication in the GEO series record	2.94839670990974
GSE241239	No linked publication in the GEO series record	GPL24247	whole retina / deposited retinal sample	P17	75% oxygen P7-P12; P17 retinal collection	P17 normoxic mice	untreated OIR versus normoxia	C57.OIR.6_COUNT	OIR	not deposited	not deposited	not reported	none identified	GEO reports six retinal replicates per condition but does not provide animal ID, laterality, pooling, or bilateral-eye mapping	DEPOSITED_RETINAL_BIOLOGICAL_REPLICATES_WITH_UNRESOLVED_ANIMAL_MAPPING	RETAIN_PRIMARY_DEPOSITED_SAMPLE_SYNTHESIS	official GEO family SOFT and series/sample protocol; No linked publication in the GEO series record	2.54070424849553
GSE241239	No linked publication in the GEO series record	GPL24247	whole retina / deposited retinal sample	P17	75% oxygen P7-P12; P17 retinal collection	P17 normoxic mice	untreated OIR versus normoxia	C57.Con.1_COUNT	normoxia	not deposited	not deposited	not reported	none identified	GEO reports six retinal replicates per condition but does not provide animal ID, laterality, pooling, or bilateral-eye mapping	DEPOSITED_RETINAL_BIOLOGICAL_REPLICATES_WITH_UNRESOLVED_ANIMAL_MAPPING	RETAIN_PRIMARY_DEPOSITED_SAMPLE_SYNTHESIS	official GEO family SOFT and series/sample protocol; No linked publication in the GEO series record	0.994479758233209
GSE241239	No linked publication in the GEO series record	GPL24247	whole retina / deposited retinal sample	P17	75% oxygen P7-P12; P17 retinal collection	P17 normoxic mice	untreated OIR versus normoxia	C57.Con.2_COUNT	normoxia	not deposited	not deposited	not reported	none identified	GEO reports six retinal replicates per condition but does not provide animal ID, laterality, pooling, or bilateral-eye mapping	DEPOSITED_RETINAL_BIOLOGICAL_REPLICATES_WITH_UNRESOLVED_ANIMAL_MAPPING	RETAIN_PRIMARY_DEPOSITED_SAMPLE_SYNTHESIS	official GEO family SOFT and series/sample protocol; No linked publication in the GEO series record	1.27903239382789
GSE241239	No linked publication in the GEO series record	GPL24247	whole retina / deposited retinal sample	P17	75% oxygen P7-P12; P17 retinal collection	P17 normoxic mice	untreated OIR versus normoxia	C57.Con.3_COUNT	normoxia	not deposited	not deposited	not reported	none identified	GEO reports six retinal replicates per condition but does not provide animal ID, laterality, pooling, or bilateral-eye mapping	DEPOSITED_RETINAL_BIOLOGICAL_REPLICATES_WITH_UNRESOLVED_ANIMAL_MAPPING	RETAIN_PRIMARY_DEPOSITED_SAMPLE_SYNTHESIS	official GEO family SOFT and series/sample protocol; No linked publication in the GEO series record	1.51063697520393
GSE241239	No linked publication in the GEO series record	GPL24247	whole retina / deposited retinal sample	P17	75% oxygen P7-P12; P17 retinal collection	P17 normoxic mice	untreated OIR versus normoxia	C57.Con.4_COUNT	normoxia	not deposited	not deposited	not reported	none identified	GEO reports six retinal replicates per condition but does not provide animal ID, laterality, pooling, or bilateral-eye mapping	DEPOSITED_RETINAL_BIOLOGICAL_REPLICATES_WITH_UNRESOLVED_ANIMAL_MAPPING	RETAIN_PRIMARY_DEPOSITED_SAMPLE_SYNTHESIS	official GEO family SOFT and series/sample protocol; No linked publication in the GEO series record	1.98058054869929
GSE241239	No linked publication in the GEO series record	GPL24247	whole retina / deposited retinal sample	P17	75% oxygen P7-P12; P17 retinal collection	P17 normoxic mice	untreated OIR versus normoxia	C57.Con.5_COUNT	normoxia	not deposited	not deposited	not reported	none identified	GEO reports six retinal replicates per condition but does not provide animal ID, laterality, pooling, or bilateral-eye mapping	DEPOSITED_RETINAL_BIOLOGICAL_REPLICATES_WITH_UNRESOLVED_ANIMAL_MAPPING	RETAIN_PRIMARY_DEPOSITED_SAMPLE_SYNTHESIS	official GEO family SOFT and series/sample protocol; No linked publication in the GEO series record	1.99462774770971
GSE241239	No linked publication in the GEO series record	GPL24247	whole retina / deposited retinal sample	P17	75% oxygen P7-P12; P17 retinal collection	P17 normoxic mice	untreated OIR versus normoxia	C57.Con.6_COUNT	normoxia	not deposited	not deposited	not reported	none identified	GEO reports six retinal replicates per condition but does not provide animal ID, laterality, pooling, or bilateral-eye mapping	DEPOSITED_RETINAL_BIOLOGICAL_REPLICATES_WITH_UNRESOLVED_ANIMAL_MAPPING	RETAIN_PRIMARY_DEPOSITED_SAMPLE_SYNTHESIS	official GEO family SOFT and series/sample protocol; No linked publication in the GEO series record	1.54308560844854
GSE259255	GEO series BGN stimulates retinal pathological angiogenesis via up-regulation of CXCL12 expression in pericytes; no PubMed ID linked in GEO	GPL24247	whole retina / deposited retinal sample	P17	C57BL/6 P17 OIR	P17 normoxia control	untreated OIR versus normoxia	OIR-1	OIR	not deposited	not deposited	not reported	none identified	Six mouse retinal sample titles are present, but animal ID/laterality/pooling are absent and the deposited extraction protocol is incongruent (duck pectoralis-muscle text), so it cannot establish the unit	UNRESOLVED_UNIT_AND_INTERNALLY_INCONGRUENT_SOURCE_PROTOCOL	EXCLUDE_PRIMARY_PENDING_SOURCE_CLARIFICATION	official GEO family SOFT and series/sample protocol; GEO series BGN stimulates retinal pathological angiogenesis via up-regulation of CXCL12 expression in pericytes; no PubMed ID linked in GEO	0.855030992537091
GSE259255	GEO series BGN stimulates retinal pathological angiogenesis via up-regulation of CXCL12 expression in pericytes; no PubMed ID linked in GEO	GPL24247	whole retina / deposited retinal sample	P17	C57BL/6 P17 OIR	P17 normoxia control	untreated OIR versus normoxia	OIR-2	OIR	not deposited	not deposited	not reported	none identified	Six mouse retinal sample titles are present, but animal ID/laterality/pooling are absent and the deposited extraction protocol is incongruent (duck pectoralis-muscle text), so it cannot establish the unit	UNRESOLVED_UNIT_AND_INTERNALLY_INCONGRUENT_SOURCE_PROTOCOL	EXCLUDE_PRIMARY_PENDING_SOURCE_CLARIFICATION	official GEO family SOFT and series/sample protocol; GEO series BGN stimulates retinal pathological angiogenesis via up-regulation of CXCL12 expression in pericytes; no PubMed ID linked in GEO	0.831231614725862
GSE259255	GEO series BGN stimulates retinal pathological angiogenesis via up-regulation of CXCL12 expression in pericytes; no PubMed ID linked in GEO	GPL24247	whole retina / deposited retinal sample	P17	C57BL/6 P17 OIR	P17 normoxia control	untreated OIR versus normoxia	OIR-3	OIR	not deposited	not deposited	not reported	none identified	Six mouse retinal sample titles are present, but animal ID/laterality/pooling are absent and the deposited extraction protocol is incongruent (duck pectoralis-muscle text), so it cannot establish the unit	UNRESOLVED_UNIT_AND_INTERNALLY_INCONGRUENT_SOURCE_PROTOCOL	EXCLUDE_PRIMARY_PENDING_SOURCE_CLARIFICATION	official GEO family SOFT and series/sample protocol; GEO series BGN stimulates retinal pathological angiogenesis via up-regulation of CXCL12 expression in pericytes; no PubMed ID linked in GEO	0.807645219974522
GSE259255	GEO series BGN stimulates retinal pathological angiogenesis via up-regulation of CXCL12 expression in pericytes; no PubMed ID linked in GEO	GPL24247	whole retina / deposited retinal sample	P17	C57BL/6 P17 OIR	P17 normoxia control	untreated OIR versus normoxia	Control-1	normoxia	not deposited	not deposited	not reported	none identified	Six mouse retinal sample titles are present, but animal ID/laterality/pooling are absent and the deposited extraction protocol is incongruent (duck pectoralis-muscle text), so it cannot establish the unit	UNRESOLVED_UNIT_AND_INTERNALLY_INCONGRUENT_SOURCE_PROTOCOL	EXCLUDE_PRIMARY_PENDING_SOURCE_CLARIFICATION	official GEO family SOFT and series/sample protocol; GEO series BGN stimulates retinal pathological angiogenesis via up-regulation of CXCL12 expression in pericytes; no PubMed ID linked in GEO	0.542566241892585
GSE259255	GEO series BGN stimulates retinal pathological angiogenesis via up-regulation of CXCL12 expression in pericytes; no PubMed ID linked in GEO	GPL24247	whole retina / deposited retinal sample	P17	C57BL/6 P17 OIR	P17 normoxia control	untreated OIR versus normoxia	Control-2	normoxia	not deposited	not deposited	not reported	none identified	Six mouse retinal sample titles are present, but animal ID/laterality/pooling are absent and the deposited extraction protocol is incongruent (duck pectoralis-muscle text), so it cannot establish the unit	UNRESOLVED_UNIT_AND_INTERNALLY_INCONGRUENT_SOURCE_PROTOCOL	EXCLUDE_PRIMARY_PENDING_SOURCE_CLARIFICATION	official GEO family SOFT and series/sample protocol; GEO series BGN stimulates retinal pathological angiogenesis via up-regulation of CXCL12 expression in pericytes; no PubMed ID linked in GEO	0.623334232130585
GSE259255	GEO series BGN stimulates retinal pathological angiogenesis via up-regulation of CXCL12 expression in pericytes; no PubMed ID linked in GEO	GPL24247	whole retina / deposited retinal sample	P17	C57BL/6 P17 OIR	P17 normoxia control	untreated OIR versus normoxia	Control-3	normoxia	not deposited	not deposited	not reported	none identified	Six mouse retinal sample titles are present, but animal ID/laterality/pooling are absent and the deposited extraction protocol is incongruent (duck pectoralis-muscle text), so it cannot establish the unit	UNRESOLVED_UNIT_AND_INTERNALLY_INCONGRUENT_SOURCE_PROTOCOL	EXCLUDE_PRIMARY_PENDING_SOURCE_CLARIFICATION	official GEO family SOFT and series/sample protocol; GEO series BGN stimulates retinal pathological angiogenesis via up-regulation of CXCL12 expression in pericytes; no PubMed ID linked in GEO	0.446166727077833
GSE289223	Liu et al. Fibronectin mediates Endothelial-to-mesenchymal Transition in retina angiogenesis; PMID 40042877	GPL24247	whole retina / deposited retinal sample	P17	C57BL/6J P17 OIR	C57BL/6J normal P17	untreated OIR versus normal	OIRp17_1	OIR	not deposited	not deposited	not reported	none identified	GEO titles identify three numbered retinal replicates per condition, but animal ID, laterality, pooling, and bilateral-eye mapping are not reported	DEPOSITED_RETINAL_BIOLOGICAL_REPLICATES_WITH_UNRESOLVED_ANIMAL_MAPPING	RETAIN_PRIMARY_DEPOSITED_SAMPLE_SYNTHESIS	official GEO family SOFT and series/sample protocol; Liu et al. Fibronectin mediates Endothelial-to-mesenchymal Transition in retina angiogenesis; PMID 40042877	2.65706281795019
GSE289223	Liu et al. Fibronectin mediates Endothelial-to-mesenchymal Transition in retina angiogenesis; PMID 40042877	GPL24247	whole retina / deposited retinal sample	P17	C57BL/6J P17 OIR	C57BL/6J normal P17	untreated OIR versus normal	OIRp17_2	OIR	not deposited	not deposited	not reported	none identified	GEO titles identify three numbered retinal replicates per condition, but animal ID, laterality, pooling, and bilateral-eye mapping are not reported	DEPOSITED_RETINAL_BIOLOGICAL_REPLICATES_WITH_UNRESOLVED_ANIMAL_MAPPING	RETAIN_PRIMARY_DEPOSITED_SAMPLE_SYNTHESIS	official GEO family SOFT and series/sample protocol; Liu et al. Fibronectin mediates Endothelial-to-mesenchymal Transition in retina angiogenesis; PMID 40042877	2.42373266800023
GSE289223	Liu et al. Fibronectin mediates Endothelial-to-mesenchymal Transition in retina angiogenesis; PMID 40042877	GPL24247	whole retina / deposited retinal sample	P17	C57BL/6J P17 OIR	C57BL/6J normal P17	untreated OIR versus normal	OIRp17_3	OIR	not deposited	not deposited	not reported	none identified	GEO titles identify three numbered retinal replicates per condition, but animal ID, laterality, pooling, and bilateral-eye mapping are not reported	DEPOSITED_RETINAL_BIOLOGICAL_REPLICATES_WITH_UNRESOLVED_ANIMAL_MAPPING	RETAIN_PRIMARY_DEPOSITED_SAMPLE_SYNTHESIS	official GEO family SOFT and series/sample protocol; Liu et al. Fibronectin mediates Endothelial-to-mesenchymal Transition in retina angiogenesis; PMID 40042877	2.59018363184226
GSE289223	Liu et al. Fibronectin mediates Endothelial-to-mesenchymal Transition in retina angiogenesis; PMID 40042877	GPL24247	whole retina / deposited retinal sample	P17	C57BL/6J P17 OIR	C57BL/6J normal P17	untreated OIR versus normal	p17_1	normoxia	not deposited	not deposited	not reported	none identified	GEO titles identify three numbered retinal replicates per condition, but animal ID, laterality, pooling, and bilateral-eye mapping are not reported	DEPOSITED_RETINAL_BIOLOGICAL_REPLICATES_WITH_UNRESOLVED_ANIMAL_MAPPING	RETAIN_PRIMARY_DEPOSITED_SAMPLE_SYNTHESIS	official GEO family SOFT and series/sample protocol; Liu et al. Fibronectin mediates Endothelial-to-mesenchymal Transition in retina angiogenesis; PMID 40042877	1.58567720115716
GSE289223	Liu et al. Fibronectin mediates Endothelial-to-mesenchymal Transition in retina angiogenesis; PMID 40042877	GPL24247	whole retina / deposited retinal sample	P17	C57BL/6J P17 OIR	C57BL/6J normal P17	untreated OIR versus normal	p17_2	normoxia	not deposited	not deposited	not reported	none identified	GEO titles identify three numbered retinal replicates per condition, but animal ID, laterality, pooling, and bilateral-eye mapping are not reported	DEPOSITED_RETINAL_BIOLOGICAL_REPLICATES_WITH_UNRESOLVED_ANIMAL_MAPPING	RETAIN_PRIMARY_DEPOSITED_SAMPLE_SYNTHESIS	official GEO family SOFT and series/sample protocol; Liu et al. Fibronectin mediates Endothelial-to-mesenchymal Transition in retina angiogenesis; PMID 40042877	1.06193164547152
GSE289223	Liu et al. Fibronectin mediates Endothelial-to-mesenchymal Transition in retina angiogenesis; PMID 40042877	GPL24247	whole retina / deposited retinal sample	P17	C57BL/6J P17 OIR	C57BL/6J normal P17	untreated OIR versus normal	p17_3	normoxia	not deposited	not deposited	not reported	none identified	GEO titles identify three numbered retinal replicates per condition, but animal ID, laterality, pooling, and bilateral-eye mapping are not reported	DEPOSITED_RETINAL_BIOLOGICAL_REPLICATES_WITH_UNRESOLVED_ANIMAL_MAPPING	RETAIN_PRIMARY_DEPOSITED_SAMPLE_SYNTHESIS	official GEO family SOFT and series/sample protocol; Liu et al. Fibronectin mediates Endothelial-to-mesenchymal Transition in retina angiogenesis; PMID 40042877	0.629761964245264
GSE301407	Injectable Multifunctional Hydrogel with Sustained Release of procyanidin C1 for Selective Senolysis to Remodel Ocular Fundus Neovascularization; no linked PubMed ID in GEO	GPL34290	whole retina / deposited retinal sample	P17	P17 OIR after PBS intravitreal control injection at P15	P17 normoxic mice	PBS-treated OIR control arm; active hydrogel arm excluded	OIR-1A	OIR	not deposited	not deposited	not reported	none identified	GEO provides three numbered libraries per selected arm but no animal ID, laterality, pooling, or bilateral-eye mapping; normoxia is not documented as PBS-injected	DEPOSITED_RETINAL_BIOLOGICAL_SAMPLES_WITH_UNRESOLVED_ANIMAL_MAPPING	RETAIN_PRIMARY_DEPOSITED_SAMPLE_SYNTHESIS	official GEO family SOFT and series/sample protocol; Injectable Multifunctional Hydrogel with Sustained Release of procyanidin C1 for Selective Senolysis to Remodel Ocular Fundus Neovascularization; no linked PubMed ID in GEO	1.34059802804736
GSE301407	Injectable Multifunctional Hydrogel with Sustained Release of procyanidin C1 for Selective Senolysis to Remodel Ocular Fundus Neovascularization; no linked PubMed ID in GEO	GPL34290	whole retina / deposited retinal sample	P17	P17 OIR after PBS intravitreal control injection at P15	P17 normoxic mice	PBS-treated OIR control arm; active hydrogel arm excluded	OIR-2A	OIR	not deposited	not deposited	not reported	none identified	GEO provides three numbered libraries per selected arm but no animal ID, laterality, pooling, or bilateral-eye mapping; normoxia is not documented as PBS-injected	DEPOSITED_RETINAL_BIOLOGICAL_SAMPLES_WITH_UNRESOLVED_ANIMAL_MAPPING	RETAIN_PRIMARY_DEPOSITED_SAMPLE_SYNTHESIS	official GEO family SOFT and series/sample protocol; Injectable Multifunctional Hydrogel with Sustained Release of procyanidin C1 for Selective Senolysis to Remodel Ocular Fundus Neovascularization; no linked PubMed ID in GEO	1.5079906352126
GSE301407	Injectable Multifunctional Hydrogel with Sustained Release of procyanidin C1 for Selective Senolysis to Remodel Ocular Fundus Neovascularization; no linked PubMed ID in GEO	GPL34290	whole retina / deposited retinal sample	P17	P17 OIR after PBS intravitreal control injection at P15	P17 normoxic mice	PBS-treated OIR control arm; active hydrogel arm excluded	OIR-3A	OIR	not deposited	not deposited	not reported	none identified	GEO provides three numbered libraries per selected arm but no animal ID, laterality, pooling, or bilateral-eye mapping; normoxia is not documented as PBS-injected	DEPOSITED_RETINAL_BIOLOGICAL_SAMPLES_WITH_UNRESOLVED_ANIMAL_MAPPING	RETAIN_PRIMARY_DEPOSITED_SAMPLE_SYNTHESIS	official GEO family SOFT and series/sample protocol; Injectable Multifunctional Hydrogel with Sustained Release of procyanidin C1 for Selective Senolysis to Remodel Ocular Fundus Neovascularization; no linked PubMed ID in GEO	1.92068243800827
GSE301407	Injectable Multifunctional Hydrogel with Sustained Release of procyanidin C1 for Selective Senolysis to Remodel Ocular Fundus Neovascularization; no linked PubMed ID in GEO	GPL34290	whole retina / deposited retinal sample	P17	P17 OIR after PBS intravitreal control injection at P15	P17 normoxic mice	PBS-treated OIR control arm; active hydrogel arm excluded	WT-1A	normoxia	not deposited	not deposited	not reported	none identified	GEO provides three numbered libraries per selected arm but no animal ID, laterality, pooling, or bilateral-eye mapping; normoxia is not documented as PBS-injected	DEPOSITED_RETINAL_BIOLOGICAL_SAMPLES_WITH_UNRESOLVED_ANIMAL_MAPPING	RETAIN_PRIMARY_DEPOSITED_SAMPLE_SYNTHESIS	official GEO family SOFT and series/sample protocol; Injectable Multifunctional Hydrogel with Sustained Release of procyanidin C1 for Selective Senolysis to Remodel Ocular Fundus Neovascularization; no linked PubMed ID in GEO	0.314468495662544
GSE301407	Injectable Multifunctional Hydrogel with Sustained Release of procyanidin C1 for Selective Senolysis to Remodel Ocular Fundus Neovascularization; no linked PubMed ID in GEO	GPL34290	whole retina / deposited retinal sample	P17	P17 OIR after PBS intravitreal control injection at P15	P17 normoxic mice	PBS-treated OIR control arm; active hydrogel arm excluded	WT-2A	normoxia	not deposited	not deposited	not reported	none identified	GEO provides three numbered libraries per selected arm but no animal ID, laterality, pooling, or bilateral-eye mapping; normoxia is not documented as PBS-injected	DEPOSITED_RETINAL_BIOLOGICAL_SAMPLES_WITH_UNRESOLVED_ANIMAL_MAPPING	RETAIN_PRIMARY_DEPOSITED_SAMPLE_SYNTHESIS	official GEO family SOFT and series/sample protocol; Injectable Multifunctional Hydrogel with Sustained Release of procyanidin C1 for Selective Senolysis to Remodel Ocular Fundus Neovascularization; no linked PubMed ID in GEO	0.848172500109272
GSE301407	Injectable Multifunctional Hydrogel with Sustained Release of procyanidin C1 for Selective Senolysis to Remodel Ocular Fundus Neovascularization; no linked PubMed ID in GEO	GPL34290	whole retina / deposited retinal sample	P17	P17 OIR after PBS intravitreal control injection at P15	P17 normoxic mice	PBS-treated OIR control arm; active hydrogel arm excluded	WT-3A	normoxia	not deposited	not deposited	not reported	none identified	GEO provides three numbered libraries per selected arm but no animal ID, laterality, pooling, or bilateral-eye mapping; normoxia is not documented as PBS-injected	DEPOSITED_RETINAL_BIOLOGICAL_SAMPLES_WITH_UNRESOLVED_ANIMAL_MAPPING	RETAIN_PRIMARY_DEPOSITED_SAMPLE_SYNTHESIS	official GEO family SOFT and series/sample protocol; Injectable Multifunctional Hydrogel with Sustained Release of procyanidin C1 for Selective Senolysis to Remodel Ocular Fundus Neovascularization; no linked PubMed ID in GEO	1.11876653967527
GSE315511	Oohashi et al. Attenuation of oxygen-induced neovascularization and inflammation by neutralizing antibody to VEGFA and/or ANG-2; PMID 41944819	GPL24247	whole retina / deposited retinal sample	P17	75% oxygen P7-P12; P17 collection; control IgG at P14	P17 normoxia	control-IgG OIR arm; active antibody arms and P19 excluded	R5	OIR_IgG	independent retinal samples stated; exact animal IDs not deposited	not deposited	one whole retina per RNA sample	none identified	GEO extraction protocol explicitly states one whole retina per RNA extraction and four independent samples per condition	INDEPENDENT_RETINAL_UNITS_CONFIRMED	RETAIN_PRIMARY_AND_STRICT_SENSITIVITY	official GEO family SOFT and series/sample protocol; Oohashi et al. Attenuation of oxygen-induced neovascularization and inflammation by neutralizing antibody to VEGFA and/or ANG-2; PMID 41944819	-0.163587557793186
GSE315511	Oohashi et al. Attenuation of oxygen-induced neovascularization and inflammation by neutralizing antibody to VEGFA and/or ANG-2; PMID 41944819	GPL24247	whole retina / deposited retinal sample	P17	75% oxygen P7-P12; P17 collection; control IgG at P14	P17 normoxia	control-IgG OIR arm; active antibody arms and P19 excluded	R6	OIR_IgG	independent retinal samples stated; exact animal IDs not deposited	not deposited	one whole retina per RNA sample	none identified	GEO extraction protocol explicitly states one whole retina per RNA extraction and four independent samples per condition	INDEPENDENT_RETINAL_UNITS_CONFIRMED	RETAIN_PRIMARY_AND_STRICT_SENSITIVITY	official GEO family SOFT and series/sample protocol; Oohashi et al. Attenuation of oxygen-induced neovascularization and inflammation by neutralizing antibody to VEGFA and/or ANG-2; PMID 41944819	-3.26304474908057
GSE315511	Oohashi et al. Attenuation of oxygen-induced neovascularization and inflammation by neutralizing antibody to VEGFA and/or ANG-2; PMID 41944819	GPL24247	whole retina / deposited retinal sample	P17	75% oxygen P7-P12; P17 collection; control IgG at P14	P17 normoxia	control-IgG OIR arm; active antibody arms and P19 excluded	R7	OIR_IgG	independent retinal samples stated; exact animal IDs not deposited	not deposited	one whole retina per RNA sample	none identified	GEO extraction protocol explicitly states one whole retina per RNA extraction and four independent samples per condition	INDEPENDENT_RETINAL_UNITS_CONFIRMED	RETAIN_PRIMARY_AND_STRICT_SENSITIVITY	official GEO family SOFT and series/sample protocol; Oohashi et al. Attenuation of oxygen-induced neovascularization and inflammation by neutralizing antibody to VEGFA and/or ANG-2; PMID 41944819	0.326028337005995
GSE315511	Oohashi et al. Attenuation of oxygen-induced neovascularization and inflammation by neutralizing antibody to VEGFA and/or ANG-2; PMID 41944819	GPL24247	whole retina / deposited retinal sample	P17	75% oxygen P7-P12; P17 collection; control IgG at P14	P17 normoxia	control-IgG OIR arm; active antibody arms and P19 excluded	R8	OIR_IgG	independent retinal samples stated; exact animal IDs not deposited	not deposited	one whole retina per RNA sample	none identified	GEO extraction protocol explicitly states one whole retina per RNA extraction and four independent samples per condition	INDEPENDENT_RETINAL_UNITS_CONFIRMED	RETAIN_PRIMARY_AND_STRICT_SENSITIVITY	official GEO family SOFT and series/sample protocol; Oohashi et al. Attenuation of oxygen-induced neovascularization and inflammation by neutralizing antibody to VEGFA and/or ANG-2; PMID 41944819	-0.526680238745483
GSE315511	Oohashi et al. Attenuation of oxygen-induced neovascularization and inflammation by neutralizing antibody to VEGFA and/or ANG-2; PMID 41944819	GPL24247	whole retina / deposited retinal sample	P17	75% oxygen P7-P12; P17 collection; control IgG at P14	P17 normoxia	control-IgG OIR arm; active antibody arms and P19 excluded	R1	normoxia	independent retinal samples stated; exact animal IDs not deposited	not deposited	one whole retina per RNA sample	none identified	GEO extraction protocol explicitly states one whole retina per RNA extraction and four independent samples per condition	INDEPENDENT_RETINAL_UNITS_CONFIRMED	RETAIN_PRIMARY_AND_STRICT_SENSITIVITY	official GEO family SOFT and series/sample protocol; Oohashi et al. Attenuation of oxygen-induced neovascularization and inflammation by neutralizing antibody to VEGFA and/or ANG-2; PMID 41944819	-2.55859662009593
GSE315511	Oohashi et al. Attenuation of oxygen-induced neovascularization and inflammation by neutralizing antibody to VEGFA and/or ANG-2; PMID 41944819	GPL24247	whole retina / deposited retinal sample	P17	75% oxygen P7-P12; P17 collection; control IgG at P14	P17 normoxia	control-IgG OIR arm; active antibody arms and P19 excluded	R2	normoxia	independent retinal samples stated; exact animal IDs not deposited	not deposited	one whole retina per RNA sample	none identified	GEO extraction protocol explicitly states one whole retina per RNA extraction and four independent samples per condition	INDEPENDENT_RETINAL_UNITS_CONFIRMED	RETAIN_PRIMARY_AND_STRICT_SENSITIVITY	official GEO family SOFT and series/sample protocol; Oohashi et al. Attenuation of oxygen-induced neovascularization and inflammation by neutralizing antibody to VEGFA and/or ANG-2; PMID 41944819	-0.196484651182651
GSE315511	Oohashi et al. Attenuation of oxygen-induced neovascularization and inflammation by neutralizing antibody to VEGFA and/or ANG-2; PMID 41944819	GPL24247	whole retina / deposited retinal sample	P17	75% oxygen P7-P12; P17 collection; control IgG at P14	P17 normoxia	control-IgG OIR arm; active antibody arms and P19 excluded	R3	normoxia	independent retinal samples stated; exact animal IDs not deposited	not deposited	one whole retina per RNA sample	none identified	GEO extraction protocol explicitly states one whole retina per RNA extraction and four independent samples per condition	INDEPENDENT_RETINAL_UNITS_CONFIRMED	RETAIN_PRIMARY_AND_STRICT_SENSITIVITY	official GEO family SOFT and series/sample protocol; Oohashi et al. Attenuation of oxygen-induced neovascularization and inflammation by neutralizing antibody to VEGFA and/or ANG-2; PMID 41944819	0.928014475962796
GSE315511	Oohashi et al. Attenuation of oxygen-induced neovascularization and inflammation by neutralizing antibody to VEGFA and/or ANG-2; PMID 41944819	GPL24247	whole retina / deposited retinal sample	P17	75% oxygen P7-P12; P17 collection; control IgG at P14	P17 normoxia	control-IgG OIR arm; active antibody arms and P19 excluded	R4	normoxia	independent retinal samples stated; exact animal IDs not deposited	not deposited	one whole retina per RNA sample	none identified	GEO extraction protocol explicitly states one whole retina per RNA extraction and four independent samples per condition	INDEPENDENT_RETINAL_UNITS_CONFIRMED	RETAIN_PRIMARY_AND_STRICT_SENSITIVITY	official GEO family SOFT and series/sample protocol; Oohashi et al. Attenuation of oxygen-induced neovascularization and inflammation by neutralizing antibody to VEGFA and/or ANG-2; PMID 41944819	0.0437493548698497
PRJNA1227125	official NCBI BioProject/SRA record	RNA-seq quantified with Salmon 1.10.3	retina / deposited RNA-seq library	P17	P17 PBS-treated OIR control arm	P17 normoxia/normal retina	PBS-treated OIR control context	SRR32498838	Normoxia	not deposited	not deposited	not completely recoverable	none identified	distinct SRA libraries and biological replicate labels; no technical duplication identified	DEPOSITED_RETINAL_BIOLOGICAL_LIBRARY_WITH_UNRESOLVED_ANIMAL_MAPPING	RETAIN_PRIMARY_DEPOSITED_SAMPLE_SYNTHESIS	official NCBI BioProject, BioSample, SRA experiment and run records	1.57490824579576
PRJNA1227125	official NCBI BioProject/SRA record	RNA-seq quantified with Salmon 1.10.3	retina / deposited RNA-seq library	P17	P17 PBS-treated OIR control arm	P17 normoxia/normal retina	PBS-treated OIR control context	SRR32498839	Normoxia	not deposited	not deposited	not completely recoverable	none identified	distinct SRA libraries and biological replicate labels; no technical duplication identified	DEPOSITED_RETINAL_BIOLOGICAL_LIBRARY_WITH_UNRESOLVED_ANIMAL_MAPPING	RETAIN_PRIMARY_DEPOSITED_SAMPLE_SYNTHESIS	official NCBI BioProject, BioSample, SRA experiment and run records	1.01947366310514
PRJNA1227125	official NCBI BioProject/SRA record	RNA-seq quantified with Salmon 1.10.3	retina / deposited RNA-seq library	P17	P17 PBS-treated OIR control arm	P17 normoxia/normal retina	PBS-treated OIR control context	SRR32498840	Normoxia	not deposited	not deposited	not completely recoverable	none identified	distinct SRA libraries and biological replicate labels; no technical duplication identified	DEPOSITED_RETINAL_BIOLOGICAL_LIBRARY_WITH_UNRESOLVED_ANIMAL_MAPPING	RETAIN_PRIMARY_DEPOSITED_SAMPLE_SYNTHESIS	official NCBI BioProject, BioSample, SRA experiment and run records	1.12352977335876
PRJNA1227125	official NCBI BioProject/SRA record	RNA-seq quantified with Salmon 1.10.3	retina / deposited RNA-seq library	P17	P17 PBS-treated OIR control arm	P17 normoxia/normal retina	PBS-treated OIR control context	SRR32498841	OIR	not deposited	not deposited	not completely recoverable	none identified	distinct SRA libraries and biological replicate labels; no technical duplication identified	DEPOSITED_RETINAL_BIOLOGICAL_LIBRARY_WITH_UNRESOLVED_ANIMAL_MAPPING	RETAIN_PRIMARY_DEPOSITED_SAMPLE_SYNTHESIS	official NCBI BioProject, BioSample, SRA experiment and run records	2.45300899833435
PRJNA1227125	official NCBI BioProject/SRA record	RNA-seq quantified with Salmon 1.10.3	retina / deposited RNA-seq library	P17	P17 PBS-treated OIR control arm	P17 normoxia/normal retina	PBS-treated OIR control context	SRR32498842	OIR	not deposited	not deposited	not completely recoverable	none identified	distinct SRA libraries and biological replicate labels; no technical duplication identified	DEPOSITED_RETINAL_BIOLOGICAL_LIBRARY_WITH_UNRESOLVED_ANIMAL_MAPPING	RETAIN_PRIMARY_DEPOSITED_SAMPLE_SYNTHESIS	official NCBI BioProject, BioSample, SRA experiment and run records	1.68382395595488
PRJNA1227125	official NCBI BioProject/SRA record	RNA-seq quantified with Salmon 1.10.3	retina / deposited RNA-seq library	P17	P17 PBS-treated OIR control arm	P17 normoxia/normal retina	PBS-treated OIR control context	SRR32498843	OIR	not deposited	not deposited	not completely recoverable	none identified	distinct SRA libraries and biological replicate labels; no technical duplication identified	DEPOSITED_RETINAL_BIOLOGICAL_LIBRARY_WITH_UNRESOLVED_ANIMAL_MAPPING	RETAIN_PRIMARY_DEPOSITED_SAMPLE_SYNTHESIS	official NCBI BioProject, BioSample, SRA experiment and run records	2.04978182483288
PRJNA1347474	official NCBI BioProject/SRA record	RNA-seq quantified with Salmon 1.10.3	retina / deposited RNA-seq library	P17	P17 OIR	P17 normoxia/normal retina	untreated OIR	SRR35839329	Normoxia	not deposited	not deposited	not completely recoverable	none identified	distinct SRA libraries and biological replicate labels; no technical duplication identified	DEPOSITED_RETINAL_BIOLOGICAL_LIBRARY_WITH_UNRESOLVED_ANIMAL_MAPPING	RETAIN_PRIMARY_DEPOSITED_SAMPLE_SYNTHESIS	official NCBI BioProject, BioSample, SRA experiment and run records	-4.04299337560154
PRJNA1347474	official NCBI BioProject/SRA record	RNA-seq quantified with Salmon 1.10.3	retina / deposited RNA-seq library	P17	P17 OIR	P17 normoxia/normal retina	untreated OIR	SRR35839330	Normoxia	not deposited	not deposited	not completely recoverable	none identified	distinct SRA libraries and biological replicate labels; no technical duplication identified	DEPOSITED_RETINAL_BIOLOGICAL_LIBRARY_WITH_UNRESOLVED_ANIMAL_MAPPING	RETAIN_PRIMARY_DEPOSITED_SAMPLE_SYNTHESIS	official NCBI BioProject, BioSample, SRA experiment and run records	-0.241967880919248
PRJNA1347474	official NCBI BioProject/SRA record	RNA-seq quantified with Salmon 1.10.3	retina / deposited RNA-seq library	P17	P17 OIR	P17 normoxia/normal retina	untreated OIR	SRR35839333	OIR	not deposited	not deposited	not completely recoverable	none identified	distinct SRA libraries and biological replicate labels; no technical duplication identified	DEPOSITED_RETINAL_BIOLOGICAL_LIBRARY_WITH_UNRESOLVED_ANIMAL_MAPPING	RETAIN_PRIMARY_DEPOSITED_SAMPLE_SYNTHESIS	official NCBI BioProject, BioSample, SRA experiment and run records	0.897473328641246
PRJNA1347474	official NCBI BioProject/SRA record	RNA-seq quantified with Salmon 1.10.3	retina / deposited RNA-seq library	P17	P17 OIR	P17 normoxia/normal retina	untreated OIR	SRR35839334	OIR	not deposited	not deposited	not completely recoverable	none identified	distinct SRA libraries and biological replicate labels; no technical duplication identified	DEPOSITED_RETINAL_BIOLOGICAL_LIBRARY_WITH_UNRESOLVED_ANIMAL_MAPPING	RETAIN_PRIMARY_DEPOSITED_SAMPLE_SYNTHESIS	official NCBI BioProject, BioSample, SRA experiment and run records	1.01310303320939
